compyear,cash and cash equivalents,current assets,total assets,current liabilities,total liabilities,common shares,share capital,total capital,retained earnings,total shareholder's equity,net operating income,cogs,operating income,operating expense,working capital,r&d expense,expected credit impairment (loss) profit - operating expense,operating profit,finance costs,net income before tax,net income before interest and tax,cash flow from operations,cash flow from investing activities,cash flow from financing activities,long-term and short-term borrowings,net liabilities,Tobins Q,financial leverage,operating leverage,interest coverage ratio,roa - comprehensive income,roe - comprehensive income,cash flow adequacy ratio,cash reinvestment ratio,current ratio,quick ratio,interest expense ratio,interest expense ratio (B),total liabilities/total net worth,debt ratio,net worth/assets,long-term funding ratio (A),debt dependency ratio,contingent liabilities to net worth,operating profit/paid-in capital ratio,pre-tax net profit/paid-in capital ratio,retention ratio,dividend payout ratio,tcri,cluster
11032023,0.832644772,0.991969984,1.415400252,0.484308695,1.14169885,1.481326586,1.47992227,0.204355512,1.133969248,1.697322499,-0.103311234,-0.17820603,-0.194566394,0.128746999,0.462708802,-1.598313375,0.053193302,-0.121641617,1.264311976,-0.055974425,-0.03454388,-0.09989922,-0.292893499,-0.075884655,1.132856043,-0.065125816,-0.669351206,-0.030427954,-0.0805892,-0.010367476,-0.218939143,-0.245594334,-0.156216315,-0.253075676,0.71781801,0.985084132,0.029659868,1.759606559,-0.218290948,-0.273920329,0.3072316,0.694121472,0.214424935,4.818908916,-0.440534805,-0.400734713,-1.618828593,0.736510399,6,1
11032024,0.920114013,0.94081609,1.388863826,0.404126712,1.116997452,1.481326586,1.47992227,0.227166883,1.125366351,1.66602234,-0.086403328,-0.177160213,-0.182010296,0.240150059,0.430637545,-1.598313375,-0.012854757,-0.123289382,1.298322947,0.00730817,0.029397077,-0.014216831,0.541230977,-0.390830206,1.07061267,-0.093867953,-0.846962964,-0.006336945,-0.008818553,-0.010206946,-0.547645301,-0.505951328,-0.146236753,-0.18671929,0.783517675,1.026196478,0.002222074,1.769456383,-0.221139359,-0.277627416,0.310891788,0.7384107,0.161122487,-0.210824248,-0.441959359,-0.295602925,-1.203494217,0.175696045,6,1
11042023,0.558010969,0.663845253,1.23696938,0.62493563,0.562195279,1.368446805,1.367735895,-0.267463297,1.631845692,1.706879136,0.586138496,0.358869932,0.015692656,0.212340869,0.017695301,0.362477709,-0.763805034,0.123152748,0.559464742,0.436739166,0.423189708,0.142875523,0.47103018,-0.52652993,0.428327489,-0.248010288,-0.323177603,-0.00515385,-0.011979639,-0.006390328,0.543019789,0.214550509,0.033836469,-0.055681351,-0.190856077,0.332869851,-0.022436038,0.147030351,-1.176060309,-1.307970848,1.29046418,-0.019533795,-0.660722433,-0.210824248,-0.026171725,0.492116723,-0.100469967,0.026950996,5,1
11042024,0.636685022,0.701496545,1.271867846,0.577610509,0.52213085,1.382710551,1.381918743,-0.267998388,1.651030822,1.769416767,0.600066089,0.369409213,0.025520092,0.171262802,0.07960317,0.358394211,-0.160770491,0.139015014,0.431863707,0.287898723,0.273150478,0.191533745,0.060824401,-0.43411963,0.390182628,-0.326140817,-0.504925454,-0.006336945,-0.008818553,-0.006716091,0.905697193,0.425437387,0.051368706,-0.03533465,-0.007492591,0.44972546,-0.022253384,-0.091035337,-1.310067888,-1.42664218,1.397829685,0.04458556,-0.741489263,-0.210824248,-0.003744207,0.221816408,-0.70058636,0.06919877,5,1
11082023,-0.662979279,0.556906345,0.460881328,0.483500929,0.487900272,0.968953802,0.96977324,-0.360313308,-0.070627911,0.428222823,0.282065663,0.1016462,-0.101127978,-0.415126392,0.007794999,-1.598313375,-0.210139592,0.05354185,0.571604047,0.062727938,0.052406764,0.018818846,0.063867883,-0.149222843,0.527366355,0.054080077,0.068625784,-0.00357661,0.011423956,-0.009231141,0.192898095,0.213216844,-0.046868082,-0.050216611,-0.075929592,-0.784917668,-0.018593009,0.783986641,0.242627668,0.281633078,-0.251302778,-0.542722263,0.444883641,-0.210824248,-0.010249578,-0.011739941,-0.651444377,0.065362491,6,1
11082024,-0.237777275,0.562512422,0.496603898,0.638644022,0.531040854,0.968953802,0.96977324,-0.360313308,-0.05611839,0.447884879,0.249999634,0.061622025,-0.093122838,-0.365442385,-0.07420398,-1.598313375,-0.000237459,0.058746327,0.504239697,0.052040355,0.040353859,0.054912442,-0.01531719,-0.05644122,0.575101318,0.059211051,-0.078388004,-0.006336945,-0.008818553,-0.009175241,0.20659959,0.235254093,-0.047699651,0.043243389,-0.432248649,-0.934869734,-0.018937335,0.783986641,0.292285977,0.341048652,-0.312199315,-0.742619636,0.5087463,-0.210824248,0.005644235,-0.043088777,-0.223076822,0.03499446,6,1
11102024,-0.157327871,-0.00724022,0.651206807,0.145906033,0.207839294,1.247574555,1.247473714,-0.232056077,0.130270243,0.978782589,-0.112322826,-0.218233558,-0.165962268,-0.749797598,-0.160095401,-1.598313375,0.028561309,-0.000312732,0.297662456,0.017181861,0.002214624,-0.022297015,0.045823902,0.036594022,0.278997254,-0.023790032,0.309566028,-0.006336945,-0.008818553,-0.009062757,0.217823857,0.018215974,-0.11517723,-0.032978496,-0.373766303,-0.328017432,-0.019635376,0.624447436,-0.87490056,-1.014299186,1.019462401,0.867834004,-0.376710631,-0.210824248,-0.237044107,-0.225505144,0.16745733,0.009964771,6,1
12012023,0.678274821,0.658052597,0.914375345,1.001338621,0.977130483,1.152444751,1.15273213,-0.324074825,0.120914866,0.744933258,1.346704058,1.109324315,0.747080771,1.986428508,-0.302241743,0.8532434,1.03650769,-0.003256086,1.144454069,0.006494917,0.018571666,0.152201359,-0.047250317,-0.074506153,0.808299321,0.097061427,-0.210527625,0.034605005,0.037635386,-0.010150145,-0.284917599,-0.252143914,0.034767741,0.306847344,-1.161109112,-0.52423639,0.001465265,0.211928293,0.703757729,0.814937877,-0.805965657,-1.168046738,0.619413902,-0.210824248,-0.22530426,-0.226777629,0.136412074,0.01189937,6,1
12012024,0.507596013,0.613449629,0.897468372,0.901435472,0.926417774,1.152444751,1.15273213,-0.320377083,0.158713969,0.795801006,1.416170378,1.190976394,0.85151286,2.032058108,-0.234054961,0.881038496,-0.218608772,0.048383748,1.002040776,0.054941854,0.058978522,0.151557081,-0.018298822,-0.387100472,0.710012211,0.074170012,-0.412044331,-0.006336945,-0.008818553,-0.009882856,-0.024688056,0.069451364,0.061141052,0.268411757,-0.994747297,-0.509947578,-0.010444845,-0.091035337,0.547902465,0.639791289,-0.621788724,-1.113887714,0.414345729,-0.210824248,-0.096503003,-0.108970506,-0.089771466,0.026258401,6,1
12032023,0.674583431,0.336512631,0.472111597,0.105283479,0.24613125,0.48454571,0.485520045,-0.316698068,0.226273498,0.679523365,0.444052112,0.14734288,0.072492801,0.687135056,0.006628983,-0.312655445,0.063556221,0.100332156,0.130895465,0.114528596,0.097013091,0.111063731,0.023068746,-0.179578634,0.059374582,-0.170420842,0.945133784,-0.006731341,-0.016956621,-0.006797152,0.488036584,0.295688647,0.021894923,0.306009786,0.351216747,0.192185727,-0.021988653,-0.388577666,-0.462369962,-0.561366389,0.588322916,-0.354019747,-0.493609069,-0.210824248,0.474203763,0.491232875,-0.23125687,0.035538662,5,1
12032024,0.725015621,0.359184355,0.485004732,0.056262046,0.189760993,0.48454571,0.485520045,-0.312435807,0.270502776,0.735203265,0.430976515,0.094627834,0.1175367,0.717404496,0.032870607,-0.292996171,0.080239693,0.142324639,0.133681373,0.168051183,0.150228245,0.039900642,0.084167593,-0.208912885,0.017890771,-0.184216934,0.225901753,-0.006336945,-0.008818553,-0.005912295,0.832569203,0.537616339,0.041981753,-0.078211007,0.491911328,0.291287958,-0.022334056,-0.388577666,-0.618239649,-0.738454751,0.758672788,-0.133172182,-0.588169502,-0.210824248,0.685710694,0.738341626,0.097981073,0.014305056,5,1
12172023,-0.100170059,-0.11437607,0.725701314,0.337233157,0.661621176,1.134089477,1.134442741,-0.192745804,-0.055945114,0.776679523,0.254725157,-0.009151313,-0.006920547,0.879728829,-0.26409431,0.215550513,0.075869434,-0.041477029,1.018572691,-0.018428219,-0.012611738,-0.011018583,0.054497383,-0.094371931,0.753462245,0.121709135,-0.381988084,-1.354215478,-0.008008787,-0.010187885,-0.188458146,-0.197988777,0.04439207,-0.079757965,-1.09704449,-0.590980787,0.001303047,1.291320109,0.109496611,0.121308925,-0.088097613,0.488765956,0.501036583,-0.210824248,-0.319878745,-0.285356299,-0.072400442,0.025136739,7,1
12172024,0.050612211,-0.05917551,0.770183318,0.429460987,0.669261164,1.134089477,1.134442741,-0.192745804,-0.030978987,0.860041113,0.284934563,0.019133144,-8.01E-05,0.89407807,-0.290234693,0.28284312,0.032259097,-0.038367649,1.014269014,0.002495467,0.007770409,0.01315274,0.068841284,-0.118348496,0.745713674,0.109325675,-0.569201668,-0.006336945,-0.008818553,-0.010100909,0.345859885,0.311883742,0.0666612,0.047253448,-1.233761808,-0.591784777,-0.004745329,1.291320109,0.019485477,0.012282564,0.021956566,0.520117685,0.412473352,-0.210824248,-0.31166116,-0.232129659,-0.292387465,0.039639194,7,1
12192023,0.173358038,0.53138639,0.477798367,0.5664574,0.570462802,0.793923942,0.794999702,-0.341797573,-0.048814355,0.342756957,1.134704481,1.056460898,0.007132216,0.781481689,-0.054939284,0.212263426,0.095298031,0.003839496,0.74938954,0.008204295,0.003093581,0.000299064,0.033108847,-0.137253241,0.673595353,0.084471178,0.268268366,0.003911982,0.073438564,-0.009881831,-0.024688056,0.046041642,-0.118401627,0.055284494,-0.321564721,-0.406146922,-0.012436744,-0.124569846,0.49081359,0.574357333,-0.55349127,-0.747425755,0.780170293,-0.210824248,-0.116023159,-0.121456232,0.043232218,0.017754453,6,1
12192024,0.164028505,0.483404987,0.463771107,0.463281998,0.548124822,0.820592216,0.821644129,-0.341797573,-0.060228184,0.345722683,1.036163978,0.935151037,-0.018262509,0.85007611,-0.03547112,0.222528106,-0.003556087,-0.044847662,0.786579361,-0.043970089,-0.04718694,0.022366501,-0.002543501,-0.070733146,0.667964175,0.082442135,0.020943367,-0.006336945,-0.008818553,-0.01022841,-0.272284068,-0.253926554,-0.072439774,0.150238842,-0.173234869,-0.278841843,0.007073782,0.019338531,0.448247478,0.524672087,-0.50181523,-0.724088287,0.76719252,-0.210824248,-0.302451131,-0.317359289,-1.019304177,0.09861442,6,1
12252023,0.254511195,0.400358112,0.354076647,0.451134377,0.473345591,0.439783754,0.440688125,-0.267792382,-0.05174906,0.204111431,1.047386458,0.966490956,-0.061832674,0.313236707,-0.0836333,0.167678963,0.028685572,0.024553908,0.709439952,0.028535289,0.022031659,0.070900783,0.089667176,-0.304300608,0.639274731,0.069205416,1.406296142,-2.87E-05,0.0066114,-0.009707738,0.132100402,0.258028665,-0.107258355,0.538445891,-0.309805561,-0.225140226,-0.015160581,-0.124569846,0.494059249,0.577939552,-0.557223133,-0.708851544,0.855223183,-0.210824248,0.110479792,0.106962965,-0.896083239,0.085861516,6,1
12292023,1.435431876,1.322422882,1.963580061,1.496992217,1.3316981,1.908818603,1.903586986,0.153016389,1.769900734,2.568339971,0.996613721,0.800049068,0.179985693,0.900600294,-0.078892506,0.268788143,-0.204993209,0.159445676,1.269952249,0.879344841,0.889305573,0.407829271,-0.143489929,-0.165863178,1.282277796,0.25244888,0.878490274,0.000759539,0.027984686,-0.0081517,1.900507723,1.163890709,0.042557097,-0.029834322,-0.859633643,-0.536460096,-0.021593567,0.840584195,-0.989338913,-1.130203292,1.127280388,1.158293432,-0.326284181,4.818912031,-0.200184037,0.331358289,0.158422881,0.010526978,5,1
12292024,1.477486287,1.294032089,2.016202014,1.468177859,1.302322066,1.950528329,1.944811004,0.148755326,1.881356912,2.664915801,0.959667269,0.732713153,0.216105981,0.925756504,-0.082488046,0.409589607,0.030993154,0.191029671,1.31554375,0.903645174,0.916357548,0.478763745,-0.072086245,-0.805743036,1.264764658,0.23879328,0.349831699,-0.006336945,-0.008818553,-0.008250811,1.170309653,0.632835581,0.055616195,-0.00695198,-0.855379672,-0.56732502,-0.021478384,0.95702279,-1.156252796,-1.289909222,1.274010025,1.294577614,-0.41522518,4.818912162,-0.189530362,0.296609282,0.041278058,0.017878083,5,1
12312023,0.188829528,0.480062001,0.668320505,0.550639313,0.73219541,0.511975694,0.512986204,-0.285131642,0.219084804,0.542674705,0.828034958,0.589427017,0.145007683,0.93206538,-0.082597348,0.53952061,0.028561309,0.110797515,0.459722206,0.170134451,0.156761102,0.12895013,-0.242180564,0.337953724,0.710966508,0.089007873,1.502311242,-0.005548199,0.003306047,-0.00795068,0.603351766,0.752782925,-0.058402095,0.527296135,-0.388566994,-0.100205926,-0.021420432,0.13355864,0.524013721,0.612204187,-0.592960778,-0.84292709,0.651337904,-0.210824248,0.503254059,0.718682707,0.46188391,-0.008067609,5,1
12312024,-0.072340158,0.527654475,0.736737719,0.531202146,0.769014631,0.605671561,0.606766562,-0.285131642,0.288390034,0.652768482,0.915263101,0.684717491,0.188595974,0.997347482,-0.038447826,0.563955415,0.028561309,0.136283275,0.579504759,0.207786644,0.196552325,0.054597976,-0.135517249,0.002679798,0.769117044,0.113895026,2.023607888,-0.006336945,-0.008818553,-0.008145893,0.654882275,0.850406355,-0.057612437,0.088358226,-0.244957565,-0.04990427,-0.021254979,0.261066896,0.450305532,0.52723529,-0.504477273,-0.832318115,0.643310607,-0.210824248,0.539450519,0.776055833,0.562281937,-0.014118009,5,1
13052023,0.435307505,0.678388371,0.902884852,0.508034506,0.756991629,1.2594978,1.259342676,-0.339064068,0.287921163,1.03602925,1.002623488,0.8680816,0.03933657,0.836310218,0.095967078,0.364026488,0.028561309,0.023924435,0.672121096,0.023756636,0.016246678,0.070874936,-0.289709412,0.358837914,0.718460928,8.51E-05,0.160262474,-0.000422867,0.037361687,-0.009692921,-0.161316784,-0.190066574,-0.043127011,0.0673578,0.1030322,0.126312762,-0.015433918,-0.074614845,-0.04917823,-0.070470912,0.104984207,-0.882162908,0.215732416,-0.210824248,-0.186314003,-0.214336395,-0.162466881,0.030992751,5,1
13052024,0.611432494,0.648607365,0.916316864,0.75085674,0.851517746,1.2594978,1.259342676,-0.337247208,0.176318868,0.956061299,0.843830734,0.781728116,-0.223415067,0.720344744,-0.079927408,0.232598254,0.028561309,-0.388004361,0.827700346,-0.553148141,-0.553263084,0.037078511,-0.178631113,0.370107634,0.841903415,0.061355144,-0.602076308,-0.006336945,-0.008818553,-0.012120825,-0.781790095,-0.710418607,-0.063945558,-0.021960924,-0.526202032,-0.298659419,-0.026838832,0.341649623,0.213427076,0.246437228,-0.215335046,-1.058025209,0.473908717,-0.210824248,-0.817456713,-1.025111649,-0.233827799,-0.169223807,5,1
13092023,0.886947597,0.496755688,0.369653248,0.126649129,-0.012488227,0.953736895,0.954588114,-0.354698709,0.133617031,0.664729419,1.081130187,1.053282175,-0.181898826,0.592849196,0.100908162,-0.138650056,-0.128843539,-0.24169655,0.077258433,-0.248254608,-0.270060048,-0.159641651,0.026279609,0.041745683,-0.015931224,-0.226163744,-0.238089116,-0.009098063,-0.045176948,-0.01371368,-0.800108012,-0.635733983,0.286377679,-0.442288357,0.580106892,0.669428058,-0.025464858,-0.943073834,-0.852441229,-0.991121583,0.997773004,0.082840211,-0.593697843,-0.210824248,-0.731389828,-0.744036182,-0.233827799,-0.362267228,5,1
13092024,0.205955766,0.62547396,0.450459187,0.462666352,0.281684775,0.953736895,0.954588114,-0.35464285,0.09117692,0.617673161,1.236264866,1.230480057,-0.101990839,0.850719686,0.07256341,-0.128808511,0.284672074,-0.202158715,0.389567708,-0.194332658,-0.202049382,-0.314158771,-0.206332807,0.325137073,0.300038719,-0.155127658,-0.504925454,-0.006336945,-0.008818553,-0.011411613,-0.651871956,-0.562907524,0.060887155,-0.620180525,0.102672443,0.371520461,-0.028216096,-0.716968254,-0.331016151,-0.408327025,0.439357418,0.034589724,-0.084492491,-0.210824248,-0.652773269,-0.644976763,-0.233827799,-0.310386829,5,1
13102023,-0.083840207,-0.086316681,0.444278548,0.244008816,0.078108932,1.185636912,1.185797802,-0.296490485,-0.104543212,0.731897062,0.732919234,0.708217096,-0.424264273,-0.693612408,-0.218951001,-0.943117579,0.031169295,-0.297935231,0.038784575,-0.372880258,-0.403976383,-0.170865364,0.081634719,0.045337703,0.115658744,-0.057862284,0.115050335,-0.006336945,-0.008818553,-0.017089628,0.316861554,0.095578783,-0.139434819,-0.374568764,-0.783711349,-0.39389521,-0.024567608,-0.770508679,-0.78966683,-0.925099479,0.935760849,-0.436728312,-0.445141692,-0.210824248,-0.728048378,-0.835065778,-0.233827799,-0.108730074,7,1
13102024,-0.231247286,-0.154397329,0.464858927,0.227289544,0.058255127,1.185636912,1.185797802,-0.264076424,-0.122205069,0.771348154,0.866043628,0.849211421,-0.399216803,-0.674336842,-0.234284708,-0.990513996,0.029187946,-0.275489909,0.136256136,-0.319718204,-0.34467187,-0.17129571,0.113397756,0.01087807,0.171232173,-0.043462408,-0.846962964,-0.006336945,-0.008818553,-0.014563411,0.097540589,-0.056687705,-0.193666694,-0.338506433,-0.881748628,-0.325089423,-0.025107115,-0.743504611,-0.866161324,-1.005465264,1.011200676,-0.300357229,-0.390321304,-0.210824248,-0.694403193,-0.760938105,-0.233827799,-0.108730074,7,1
13122023,1.441606691,1.300370299,1.766970473,1.127149719,1.500376286,1.70032747,1.708111836,0.121827142,2.6055294,2.098722077,1.106402201,1.084661704,-0.179575111,1.023390582,0.487181554,0.077240234,-2.082840331,-0.485431388,1.099240503,-1.009321285,-1.005552442,-0.099836908,-0.663225167,1.124603739,1.490352366,0.542872411,-1.12068848,-0.006336945,-0.008818553,-0.012449891,-0.719668672,-0.640513023,-0.080146365,-0.260626921,-0.022994746,-0.344905445,-0.026326273,1.631858104,-0.106073402,-0.139308571,0.173715176,-0.338040925,0.297594839,-0.210824248,-0.671146188,-1.015032983,-0.233827799,-0.108730074,5,1
13122024,1.382913366,1.177332749,1.787797635,1.056747984,1.541809092,1.70032747,1.708111836,0.121753009,2.406565762,2.103447564,1.139594408,1.123629321,-0.168318263,1.295395249,0.321354967,0.11771607,-1.11073663,-0.71459524,1.163482319,-1.178277153,-1.175421947,-0.891665373,0.189735598,0.412143057,1.537623976,0.59593866,-1.475192366,-0.006336945,-0.008818553,-0.012564722,-0.350594346,-0.352992653,-0.118034484,-0.403109947,-0.124358607,-0.194484049,-0.026204332,1.622852508,-0.03856127,-0.05788185,0.092381709,-0.418954781,0.350080819,-0.210824248,-0.828189182,-1.12499876,-0.233827799,-0.108730074,5,1
13132024,1.462166059,1.482450529,1.713767366,1.22290207,1.548785289,1.826426074,1.822164459,0.222329833,0.089943324,1.923123693,2.345938952,3.060721181,-0.330941458,1.399400541,0.824928374,-1.598313375,0.093271936,-1.114752943,1.863508961,-1.543059983,-1.35148072,0.200400439,-0.03860522,0.043347159,1.623198403,0.681081389,-0.960478236,-0.006336945,-0.008818553,-0.011225385,-0.463065921,-0.450597065,-0.080310233,-0.014859369,0.148694868,0.023198015,-0.029476981,0.211928293,0.209523255,0.241775387,-0.210576846,-0.077380936,0.63197137,-0.210824248,-0.973544233,-1.188555665,-0.233827799,-0.108730074,5,1
13142023,1.552907002,2.255315061,2.291003975,1.98870506,2.068289626,2.325688163,2.314545309,0.288658254,4.825359766,2.716569485,1.509039956,1.702104362,-0.700719534,1.212877977,3.319988622,0.959927202,-11.36379709,-1.265418211,2.065403319,-0.373965359,-0.067867818,-1.670068539,-0.088879113,1.530197842,2.196427558,1.943651102,-0.960478236,-0.006336945,-0.008818553,-0.010523813,-0.454660104,-0.440861555,-0.213950907,-0.379777195,0.216868286,-1.261179872,-0.04721969,1.41405541,0.104719245,0.1155828,-0.082298712,0.184952378,0.498946378,-0.210824248,-0.622160832,-0.482777396,-0.233827799,-0.108730074,6,1
13162023,0.015928932,0.959937688,0.642400446,0.946681993,0.692512801,0.637420325,0.638530018,-0.183049095,-0.265560014,0.54484166,-0.901988774,-0.707394561,-0.235577053,-0.262928158,0.092667391,-0.078563187,0.028561309,-0.133447134,0.921111326,-0.144836323,-0.112272336,-0.361289915,0.1044132,0.243342672,0.764081801,0.100133408,-0.70377335,-0.022521335,-0.022164333,-0.010591069,-0.524177738,-0.520712705,-0.211736255,-1.090757919,-0.332183397,-1.496059773,-0.053616808,2.006899278,0.451613318,0.528773101,-0.506074585,0.178009853,0.739496694,-0.210824248,-0.572372315,-0.610571167,-0.233827799,-0.108730074,8,1
13212023,0.008528605,-0.284259345,0.601645149,-0.231163231,0.587497972,0.428989357,0.429874844,-0.33822769,0.273851225,0.603195955,0.256798275,0.142306523,-0.185910939,-0.131019706,-0.156186496,-0.149046088,-0.380622107,-0.06063689,0.14985605,-0.025085911,-0.041652365,-0.072731634,0.060026074,0.124278527,0.666130295,0.076195316,0.289048467,0.071901452,0.187740295,-0.009397563,-0.126876227,-0.121534016,0.072303797,-0.193249636,0.012021987,0.268451559,-0.017994241,0.996452014,0.197267009,0.227266506,-0.195776872,-0.046460238,0.519179642,-0.210824248,-0.347346599,-0.163173777,0.241032844,0.005408635,5,1
13212024,0.021814893,-0.212610822,0.591498296,-0.223004224,0.584868817,0.428989357,0.429874844,-0.335921973,0.287895607,0.584563898,0.223058618,0.117678184,-0.195959247,0.01990769,-0.138884068,-0.030348879,0.023438104,-0.101477522,0.09248959,-0.012747099,-0.029960658,-0.037513836,0.071726609,-0.057808685,0.665033657,0.067830001,0.137805198,-0.006336945,-0.008818553,-0.009008848,-0.436684576,-0.428547042,0.026723264,-0.118116648,0.117824736,0.353733129,-0.017899056,0.972097958,0.215831677,0.249544657,-0.218507469,-0.057592876,0.534637376,-0.210824248,-0.504923833,-0.098965249,0.084804975,0.015132742,5,1
14092023,2.013876341,2.647060072,2.458421189,2.980935654,2.521102027,1.920659277,1.91529197,0.404782845,1.564336911,2.300879128,1.812909276,1.91759174,0.72496092,1.746579416,-0.007110654,1.171295124,0.028561309,0.263995834,2.096967081,0.228516458,0.348817702,-2.165921586,-0.559230435,3.318190325,2.159004696,1.32920494,-2.051988191,-0.764264331,-0.018429978,-0.010182304,-0.220106996,-0.012661921,-0.177146236,-0.631870444,-1.027898587,-1.260219094,0.002158282,1.059919875,1.572216867,1.63887733,-1.701047371,-0.03349635,0.895695207,-0.210824248,-0.119934002,-0.183123532,-1.157484191,0.140259084,5,1
14182023,0.154432607,-1.111790964,-0.202455268,0.355812519,0.218034359,-1.360921124,-1.372358452,-0.348900696,-0.543783139,-0.817881679,-2.919224255,-1.388661827,-0.26313588,-1.560464276,-0.486587742,-1.598313375,0.028561309,-0.094699483,0.680979074,-0.065299098,-0.071338409,-0.110644741,0.082808583,0.188850707,0.467627447,0.018183202,-0.156560177,-0.026868913,-0.029123161,-0.010348237,-0.286063552,-0.201029475,-0.602966526,-0.532043096,-3.658398778,-1.259579097,0.025408961,2.179877086,1.310600089,1.421592786,-1.460066927,-0.568080477,1.586910972,-0.210824248,-0.775245126,-0.239029287,2.062557674,-0.108730074,9,1
14192023,0.652576313,0.366525331,0.935246615,0.591979008,0.548997002,0.701511689,0.702629095,-0.343373572,0.407381548,1.249740465,-0.001467074,-0.209911975,-0.081425303,0.303880983,-0.178154089,0.107058824,0.028309512,0.004346933,0.539209533,0.085359561,0.074161228,-0.0372743,0.293644352,-0.045426298,0.59345731,-0.050834859,0.115050335,-0.000817032,0.009120757,-0.008969517,0.899156799,0.558397025,-0.120429596,-0.287813583,-0.732529027,-0.184971445,-0.019793924,0.977044708,-0.654753262,-0.779202548,0.797553525,1.690220504,-0.136511536,4.817326857,-0.086276773,0.20900498,-0.036782139,0.022847642,6,1
14192024,0.182721633,0.335802754,1.044429185,0.526056403,0.618462386,0.701511689,0.702629095,-0.341968897,0.474368822,1.388861155,0.149690092,-0.095573065,-0.038772878,0.470701593,-0.159149092,0.1284669,0.029255421,0.023622426,0.51705931,0.152402373,0.140258455,-0.069364634,-0.075054474,0.019501691,0.654184706,0.001248885,-0.323177603,-0.006336945,-0.008818553,-0.008338887,1.300435465,0.844018231,-0.127736561,-0.317297416,-0.628883284,-0.198422524,-0.020878788,0.909572077,-0.709814043,-0.839148355,0.854531875,1.781841332,-0.160647252,4.788474561,-0.006875836,0.463126864,0.082831944,0.015256814,6,1
14322023,-0.244305666,-0.958043762,-0.12977827,-0.059180856,0.372280625,-0.676861525,-0.681628986,-0.226417105,-0.314961118,-1.262767558,-0.620269801,-0.684513073,-0.15667482,0.094961142,-0.313244541,-1.598313375,0.028561309,-0.051271088,0.63895391,-0.062373542,-0.069697511,-0.012008905,0.02725874,-0.045292652,0.006473983,-0.053164771,-1.291901897,0.159968615,0.032415126,-0.010318548,-0.316833409,-0.115912857,0.07954943,0.678274022,-1.799733384,-1.010935161,0.015836246,0.8283882,2.151728116,2.024716668,-2.139453981,-0.772150488,0.955002776,-0.210824248,-0.160900317,-0.268148127,2.062557674,-0.108730074,8,1
14322024,-0.020275844,-0.641773544,-0.027577873,0.031573418,0.42084621,-0.432355228,-0.435286413,-0.182650465,-0.334096834,-0.965061143,-0.642626934,-0.6737954,-0.169396151,0.138000148,-0.288822361,-1.598313375,0.028561309,-0.073413493,0.674370167,-0.101453461,-0.092984345,-0.067984873,0.039291005,0.134839706,0.123802969,-0.045882864,-0.884196709,-0.006336945,-0.008818553,-0.010523813,-0.527248867,-0.703626275,-0.023815425,-0.129494925,-1.375025279,-0.909514987,-0.482078246,0.777416095,1.864710668,1.849522176,-1.938571723,-0.707239141,0.945599456,-0.210824248,-0.42804747,-0.616089663,-0.233827799,-0.108730074,8,1
14362023,-0.028316133,1.143595227,0.780261968,1.109138744,0.999400577,-0.561224685,-0.541412602,-0.129096825,0.112499755,0.204761201,-0.487583926,-0.977316412,-0.015446116,-0.420280279,0.198465079,-1.598313375,0.028561309,0.14600366,0.825592334,0.135127107,0.131351173,-0.467898234,0.087696439,0.307838654,1.099839784,0.337670569,0.536865261,-0.003970896,-0.017061508,-0.009285588,0.410407987,1.364918253,-0.192446467,-1.609293192,-0.318459146,-2.54109324,-0.019013332,1.975775403,1.44250847,1.534617825,-1.584935353,2.452274919,1.720425929,-0.210824248,2.149220634,1.842079141,-0.282282627,0.038957132,8,1
14372023,0.078568758,-0.309625671,0.66213183,0.564365031,0.533431867,0.313249441,0.313884175,-0.157691379,0.430783019,0.785087765,-0.889168802,-0.925901842,-0.163263053,-1.386766794,-0.459697249,-1.598313375,0.028561309,0.020957785,0.796185237,0.060757997,0.056652202,-0.022725527,0.0719879,-0.117066426,0.680363191,0.037604461,-0.238089116,0.002335876,-0.015806289,-0.009628197,0.163070523,0.106718944,0.065915936,-0.044742013,-2.25148656,-0.699764593,-0.016489623,1.933094815,-0.117802624,-0.152995991,0.187344968,2.747306578,0.3770571,4.818911137,0.150666143,0.349573063,0.484957756,-0.009461586,7,1
14372024,0.003477246,-0.147703091,0.71067195,-0.21169367,0.553040303,0.313249441,0.313884175,-0.152385012,0.488823159,0.858452667,-0.90211665,-0.909223132,-0.170562327,-1.167114516,-0.122379786,-1.598313375,0.028561309,0.008238116,0.816494733,0.05998922,0.056574084,-0.017271958,0.020432,-0.048338313,0.697356731,0.025726696,-0.266045982,-0.006336945,-0.008818553,-0.009659485,0.411676941,0.309182306,0.052163353,-0.105145831,0.203819853,0.623186105,-0.017186076,1.947801697,-0.174471955,-0.221560361,0.25543791,2.175886333,0.33847847,-0.210824248,0.074455577,0.345304224,0.432905685,-0.006313688,7,1
14382023,-1.950750832,0.662184891,0.528860095,0.6957915,0.869038598,-0.658524017,-0.663143227,-0.021668916,-0.182975665,-0.46990072,-1.489518472,-0.983706121,-0.251924762,-2.316720791,-0.029249026,-1.598313375,0.028561309,-0.062767491,0.824802103,-0.101716636,-0.087815326,-0.48521372,0.09430726,0.274960214,0.880262031,0.221477602,-0.156560177,-0.061363561,-0.002501065,-0.010497091,-0.470395067,-0.553462862,-0.218660467,-1.359454031,-0.362567238,-2.997362659,1.020413489,2.135023537,2.074828629,1.980987321,-2.089003759,2.872624718,2.106221855,-0.210824248,-0.31679357,-0.654299711,-0.233827799,-0.108730074,8,1
14382024,0.672220418,0.803836989,0.655540621,0.723544422,0.923516743,-0.394445391,-0.397119631,0.328401483,-0.20401977,-0.051264832,-0.701012277,-0.525869428,-0.26392196,-2.509854595,0.089709228,-1.598313375,0.028561309,-0.078193933,1.091526216,-0.14310778,-0.093590424,-0.019529517,-0.036049253,0.734225458,0.991553145,0.215670682,0.349831699,-0.006336945,-0.008818553,-0.010538812,-0.523153326,-0.663423899,-0.205390486,0.162533243,-0.136010819,-1.043466656,-0.118693012,2.030840218,1.632830678,1.685454497,-1.753220249,2.717648973,1.819107637,-0.210824248,-0.461719843,-0.899599202,-0.233827799,-0.108730074,8,1
14422023,0.004124095,1.331933624,0.892532609,1.035784136,0.952388237,0.882427808,0.883403608,0.094228824,0.129789907,0.73291385,0.301226902,-0.113065253,0.156862013,-0.143559042,0.666531764,-1.598313375,0.028561309,0.312943709,0.743907631,0.309892986,0.302035931,0.292256911,0.081533872,-0.562045201,0.979958684,0.252630587,0.638744183,-0.005942564,-0.017691956,-0.008146723,0.85604456,1.364186005,-0.176970463,1.577434235,0.23926785,-2.247985385,-0.021444608,1.670158086,0.674546469,0.782936754,-0.772164856,2.411960453,0.91321712,-0.210824248,0.896974913,0.799057666,-0.589302627,0.060649493,7,1
14422024,-0.121968196,1.15808356,0.751567496,0.453811189,0.611928565,0.882427808,0.883403608,0.094228824,0.309087902,0.88152509,0.673831087,0.233878607,0.372851265,0.240848988,0.741444676,-1.598313375,0.028561309,0.506767309,0.714833208,0.50731456,0.496882171,0.628774593,0.028653104,-1.299649681,0.640286995,0.086823864,1.628953935,-0.006336945,-0.008818553,-0.006945564,1.690606387,1.906245299,0.069389804,2.875616509,1.048206466,-1.678274941,-0.022221815,1.005933833,-0.104105052,-0.136677334,0.171093629,1.477538279,0.230159639,-0.210824248,1.538769735,1.391945719,-0.261372678,0.037551184,6,1
14432023,-1.417769209,-1.609226583,0.178335142,0.446137552,0.55184428,-0.148910118,-0.150108526,-0.358627141,-0.309728474,-0.603493475,-0.951407188,-0.860092157,-0.195484511,-1.338702442,-0.576952367,-1.598313375,0.062358919,-0.014658299,0.855839656,-0.043417887,-0.044145546,-0.034782996,-0.023814875,0.080695712,0.724378504,0.141328847,0.605581224,0.015725818,-0.004392586,-0.010247767,0.072940498,0.80787453,-0.091433134,0.229343091,-5.54814981,-2.511463637,0.003796127,1.996376925,1.648429053,1.697337624,-1.766561631,-1.890410267,1.923158776,-0.210824248,0.093317141,-0.153744972,2.062557674,-0.108730074,9,1
14432024,-1.307491389,-1.486490257,0.249042535,0.304948085,0.608115467,-0.148910118,-0.150108526,-0.358627141,-0.220322019,-0.534597605,-0.846993586,-0.815622298,-0.182396457,-1.208382929,-0.495554462,-1.598313375,0.028561309,-0.003488698,0.857384872,-0.017811978,-0.018910126,-0.01454686,-0.037557468,0.127164547,0.76514308,0.157428078,0.588705866,-0.006336945,-0.008818553,-0.010109606,-0.203726313,0.062287656,-0.059493156,0.320260055,-4.532581332,-2.089059261,-0.003503829,1.973672722,1.664992177,1.709712052,-1.780468025,-1.599064803,1.930378585,-0.210824248,0.192616451,0.063478667,2.062557674,-0.108730074,9,1
14442023,0.351601708,0.571048945,0.957407896,0.816284504,0.726489188,1.634102357,1.631557973,-0.283072234,-0.143922681,1.168531529,0.617683272,0.556351364,-0.286420579,0.170210118,-0.194350158,0.13194495,-0.323588302,-0.290137808,0.731876601,-0.254571161,-0.244594415,0.110014782,-0.257649814,0.05235184,0.811441192,0.127773513,-0.238089116,-0.012254621,-0.0805892,-0.011129076,-0.49638894,-0.465986749,-0.043535717,0.195439692,-0.86548506,-0.822583165,-0.030209192,0.648211092,-0.26422944,-0.32906448,0.361584758,-0.526114741,0.23769237,-0.210824248,-0.558739742,-0.554333755,-0.233827799,-0.108730074,6,1
14442024,-0.027672393,0.539553818,1.002990606,0.928841549,0.806076322,1.634102357,1.631557973,-0.272634745,-0.100750369,1.186113257,0.628377343,0.539870099,-0.218706306,0.295290378,-0.330161211,0.227016998,0.052525727,-0.211980635,0.827700346,-0.017670394,-0.019860733,-0.033411185,-0.106163491,0.105450887,0.910763995,0.199391579,-0.442546465,-0.006336945,-0.008818553,-0.010093318,-0.314565955,-0.326060755,-0.078932676,-0.12570938,-1.24557745,-1.17886543,-0.006812696,0.840584195,-0.15184143,-0.194108923,0.228211869,-0.7568042,0.366465532,-0.210824248,-0.498505531,-0.355306417,2.062557674,-0.108730074,6,1
14462023,-0.656734726,0.256155941,-0.173291186,0.438886583,0.198476874,-0.127978721,-0.129066804,-0.35049932,-0.199230641,-0.652684866,-1.1391424,-0.920897739,-0.217751748,-1.36516052,-0.15839145,-1.598313375,0.028561309,-0.038107096,0.154568841,-0.045329197,-0.061730687,0.001838353,0.095459794,-0.16078835,0.455138685,0.040095948,1.190024335,-2.87E-05,-0.01445458,-0.009803575,-0.131640489,0.049286897,-0.189694233,1.979047691,-0.574668887,-2.360458897,-0.013706642,1.965606349,1.071635245,1.19849645,-1.216477103,2.636110836,1.375081562,-0.210824248,-0.120912078,-0.174378423,-0.901799184,0.086397305,8,1
14472023,0.849859099,0.853462705,0.954748893,0.967861753,0.870991787,1.576044037,1.57396111,-0.230864324,-0.18748339,1.017010035,1.601265075,1.781945677,-0.219502408,0.526316378,-0.061431446,0.52055558,-0.00780903,-0.293405883,0.911244423,-0.329911346,-0.30699692,0.048354571,-0.017469137,-0.154471553,0.829181729,0.089752943,-0.70377335,-0.013833312,-0.600524002,-0.011129076,-0.551709019,-0.528043328,0.013232119,0.05367713,-0.617934729,-0.21858086,-0.030338805,-0.367827818,0.170692307,0.195110537,-0.163023248,-0.307673913,0.398590884,-0.210824248,-0.578014083,-0.623835982,-0.233827799,-0.108730074,6,1
14472024,0.720555121,0.857362054,0.939744138,0.967039979,0.857679425,1.576044037,1.57396111,-0.219148269,-0.181130852,1.000437207,1.729658453,1.973478735,-0.191015602,0.494603962,-0.0560723,0.56211142,0.045988419,-0.221774435,0.887784334,-0.057705008,-0.056812286,0.028112456,-0.057756719,-0.103767813,0.802038657,0.091004968,-0.846962964,-0.006336945,-0.008818553,-0.010331557,-0.525201797,-0.505024072,0.028115254,0.009709024,-0.607208712,-0.208071156,0.020350886,-0.520170059,0.168310762,0.19251555,-0.160382886,-0.25297197,0.372471826,-0.210824248,-0.517503091,-0.407453835,2.062557674,-0.108730074,6,1
14492023,-0.895700793,-0.283225479,0.0617864,0.182819048,0.419423305,-0.757320593,-0.758446654,-0.268804854,-0.205890188,-0.54576689,-0.164944278,-0.238088036,-0.188421796,-0.055400954,-0.254919748,0.376991956,0.041802037,-0.07280001,0.876480957,-0.045125787,-0.045016547,-0.047030139,0.079918686,-0.018303569,0.489975513,0.049142854,-0.473503689,-0.006336945,-0.008818553,-0.010262672,-0.217770947,-0.040150218,-0.10214873,0.061719648,-1.033621175,-1.52495838,0.019098147,1.488066846,1.333158996,1.441035716,-1.481474946,0.653362264,1.335726981,-0.210824248,-0.433144955,-0.027026836,2.062557674,-0.108730074,9,1
14492024,-0.919123787,-0.206838206,0.104981974,0.240571708,0.422942764,-0.493346941,-0.496707387,-0.248890264,-0.191479742,-0.398449433,-0.107484084,-0.226345885,-0.155255906,0.083838344,-0.254079493,0.348064978,0.634745587,-0.048362796,0.887468658,-0.038920427,-0.038503877,-0.062717273,0.041272652,0.049679966,0.508529233,0.053910336,-0.238089116,-0.006336945,-0.008818553,-0.010232951,-0.244550526,-0.124029388,-0.09270636,-0.097480667,-1.029684365,-1.281904,0.014589721,1.451895151,1.154882756,1.278692132,-1.303612889,-0.347300238,1.217518857,-0.210824248,-0.154749689,-0.024156458,2.062557674,-0.108730074,9,1
14552023,-1.187881231,0.25852446,0.487339406,0.297498443,0.359781316,1.191262858,1.191401364,-0.156612585,-0.136852102,0.618843171,0.580382518,0.526183318,-0.32032465,-0.160412777,-0.09783352,0.299376247,0.028561309,-0.26115535,0.354974759,-0.225481531,-0.236607728,-0.203808421,-0.031742297,0.403712768,0.465606379,0.01585266,-0.238089116,-0.009887101,-0.051986299,-0.011813884,-0.640973999,-0.562907524,0.041927822,-0.358233788,-0.222982842,-0.209257166,-0.027570128,-0.074614845,-0.204486318,-0.257511004,0.291019046,-0.759899811,0.177581617,-0.210824248,-0.671146188,-0.630123834,-0.233827799,-0.108730074,5,1
14552024,-1.213075494,0.28688107,0.539043989,0.233771996,0.461971011,1.191262858,1.191401364,-0.156521495,-0.13593378,0.619115649,0.724076447,0.65241406,-0.236634816,-0.070670444,-0.060308292,0.200266115,0.028561309,-0.1661532,0.382994395,-0.082786808,-0.091164276,-0.030561039,-0.101240075,0.263951809,0.578520539,0.039989744,-0.381988084,-0.006336945,-0.008818553,-0.010477453,-0.395844254,-0.391378375,-0.063795247,-0.08362135,-0.020423138,-0.133888293,0.052767151,0.160333989,-0.034996713,-0.053162716,0.08765492,-0.573556373,0.360564031,-0.210824248,-0.531301224,-0.442867046,2.062557674,-0.108730074,5,1
14562023,-1.248108926,0.909908246,0.602555252,1.048448659,0.958358683,-0.621299373,-0.625622814,-0.33871083,-0.138729417,-0.645968882,-0.465472394,-0.540745148,-0.158766762,-0.76917828,-0.079346824,-1.598313375,0.026889522,0.011775704,1.617792986,-0.070154261,-0.01507875,-0.427977492,0.06363706,0.414426548,1.126488426,0.382376716,0.091992402,0.399916276,-0.015493626,-0.010411534,-0.39257417,-0.374869385,-0.222362406,-0.958270685,-0.693525621,-3.582774216,0.066328411,2.063016889,2.480308234,2.189892429,-2.332084056,1.912042245,2.913324562,-0.210824248,0.631521612,-0.374204384,-1.508912671,0.558536424,9,1
14572023,-0.574963172,0.272940923,1.008151481,0.342312583,0.98560866,0.706511524,0.707628283,-0.112187888,0.109412201,0.98156771,-0.056379187,-0.107871062,-0.224022538,-0.637474745,-0.107922392,-1.598313375,0.028561309,-0.069699554,1.289758779,0.18675248,0.20565788,-0.021346957,0.18805613,-0.210059923,1.125228512,0.332750015,-0.442546465,-0.000422867,-0.028330963,-0.009758426,0.270364784,0.370857014,-0.113725492,-0.243412135,-0.301926995,0.179102253,-0.014525512,1.809137547,0.416740697,0.487736269,-0.463501699,0.583144759,0.890627406,-0.210824248,-0.392640604,0.586663052,0.037047131,0.018145878,7,1
14572024,-0.809317425,-0.024409978,0.915838826,0.170066124,0.884029893,0.751803852,0.752906422,-0.097012334,0.0772329,0.910231488,-5.83E-05,-0.080189881,-0.202616072,-0.844879439,-0.173586987,-1.598313375,0.028561309,-0.036317571,1.246758684,0.011822101,0.030212882,-0.18135921,1.116190001,-0.667420993,1.037214224,0.264134048,-0.294406113,-0.006336945,-0.008818553,-0.010176734,-0.238745033,-0.224621849,-0.141220575,-0.614018803,-0.467448122,-0.204629321,0.001648839,1.749301394,0.32792103,0.383334098,-0.355674947,0.510648361,0.82453842,-0.210824248,-0.261890596,-0.094094764,-1.230376102,0.200144371,7,1
14602023,0.037538942,0.641337109,0.628087075,0.826615473,0.663677536,1.390972105,1.390132564,-0.271953101,-0.498390937,0.556006492,0.5894993,0.491635661,-0.205752608,0.914987996,-0.145117116,0.827723864,1.391210753,-0.461992294,1.225038635,-0.683888747,-0.636582896,0.17181288,0.062308114,-0.391747869,0.734719436,0.11907356,-0.323177603,-0.013833312,-0.050079642,-0.011400514,-1.240186493,-1.170030123,-0.108934459,0.957825949,-0.733964177,-1.356325224,-0.027703339,1.238639879,0.387420741,0.453321859,-0.427881874,-1.056865159,0.678715341,-0.210824248,-0.828495977,-1.061103142,-0.233827799,-0.108730074,7,1
14602024,0.14378913,0.621010828,0.62363868,0.853813657,0.658897052,1.390972105,1.390132564,-0.271953101,-0.600211954,0.552790406,0.627838367,0.469723363,-0.088869699,0.783417169,-0.1852436,0.730502358,-2.48611813,-0.141666964,0.959115843,-0.150619036,-0.114034632,0.065066684,-0.01777222,-0.113000839,0.714584008,0.105478364,-0.381988084,-0.006336945,-0.008818553,-0.010592518,-0.417464444,-0.41200144,-0.040603515,0.402028526,-0.850668751,-1.155865842,-0.036117537,0.815979039,0.383072251,0.44818174,-0.422568184,-1.110658802,0.647706232,-0.210824248,-0.469787614,-0.50676535,-0.233827799,-0.108730074,7,1
14642023,0.289177435,0.774739241,0.781781044,0.814585115,0.904217757,0.975027066,0.975833304,-0.05778213,-0.112789777,0.508881391,0.754858368,0.562886138,0.016969054,1.069446918,-0.009424947,0.770287036,0.764693636,-0.109362079,1.350009682,-0.033077041,-0.006053802,0.07274596,0.539332267,-0.69066579,0.989375423,0.187386548,-0.130139395,-0.033988851,-149.301172,-0.010319727,-0.348359128,-0.319229119,-0.057309852,0.272580261,-0.411999084,-0.444699087,0.028637489,1.253858294,0.874195628,0.99869643,-1.001378968,-0.692277183,1.167040712,-0.210824248,-0.467479875,-0.301146232,-1.302124189,0.276180124,7,1
14642024,0.593920477,0.894545309,0.836022258,0.985121286,0.949235914,0.975027066,0.975833304,-0.05778213,-0.064460218,0.570608567,0.902418251,0.689664239,0.142224145,1.211320974,-0.029984539,0.810160157,0.263064413,0.049627009,1.292825422,0.068029051,0.088695245,0.036039207,0.237645576,-0.252373502,0.954607282,0.173468641,-0.130139395,-0.006336945,-0.008818553,-0.010051337,0.158108325,0.414495236,-0.030938841,0.166636999,-0.569093302,-0.565288416,-0.005492262,1.064206005,0.876738273,1.001220244,-1.004078727,-0.79368188,1.040132049,-0.210824248,-0.024723054,0.000879813,0.199045576,0.008003908,7,1
14672023,0.849808935,0.286292697,0.310997857,0.436249507,0.545147895,0.457315293,0.458248672,-0.199404802,-0.209544076,-0.066627827,0.203750872,0.038232862,-0.121417816,0.637936033,-0.141592514,0.421638208,-2.663044154,-0.134359382,0.957294102,-0.106157656,-0.084106665,-0.041588886,0.042167332,0.003177035,0.663453637,0.024393746,-0.266045982,-0.023311618,-0.032465337,-0.010489197,-0.767289879,-0.840824621,0.090723944,0.055284494,-0.505589396,-0.147743229,-0.051397773,1.262766855,0.957685726,1.084901756,-1.093842222,-0.200202565,1.180209421,-0.210824248,-0.613483953,-0.528069589,-0.233827799,-0.108730074,7,1
14672024,0.896481165,0.360958973,0.355910128,0.519750002,0.58822941,0.457315293,0.458248672,-0.199282638,-0.192794106,-0.038207503,0.274074399,0.067056905,-0.069293933,0.674761534,-0.141390602,0.586881438,-0.784374238,-0.054244341,0.988908833,-0.036512683,-0.031756143,-0.049939669,0.024711486,0.083871954,0.704721429,0.034969456,-0.352368754,-0.006336945,-0.008818553,-0.010253489,-0.272284068,-0.20891855,0.122599658,-0.018017403,-0.559770791,-0.159650046,0.022865288,1.247827397,0.999020934,1.126664181,-1.138822104,-0.18723956,1.230942314,-0.210824248,-0.314225903,-0.229069845,2.062557674,-0.108730074,7,1
15132023,0.884321333,1.434299937,1.544961291,1.52467908,1.561903573,1.147808804,1.148113096,0.689052833,0.556907276,1.412863903,1.370598041,1.112585839,0.850785067,1.240078506,0.142993299,0.998645606,1.301459611,0.759974358,1.427955116,0.401262346,0.428134457,0.883232355,-0.507945079,-1.165963274,1.160034643,0.244497327,1.091448332,-0.00515385,-0.006295645,-0.009475114,0.388854953,0.858928391,-0.013818905,1.105197791,-0.65551765,-1.034532354,-0.015794206,0.539908058,0.908738539,1.034516479,-1.039737042,-0.627431929,0.512762111,4.818908628,1.647245488,0.695091227,-1.151220227,0.136163029,5,1
15142023,0.081165226,0.828934761,0.554805827,0.831365895,0.665701507,0.51310275,0.537393332,-0.115409865,0.028251556,0.368070316,0.728455984,0.517355203,0.040933831,0.442360873,0.035138008,0.567008572,0.436525121,0.116055608,0.556668777,0.11800578,0.106945851,-0.110646494,0.063458894,0.109936334,0.468415554,0.020582091,1.439441508,-0.00515385,-0.009325865,-0.008751677,0.314343346,0.54315391,-0.152728032,-0.541422708,-0.337002681,-0.156378643,-0.02026857,0.106098302,0.626074131,0.728509266,-0.714830858,0.047195158,0.397368778,4.81890942,0.528087946,0.483274479,-0.026545785,0.02219237,6,1
15142024,0.314001292,0.826279739,0.558763972,0.767109801,0.552244957,0.592064603,0.593309328,0.092035474,0.078112921,0.55587199,0.680108446,0.45579632,0.044062876,0.500509534,0.082639042,0.560401868,-0.537880033,0.108634846,0.442138231,0.128825446,0.115429077,0.02558373,0.074317668,-0.110567247,0.375668975,-0.021905232,1.847982319,-0.006336945,-0.008818553,-0.008265867,0.578933531,0.711265804,-0.138801829,0.090787164,-0.190949029,-0.083991476,-0.021097622,-0.107685413,0.195405641,0.224674776,-0.193134546,0.103503785,0.084208801,4.81891176,0.426467092,0.463791778,-0.078410341,0.025524403,6,1
15152023,1.176746931,0.444620622,0.398086868,0.782486481,0.548241115,0.189997498,0.190270489,-0.358856829,0.076328252,0.178795652,0.477310995,0.282004468,-0.059554047,0.307600347,-0.258726008,0.707438745,0.028561309,0.027820719,0.30271937,0.013832197,-0.001043811,0.212975029,0.062389283,-0.179854377,0.149442353,-0.271746812,0.48313129,-0.004759516,0.003988874,-0.009121534,0.033735884,0.12972018,0.056358087,2.612617764,-1.064973067,-0.26364428,-0.018735569,-0.091035337,0.656101986,0.762092796,-0.750184884,-1.162535378,0.003389315,-0.210824248,0.258949985,0.145950646,-0.485984616,0.053092855,6,1
15152024,0.938619216,0.155975186,0.218943027,0.484072601,0.257296849,0.189997498,0.190270489,-0.358856829,0.092238662,0.213213027,0.409327118,0.228999739,-0.091038257,0.407053681,-0.227885645,0.721330927,0.028561309,-0.022861991,0.123913529,0.010654921,-0.006361114,-0.148413083,0.082092734,-0.19610534,-0.001581277,-0.221513682,-0.156560177,-0.006336945,-0.008818553,-0.008639721,0.127154954,0.19124791,0.007239113,-0.609701785,-0.906353078,-0.176386403,-0.020402361,-0.367827818,0.115003568,0.128074461,-0.094951815,-1.044608819,-0.277396179,-0.210824248,-0.0804397,0.126025401,-0.08251691,0.025789536,6,1
15222023,0.758498449,1.035574253,1.175190241,1.123696886,1.232787503,0.740570303,0.825041196,0.582176346,0.252035109,0.97416995,1.262925916,1.010810075,0.639549601,1.637412139,0.00407059,1.079669685,0.085935806,0.269642835,1.519825523,0.2291768,0.266383506,0.448798532,-0.264233238,-0.527886987,1.070807577,0.255056219,-0.210527625,0.001153645,-0.009529055,-0.009880806,0.058215886,0.280199113,0.015429383,0.734808736,-0.59540931,-0.506113994,-0.011377766,0.764096808,0.873673389,0.998191644,-1.000839044,-0.562014891,0.81261846,-0.210824248,0.827425754,0.613108855,-0.261672389,0.026462168,6,1
15222024,0.619353706,1.078329186,1.212284421,1.149849794,1.248047644,0.740570303,0.825041196,0.582750966,0.367746963,1.057471463,1.296091121,1.019027675,0.760983162,1.660909541,0.037048236,1.140157207,0.826595793,0.382889589,1.620754767,0.31466142,0.361015914,0.357135747,-0.351230595,-0.353394969,1.060220255,0.264248696,0.289048467,-0.006336945,-0.008818553,-0.009829852,0.383788962,0.723917644,0.020898737,0.469159209,-0.562786844,-0.48673961,-0.013099324,0.920416678,0.793114064,0.912263991,-0.909182265,-0.51305221,0.712403234,-0.210824248,1.22790985,0.890647631,-0.319265514,0.033642504,5,1
15282023,0.052074698,0.225367094,-0.017664245,0.303881826,0.188288192,0.247786082,0.24824063,-0.205508048,-0.174117994,-0.202604357,0.093094332,-0.108079424,-0.085405852,0.663468227,-0.116683852,0.419290998,-3.629261369,-0.071770594,0.500451844,-0.074675788,-0.084752184,-0.120632912,0.061365964,0.041815097,0.373178552,-0.025811194,-0.352368754,-0.03992816,-0.953050196,-0.010418991,-0.367280903,-0.359615527,0.081999906,-0.46522113,-0.303151458,-0.144210139,0.45349965,0.701056316,0.502759965,0.588172025,-0.567887594,-0.034442993,0.744699617,-0.210824248,-0.40366678,-0.432778507,-0.233827799,-0.108730074,7,1
15282024,0.063352083,0.164098807,-0.056795767,0.318927828,0.177207942,0.247786082,0.24824063,-0.208407082,-0.195886368,-0.27730881,0.054756121,-0.139433874,-0.092979079,0.724138259,-0.151026224,0.399424628,0.202112185,-0.115034828,0.581864331,-0.147300977,-0.142337693,-0.03470283,0.044844804,-0.026480035,0.385685753,-0.022505404,0.068625784,-0.006336945,-0.008818553,-0.010786407,-0.700111792,-0.699373891,-0.022292746,0.361470844,-0.462209041,-0.225579127,-0.034154676,0.898548381,0.574681497,0.670413443,-0.653845757,-0.095143633,0.841467944,-0.210824248,-0.583959435,-0.710068228,-0.233827799,-0.108730074,7,1
15322023,1.677595104,1.85251775,1.67955136,1.874328539,1.721735661,0.911944251,0.912873319,0.294396954,0.846271131,1.475587475,1.193657689,0.970609688,0.460855266,1.370320502,0.751915787,-0.179608272,0.021615411,0.262934831,1.701213335,0.252416225,0.308965301,0.323652659,-0.066955791,-0.409465,1.645056387,0.694142242,-0.569201668,0.005093913,0.020992734,-0.009975102,-0.162500132,-0.001106019,-0.078012968,0.251761032,-0.482943796,-0.990807254,-0.009398229,1.428422097,1.128981038,1.254151693,-1.276898854,-0.240960671,1.140202284,4.818912166,0.694922142,0.59125764,-0.155665632,0.030546915,6,1
15322024,1.617448665,1.810506827,1.663602065,1.822776409,1.662389814,0.993787512,0.994551105,0.527506766,0.926464497,1.577633001,1.210922595,0.966494458,0.539512336,1.433428155,0.718404115,-0.230949118,0.411748568,0.310841028,1.63153185,0.291480833,0.339341894,0.340840954,-0.380672746,-0.312610024,1.61084783,0.66443157,-0.774244024,-0.006336945,-0.008818553,-0.009872615,0.003247181,0.229905556,0.028079549,0.249266679,-0.4637203,-1.02391822,-0.012442965,1.411960408,0.878105148,1.00273444,-1.005698691,-0.534228182,0.978305746,4.818912166,0.740698104,0.61158075,-0.209702337,0.034106855,6,1
15332023,0.184245491,0.305072223,0.323909772,0.244888716,0.579941441,-0.553394275,-0.557196214,-0.13748794,-0.028414358,-0.121330925,0.114177762,-0.050943807,-0.121705007,0.687071057,-0.054466925,0.79749599,0.028561309,-0.157308894,0.721416776,-0.177459359,-0.164183478,-0.252236199,0.017930729,0.342989656,0.687758842,0.075809731,0.50125885,-0.016991547,-0.02844379,-0.010812334,-0.667677153,-0.738293734,-0.166553524,-0.635557351,-0.011706832,-0.324845827,-0.033207393,0.972097958,1.088892457,1.215553445,-1.234971037,-0.308182521,1.287461144,-0.210824248,-1.131642821,-1.244271205,-0.233827799,-0.108730074,7,1
15362023,0.114468567,0.698365846,1.070774715,0.910926423,1.116864938,0.634341625,0.635450206,0.914392993,0.086590953,0.911214002,0.465554379,0.265857772,-0.055137059,0.416203399,-0.167869385,0.489003824,0.547101446,0.015283518,1.213640968,0.002562885,0.018942085,0.047611973,-0.083117112,-0.076697191,1.202905475,0.410538775,0.671144254,0.02477539,0.020335504,-0.010190121,-0.238745033,-0.186402317,-0.122672607,-0.056461211,-0.823666521,-0.618865679,0.000186171,1.444227006,0.742953763,0.858061987,-0.851622006,-1.209183547,1.089495127,-0.210824248,-0.016518489,-0.091905172,-0.854670497,0.082084613,6,1
15632023,0.456042705,0.844581921,0.887069878,0.562854427,0.910825024,0.368162686,0.368927321,0.101653066,0.411615825,0.795984096,0.583996081,0.334704637,0.049442616,0.661676363,0.235163589,0.654472073,-0.003068448,0.081040644,1.175243525,0.083154942,0.095954331,0.141419196,-0.028642108,-0.166678594,1.012032348,0.248372449,0.932089485,0.004305973,-0.005392711,-0.009930279,0.009334763,0.102129261,-0.059946016,0.280089351,0.297375829,-0.554395604,-0.010572396,1.241721439,0.519881773,0.607603815,-0.588158254,-0.717030279,0.900996803,-0.210824248,0.464665939,0.430040823,-0.483226713,0.052895268,5,1
15632024,0.867412704,0.900303675,0.893178787,0.507048066,0.771829934,0.475190598,0.476151428,0.576366083,0.454782147,1.000832265,0.555002055,0.267283579,0.09652048,0.699024306,0.330725344,0.649131638,-0.888993084,0.123811791,1.113079418,0.119229285,0.128081374,0.186102483,-0.001468768,-0.143330898,0.877916251,0.122908583,0.536865261,-0.006336945,-0.008818553,-0.009762423,0.114803387,0.136307864,-0.002246019,0.42576912,0.513486568,-0.150680624,-0.014029431,1.179691246,0.019892563,0.012805395,0.021430611,-0.601975892,0.487561253,-0.210824248,0.601259067,0.521237559,-0.379768726,0.045614582,5,1
15832023,0.742995278,0.887036565,0.682299948,0.818735615,0.624183004,-0.403832472,-0.406569626,-0.166865707,0.353462304,0.729666525,0.312323872,0.08242337,-0.037769271,0.496399758,0.112994274,0.590960739,-8.798264213,0.019913667,0.793609544,0.1272353,0.122461976,0.107054285,0.163023749,-0.633765685,0.654441665,-0.055720927,-0.130139395,0.001941813,-0.013317047,-0.009264318,0.225313586,0.270785671,0.147928413,0.511020431,-0.185477294,-0.209472963,-0.018625963,0.95702279,0.103710944,0.114541544,-0.081244445,-0.321001113,0.385203362,-0.210824248,0.570492552,1.566247778,-0.236698764,0.035901269,5,1
15832024,0.615688096,0.94745302,0.769330067,0.695256905,0.659771705,-0.403832472,-0.406569626,-0.166865707,0.476568836,0.868435683,0.183208704,-0.012449674,-0.087922758,0.639105709,0.28039278,0.738650236,0.178627544,-0.067173333,0.764314993,0.239438057,0.232791709,-0.049160946,0.105247952,-0.169527147,0.667234617,-0.122779574,-0.381988084,-0.006336945,-0.008818553,-0.008594055,1.146484783,1.085841077,0.034660264,-0.384327405,0.210233192,0.120082788,-0.021023334,1.046871564,-0.007013579,-0.019631974,0.05402872,-0.147421051,0.283074057,-0.210824248,-0.378012431,2.604503519,0.990358079,-0.039659741,6,1
15982023,0.407016116,0.437208262,0.558573997,0.62539876,0.667437525,0.045583436,0.04531281,0.630909492,-0.141765489,0.374789658,0.584661858,0.223885117,0.211728277,1.476549629,-0.154479599,0.550615042,-0.259450911,-0.103453754,0.85174575,-0.157421833,-0.132011891,0.014814094,0.062517618,-0.12994948,0.697062792,0.077637273,-0.104084326,-0.027264274,-0.049699654,-0.010654825,-0.501556083,-0.517495332,-0.048123684,0.310198446,-0.665699495,-0.641464825,-0.068820782,0.770786413,0.620751821,0.722399185,-0.708406576,-0.602693243,0.790276123,-0.210824248,-0.565847635,-0.818275515,-0.233827799,-0.108730074,7,1
15982024,0.407488619,0.421911963,0.547045371,0.600640542,0.633337781,0.098143615,0.098085498,0.61090835,-0.131392159,0.40732596,0.529814546,0.161238336,0.196183692,1.413902088,-0.149378601,0.570487388,-3.635703993,-0.061697627,0.850483131,-0.056825051,-0.057429929,-0.002672855,0.05274378,-0.108193972,0.662522415,0.065533857,-0.381988084,-0.006336945,-0.008818553,-0.010319727,-0.215433532,-0.177833501,-0.039391019,0.243449869,-0.635390773,-0.564662635,0.019758397,0.809692794,0.520057897,0.608115003,-0.588691837,-0.645382563,0.697887705,-0.210824248,-0.3408297,-0.299824697,-1.169744029,0.14881774,7,1
16032023,-1.049613812,0.512314529,0.483921254,0.422272351,0.320036664,0.24980478,0.250265292,-0.064097618,0.607416304,0.645674679,0.115617278,-0.022186554,-0.151065752,-1.006866534,0.003888232,-1.598313375,0.001689738,0.030239248,0.31585962,0.048816686,0.033919785,-0.235442323,0.071815322,0.20265297,0.328167925,-0.092652159,-0.028044568,-0.004759516,-0.01601498,-0.008696855,0.40533342,0.258028665,-0.142955189,-0.58559072,-0.022512128,0.0632162,-0.020325276,0.341649623,-0.301983051,-0.373711367,0.405443893,-0.495434329,-0.061913525,-0.210824248,0.241039734,0.32369996,0.057917012,0.016826568,7,1
16032024,-0.917982464,0.608085304,0.527006963,0.411524937,0.311907894,0.24980478,0.250265292,-0.047837801,0.635220506,0.72539892,0.201087081,0.058519113,-0.148532168,-0.91848355,0.081799064,-1.598313375,0.067800634,0.030469084,0.37750944,0.043321694,0.02939868,-0.017796015,0.088029715,-0.10900049,0.298035135,-0.165752569,-0.294406113,-0.006336945,-0.008818553,-0.008949025,0.528934441,0.349118114,-0.1343329,-0.058799549,0.182142513,0.25116813,-0.019688336,0.352637182,-0.41073951,-0.501289608,0.530035458,-0.392641858,-0.168346783,-0.210824248,0.242454501,0.291405769,-0.287933613,0.039338351,7,1
16082023,-1.058155565,0.667259509,0.68603079,0.547525401,0.450777972,1.323228428,1.322761415,-0.191089334,0.06908293,0.896528086,0.749211208,0.632693597,-0.134627637,-0.716765347,0.065225314,0.227356248,0.028561309,0.032171297,0.579227545,0.136149426,0.125455365,0.067525766,0.096921656,-0.288596174,0.500568918,0.016627158,0.638744183,-0.002393842,0.034984801,-0.008678644,0.433268059,0.295014559,-0.115161812,0.122468084,-0.006461287,-0.38828301,-0.020758271,-0.011137651,-0.389684847,-0.477204984,0.506598863,-0.149087848,0.006052252,-0.210824248,-0.185572057,-0.012693816,-0.379768726,0.045614582,5,1
16082024,-0.336506624,0.725213913,0.716638747,0.594459559,0.484126363,1.323228428,1.322761415,-0.153238997,0.072337419,0.925116196,0.859899344,0.742503246,-0.088723552,-0.602579698,0.092346628,0.227356248,0.028561309,0.076590641,0.539562517,0.123003259,0.111539448,0.091035447,0.058703902,-0.213510722,0.477824919,-0.002085002,0.850807194,-0.006336945,-0.008818553,-0.008658733,0.348384826,0.196567337,-0.089769409,0.085121485,0.000968146,-0.385943452,-0.020581117,-0.194551332,-0.369593591,-0.453150318,0.483152112,-0.108128553,-0.050292317,-0.210824248,-0.096746664,-0.037807952,-1.054427221,0.103074008,5,1
16092023,1.565142073,1.400658853,1.578938932,1.427616737,1.597938818,1.4327373,1.431646503,0.376550674,0.454502555,1.441174512,1.509684894,1.499126312,0.350895854,1.20276559,0.25547607,0.200281054,0.069501702,0.230296325,2.018825807,0.625821663,0.724152743,0.308578306,-0.549052039,0.777949575,1.680699318,0.742561009,0.349831699,0.022415238,-0.011877063,-0.0098258,0.541738747,1.132772444,-0.133493228,0.263412607,-0.497557229,-0.319018069,-0.013810359,1.288541069,0.938977202,1.065764307,-1.073271128,-0.458524385,1.23133113,-0.210824248,0.127379207,0.715655313,0.777679521,-0.026998999,5,1
16092024,1.778563764,1.566277066,1.700376216,1.694929327,1.730622697,1.466715963,1.465408348,0.51243455,0.516815507,1.531932601,1.612335951,1.63611674,0.460822154,1.187317731,0.114268357,0.44828515,-1.302510784,0.357451305,2.162103166,0.437568358,0.567406229,-0.240263408,-0.742466589,2.780845669,1.861118584,0.970351054,0.554351221,-0.006336945,-0.008818553,-0.01005669,0.15314876,0.476896807,-0.145400439,-0.398586039,-0.756411175,-0.485730657,-0.005947495,1.326004654,1.069807153,1.196991018,-1.214845856,-0.558345794,1.387516467,-0.210824248,0.31044122,0.38274811,0.629288329,-0.018137011,5,1
16162024,0.245146338,0.137013721,-0.221558737,0.202490758,-0.033706506,0.263584108,0.264084635,-0.355711605,-0.164249642,-0.312462279,0.209504723,0.084680984,-0.170478793,-0.230814363,-0.121246228,-0.327539781,0.028561309,-0.035014657,0.524211631,0.040375208,0.029183273,-0.09323038,0.238728588,0.146957241,0.101055017,-0.063094659,0.446209111,-0.006336945,-0.008818553,-0.009322724,0.890003863,0.898053297,-0.033739661,-0.515742508,-0.23170501,-0.074206893,-0.017402461,0.616369485,0.261142804,0.303864924,-0.274062596,-0.101822801,0.308792015,-0.210824248,-0.176923932,0.266014154,-0.954752537,0.091570013,7,1
17022023,1.944018828,1.279468443,1.287108908,1.125858138,1.283453198,0.682812337,0.68393055,0.91236901,0.393674174,1.209724304,1.38924675,1.139538901,0.865529672,1.907063047,0.443016706,1.150218521,-0.081236877,0.239471862,1.283288134,0.281974349,0.299342818,0.338823459,-0.362041488,-0.377125413,1.220462782,0.03362428,-0.104084326,-0.007520183,0.020992734,-0.009524766,-0.023475836,0.085113387,0.040741711,0.399488413,-0.064194806,0.210091663,-0.01575888,0.330535459,0.659469925,0.765652522,-0.7539366,-0.714738798,0.80159576,-0.210824248,0.896060899,0.968470137,-0.487362321,0.053191633,5,1
17022024,1.836169549,1.281827927,1.345425244,1.070829439,1.295401882,0.682812337,0.68393055,1.152394066,0.431466736,1.352082489,1.424954333,1.177684207,0.934613054,1.972838026,0.514464129,1.238993029,-0.532005206,0.229752699,1.294636094,0.2733986,0.291640762,0.211037941,-0.521715257,-0.166747041,1.191889504,0.047237538,-0.381988084,-0.006336945,-0.008818553,-0.009559369,0.378725015,0.560477302,0.010436341,0.09970329,0.062522264,0.221249302,-0.015356812,0.319292522,0.495858511,0.579986336,-0.559355789,-0.67260742,0.616884731,-0.210824248,0.85604414,0.936416641,-0.547680231,0.057567072,5,1
17082023,0.647900755,0.097401832,0.672374858,0.509536376,0.685695117,0.521407103,0.522428865,-0.278178369,0.308641633,0.627113654,0.383203348,0.211183088,-0.105311808,0.324421222,-0.26762419,-1.598313375,-7.7142713,-0.025191362,1.321384292,-0.071370764,-0.044677799,0.052087405,0.022177252,-0.081945363,0.762457064,0.090400815,0.204305575,-0.646494078,0.068103237,-0.010410294,-0.413164201,-0.406911128,0.042143552,-0.135536246,-1.105885646,-0.490351697,0.088879904,1.556744377,0.336918931,0.394152693,-0.366816258,-1.42071469,0.656868809,-0.210824248,-0.173221963,-0.416040407,-0.233827799,-12.65746635,5,1
17082024,0.853644664,0.248398013,0.708625719,0.515640629,0.661698446,0.521407103,0.522428865,-0.307456278,0.389824695,0.740311731,0.439861235,0.107977216,0.115089517,0.615779469,-0.200252664,-1.598313375,-0.64952336,0.163221169,1.29362737,0.182553808,0.201778362,0.188071054,0.031285577,-0.306133267,0.709760252,0.037028683,0.182427521,-0.006336945,-0.008818553,-0.009772429,0.801314031,0.861059706,0.1385783,0.505030207,-0.789089734,-0.230641069,-0.013504829,1.488066846,0.154761656,0.175901358,-0.143488283,-1.360637988,0.464409054,-0.210824248,0.749889261,0.763784789,0.10557504,0.013828707,5,1
17092023,-0.246278665,0.463667814,0.611934023,0.367278223,0.332689072,1.105174847,1.105626086,-0.295615446,0.109099737,0.852076061,0.724488406,0.562512782,-0.052547277,0.41249608,-0.005853997,0.302432888,0.026059555,0.018820406,0.478344237,0.02962323,0.017580423,0.039864706,0.100596472,-0.421525555,0.222592988,-0.032831192,0.068625784,-0.002788083,0.024919131,-0.009331105,0.098772493,-0.010737914,0.089677684,-0.229493825,0.009288156,-0.396254306,-0.018289383,-0.388577666,-0.528148261,-0.636737444,0.661096071,-0.330688278,-0.370310446,-0.210824248,-0.157209143,-0.155231778,-0.427662758,0.048954578,5,1
17092024,-0.308923606,0.448351626,0.654716692,0.163172801,0.263106808,1.105174847,1.105626086,-0.29622604,0.185307732,0.958264524,0.789627545,0.612852619,0.003281963,0.545863602,0.057326072,0.356258082,0.028561309,0.055044278,0.457320677,0.10821589,0.095236476,0.077490128,0.047368907,-0.250842509,0.067693462,-0.050925767,-0.210527625,-0.006336945,-0.008818553,-0.008519489,0.968592766,0.609128921,0.076736217,0.169922,0.423504059,-0.134586239,-0.020748193,-0.566934294,-0.76449267,-0.898223074,0.910420957,-0.237773555,-0.654660867,-0.210824248,-0.061743102,0.04301516,0.075276858,0.015732226,5,1
17102023,0.781541572,0.516514629,1.347114079,1.128080585,1.312816428,1.558167291,1.556219404,0.127380798,0.30371139,1.326174118,1.322448659,1.376965814,-0.199993151,0.692355225,-0.619343821,0.788119164,0.039693979,-0.324994669,1.639407116,-0.171118837,-0.056902207,-0.06919827,0.461588236,-0.353686925,1.380671407,0.541981531,0.204305575,-0.021731133,-0.058936477,-0.010483964,-0.565893396,-0.57409397,-0.092867349,-0.223182506,-1.890332446,-0.939237407,0.441224486,1.055602321,0.561240787,0.655106316,-0.637813799,-0.731501408,0.917934838,-0.210824248,-0.610793647,-0.505726614,-0.376890113,0.045415384,5,1
17102024,0.681546889,0.481514096,1.313152423,1.153518342,1.294965669,1.558167291,1.556219404,0.128813027,0.331196868,1.262960103,1.426482687,1.486246062,-0.06345106,0.801812092,-0.689946411,0.827039954,-0.001690455,-0.093505774,1.543050663,-0.210862555,-0.084897209,0.073614497,0.055475685,-0.309297689,1.357211732,0.527005962,-0.130139395,-0.006336945,-0.008818553,-0.010527881,-0.674575228,-0.681023625,-0.047699651,-0.043176061,-2.06383317,-0.946638149,0.279249539,0.834512504,0.611094337,0.711703576,-0.697166818,-0.909906238,0.95043322,-0.210824248,-0.410623487,-0.536186646,2.062557674,-0.108730074,5,1
17112023,0.553550672,0.645681972,0.661944553,0.386702076,0.397079877,1.214357637,1.214401358,-0.101283034,0.106128485,0.892928822,0.591602339,0.359021712,0.025832408,1.011064898,0.124052297,1.023774025,-0.313539811,-0.050663932,0.825466424,-0.05034032,-0.052050464,0.113997548,-0.053734482,-0.122451453,0.475072596,-0.011837876,0.289048467,-0.388487567,0.175258019,-0.01027767,-0.31909888,-0.33511105,0.169555772,0.212783481,0.304332301,-0.001269952,0.011408433,0.708323183,-0.472821362,-0.57372749,0.600285032,-0.409552501,-0.029409544,-0.210824248,-0.347869123,-0.373923769,-1.043709692,0.101639655,5,1
17112024,0.496315749,0.656650663,0.682057763,0.439140678,0.424757172,1.214357637,1.214401358,-0.10100075,0.132519827,0.908026398,0.619385022,0.3721827,0.058698894,1.059153888,0.110230131,1.041475621,0.121724491,-0.032129183,0.805298641,-0.013154844,-0.016191961,0.065183178,-0.037581685,-0.128960659,0.457636052,-0.010117436,0.329825617,-0.006336945,-0.008818553,-0.010053477,-0.145907032,-0.203459475,0.144970772,0.117581719,0.212449404,-0.073926137,-0.007828692,0.708323183,-0.446054059,-0.542571775,0.570114728,-0.425263681,-0.067004614,-0.210824248,-0.304494787,-0.286404454,-0.399832164,0.047007738,5,1
17142023,1.673984945,1.161295386,1.079577832,0.457071337,0.651153069,1.647499454,1.644843545,-0.296621868,0.211489692,1.42857058,1.302640354,1.265529635,0.081274978,0.78846361,0.745681669,0.34992231,-0.007233818,0.083956032,0.805771735,0.140412271,0.135924198,0.14887945,0.093588045,-0.126529419,0.374228705,-0.590272715,-1.381965248,-0.002393842,-0.010751454,-0.009219195,-0.181393293,-0.240220413,0.287154112,0.202867163,1.047624112,1.038507372,-0.018833889,-0.431059233,-0.704622466,-0.83368958,0.849354302,0.126377975,-0.550186058,-0.210824248,-0.194730412,-0.15671931,0.111527134,0.013455692,5,1
17142024,1.65015483,1.236461541,1.109786349,0.581000489,0.679234143,1.647499454,1.644843545,-0.294671299,0.225518034,1.462873333,1.315038254,1.283196117,0.081832058,0.686299448,0.824860665,0.368569991,-31.97346887,0.110776637,0.744450883,0.142298941,0.135866941,0.120734479,-0.167098119,-0.151748038,0.373939381,-0.697985241,-1.723149243,-0.006336945,-0.008818553,-0.009077188,0.176730013,0.012411343,0.259999423,0.06332985,0.95020584,0.956743567,-0.01843878,-0.543360684,-0.700744808,-0.829323894,0.845211917,0.189862697,-0.572243764,-0.210824248,-0.160654164,-0.154240494,0.17718032,0.009360415,5,1
17182023,2.726668614,3.58703773,3.252076171,4.338545381,3.456445573,1.942777193,1.937151771,0.32918455,0.122721797,2.723776352,1.7864745,1.527590106,2.077023976,2.336625095,-13.98428196,0.227356248,0.028561309,0.849164252,1.7622111,0.900929584,0.956316073,3.160629576,-4.549751312,1.209351316,2.20168993,-0.975334741,-4.564341123,-0.006336945,-0.008818553,-0.009272634,-0.325883182,0.050585555,0.873219787,1.58653892,-1.344854956,-2.277841405,-0.017786759,0.648211092,2.997470573,2.386115184,-2.565938559,0.136331569,0.49734515,-0.210824248,0.316777737,0.304294806,-0.233827799,-0.108730074,7,1
17252023,0.193153577,0.597605137,0.212924319,0.343919902,0.117566063,0.192159216,0.192439375,-0.355994066,-0.069635796,0.339840011,0.557331106,0.450147389,-0.192245133,-0.603408509,0.10187028,-1.598313375,0.02720015,-0.035467713,0.366206593,-0.025009019,-0.038669768,-0.033712448,0.081506191,-0.104671163,0.335608147,-0.381951716,-0.266045982,0.00469995,-0.016537597,-0.00975144,0.596922191,0.458339926,0.015092529,-0.056461211,0.30803182,0.678708939,-0.014981572,-0.107685413,-0.266847061,-0.332250328,0.364718776,0.483181268,0.194094854,-0.210824248,-0.166072043,-0.100915286,-0.659530478,0.065986624,5,1
17342023,0.350644063,-0.098183953,0.081344613,-0.178074236,0.143005188,0.102061363,0.102018419,0.070362403,-0.130562441,0.074168255,-0.091500921,-0.326459163,-0.063991087,0.501908901,-0.113284837,0.595562764,0.069109837,-0.010152547,0.31691595,-0.009130345,-0.023662324,-0.030577299,0.030358795,-0.057017149,0.323531323,-0.029878934,0.605581224,-0.002393842,0.015426248,-0.009464659,0.23905888,0.231242323,-0.060683567,-0.076663144,0.214206117,0.24136757,-0.019234776,0.632446265,0.091923939,0.099959348,-0.06648728,-0.809568058,0.398455167,-0.210824248,0.036152266,0.034050855,0.321579441,0.000462337,6,1
17342024,0.35146866,-0.105888721,0.087618117,-0.069700122,0.119752199,0.187968939,0.188235179,0.070362403,-0.128531171,0.112201057,-0.049891676,-0.316294641,-0.038136601,0.630957674,-0.137525203,0.649859831,0.032901623,-0.008611973,0.35781421,-0.008843349,-0.022750297,0.011576589,0.01965214,-0.080465267,0.314169456,-0.03660112,0.571630298,-0.006336945,-0.008818553,-0.009533399,0.200369296,0.166699708,0.012842566,0.22519944,-0.043942325,0.133178699,-0.01762898,0.655979304,0.007890636,-0.001315092,0.035629328,-0.867021361,0.348513082,-0.210824248,0.015984608,0.003732254,-0.161540217,0.03093197,6,1
17362023,0.929035339,1.569400246,1.414603611,1.634951923,1.530533739,0.712592517,0.713708245,-0.119436938,0.872307397,0.986230197,1.801678166,1.333533941,2.835387869,2.791580189,0.288418066,1.591815575,2.184785953,0.174209034,1.642939434,0.196081975,0.246634628,0.44751282,-0.034705355,-1.016579176,1.30628045,0.44450162,0.044944734,0.009820395,0.05795781,-0.010016202,-0.294072971,-0.182121185,-0.056115447,1.157856648,-0.599546198,-0.39861923,-0.001269532,0.352637182,1.420359711,1.516218587,-1.564538234,0.076147541,1.173371122,4.818912166,0.596635257,0.614854989,0.392162723,-0.003841149,7,1
17952023,0.722869113,1.125877414,1.346637954,0.694117928,1.207804339,0.582606947,0.583686817,1.685806269,0.960919723,1.48270139,1.164321424,0.495680648,1.347007338,1.838273033,0.549777541,1.381121062,-0.343356936,0.854802193,1.898185903,0.910924245,0.985168617,0.151710654,-0.501566407,0.529122798,1.2010746,0.371239791,1.823395114,-0.002393842,-0.013936832,-0.009457066,1.31375174,1.451513398,0.022090665,-0.021960924,0.545269532,0.466848354,-0.017311492,1.420275843,0.170216392,0.194591561,-0.162495163,0.813998298,0.503367744,-0.210824248,3.79833509,3.600866012,0.852903409,-0.03147883,6,1
17952024,1.617413582,1.383323054,1.479998659,1.113327092,1.322368814,0.585913028,0.586995296,1.751222193,1.437663889,1.650100709,1.234662339,0.504074129,1.602798744,1.904750835,0.700939356,1.418808081,-0.23611448,1.059055628,1.914121758,1.143788821,1.217316475,0.747456924,-0.40132908,0.254433015,1.298763471,0.271334052,1.581963639,-0.006336945,-0.008818553,-0.009270785,1.220684871,1.248113367,0.118813184,1.023374199,0.178655294,0.339292446,-0.018383525,1.385945508,0.158254107,0.180055926,-0.147711332,0.853277968,0.476427286,-0.210824248,4.691198505,4.480412627,0.852903409,-0.03147883,6,1
18022023,1.690281627,1.881273471,2.005245826,1.924958435,1.764801784,2.211681731,2.202402321,0.39349628,2.404230232,2.364830246,1.94936957,2.200584094,0.537463712,1.915040677,0.716210809,1.579920332,-8.007291029,-0.170380803,1.992899751,-0.013066384,0.094153873,0.513858008,-0.684112352,-0.437449397,1.652657494,0.509915044,-0.130139395,-0.035176251,-0.37718848,-0.010362648,-0.507743657,-0.484472672,0.004012651,0.013686676,-0.532451928,-0.246663213,0.063209991,0.846603939,0.018942468,0.011759721,0.022482515,-0.856485688,0.241357336,-0.210824248,-0.414537964,-0.40248046,2.062557674,-0.108730074,6,1
18022024,1.874516112,1.863243221,2.004549828,2.010512104,1.753468622,2.211681731,2.202402321,0.39349628,2.209088581,2.375190043,1.891379374,2.127159215,0.384661868,1.91692952,0.260177321,1.533715297,0.082948098,-0.561705882,1.994399706,-0.745781422,-0.442372428,0.631642988,-0.555168514,-0.130119455,1.652296773,0.515525559,-0.352368754,-0.006336945,-0.008818553,-0.010693111,-0.291786773,-0.299684052,0.021094374,0.086739591,-0.788790363,-0.396516787,-0.033895122,0.931086449,-0.015238691,-0.029581396,0.064013973,-0.949659595,0.231445959,-0.210824248,-0.514280951,-0.58244543,-0.233827799,-0.108730074,6,1
18062023,0.695039792,0.291604648,0.288843344,0.23573657,0.082174471,0.938083927,0.938965918,-0.248402785,-0.076834778,0.491004982,-0.052692121,-0.243397183,-0.097123725,0.336411305,-0.058491451,0.154561332,-3.60275813,-0.017977445,0.423066045,-0.060572334,-0.072865699,-0.031095451,0.079294829,-0.102164808,0.177409918,-0.113485971,-0.536821459,0.000759539,0.031863099,-0.01024434,-0.398020283,-0.392427642,-0.01266905,0.038436201,-0.016096642,0.058183489,0.066888611,0.809692794,-0.502187209,-0.607090154,0.632517919,-0.437159905,-0.183957601,0.630521322,-0.226052612,-0.385504219,2.062557674,-0.108730074,6,1
18062024,0.781724336,0.332041902,0.315792696,-0.2435003,0.11917889,0.938083927,0.938965918,-0.248402785,-0.05841364,0.509918058,0.007859341,-0.179142628,-0.100037622,0.357566656,0.080691889,0.138165934,-2.782746263,-0.024592004,0.407724413,-0.035334119,-0.048206599,0.020402493,0.000648942,-0.00936171,0.212908171,-0.12214134,-0.846962964,-0.006336945,-0.008818553,-0.009926134,-0.167230589,-0.221007083,-0.013784074,0.267578333,1.025659917,0.841521719,-0.008319868,0.803351162,-0.465286479,-0.56512759,0.591963834,-0.289074017,-0.141333127,1.324835568,-0.24731377,-0.3029982,-1.462565746,0.488663592,6,1
18082023,1.35589187,1.92592388,1.519745682,1.848955778,1.57868932,1.059534183,1.060125784,-0.333931523,0.94695579,1.27283446,1.628079505,1.320900438,1.661926666,1.147278925,1.25495647,-1.598313375,0.028561309,1.685631237,1.324680978,1.693473695,1.697553393,2.313817014,0.109728284,-4.211801735,1.57350353,0.66189323,1.068304784,-0.006731341,-0.018113348,-0.006761172,1.762226461,5.528552033,-0.149133131,9.592261632,-0.245638664,-1.553002843,-0.022199199,1.226118959,1.127872047,1.253149679,-1.275809029,1.968163022,1.265397465,-0.210824248,4.340283326,3.884478198,1.335079833,-0.060316726,7,1
18082024,1.668834947,2.028822716,1.646860092,1.911571971,1.721910121,1.631961868,1.629435126,-0.333186851,0.363248285,1.334877769,0.67267009,0.185253439,0.435267885,0.741885766,1.692380863,-1.598313375,0.028561309,0.482678559,1.083449521,0.469220072,0.472982008,-3.119713967,0.184470346,3.928267499,1.800735392,0.935229874,0.718366337,-0.006336945,-0.008818553,-0.008617296,0.202860947,0.705646867,-0.159556149,-2.349982466,-0.142148268,-1.338137115,-0.020550585,1.810195154,1.320151865,1.429570617,-1.468847497,2.074365392,1.536829523,-0.210824248,0.321235273,0.254422221,-0.906259451,0.086818104,7,1
18102023,0.533796023,0.367515073,0.50884378,0.495585352,0.337952504,0.708543616,0.70966006,-0.34034329,0.19543313,0.67494949,0.250530837,0.020323272,-0.044663168,0.830234475,-0.125103858,0.517530884,0.07449626,-0.070648218,0.524535904,-0.059574895,-0.069802785,0.103718161,0.153840901,-0.217794186,0.054934958,-0.122815981,-0.960478236,-0.041909274,-3.464703703,-0.010264973,-0.075398396,-0.141445549,0.258185971,0.666995503,-0.485545129,-0.285596872,0.032009357,0.530971079,-0.30794735,-0.380629744,0.41222834,-0.49971834,-0.496976911,-0.210824248,-0.395108813,-0.368329331,-1.450280281,0.470710673,6,1
18102024,0.101461933,0.334547477,0.49749473,0.349584033,0.281544894,0.708543616,0.70966006,-0.34010367,0.211775947,0.697307708,0.248538009,0.016442286,-0.042753105,0.831003739,-0.077689881,0.482604739,0.068543085,-0.067637118,0.251295536,-0.053176362,-0.068324722,-0.137216716,0.069164973,-0.103464909,-0.023685152,-0.089939823,-1.079643575,-0.006336945,-0.008818553,-0.010044923,-0.143532045,-0.195553682,0.230367324,-0.337186097,-0.198221895,-0.309263631,-0.003155664,-0.011137651,-0.426341811,-0.519507003,0.547736416,-0.410807095,-0.624651468,-0.210824248,-0.386372277,-0.341349324,-1.077897726,0.106596169,6,1
19032023,-0.988098555,-0.165034972,0.353025292,0.30299295,0.420971149,0.564270623,0.565335808,-0.360415997,-0.202910992,0.283345167,-1.835513595,-1.191678336,-0.247161569,-0.951164418,-0.266270996,-0.48051361,0.028561309,-0.091078586,0.410794358,-0.055199758,-0.067805004,-0.053817011,0.036252225,0.043645101,0.461308205,-0.055807034,1.509865772,-0.022916467,-0.043314095,-0.010172285,-1.321396042,-1.164603849,-0.018895344,-0.036119655,-1.112505756,-0.152711714,-0.003230837,2.09130806,0.306333255,0.357558173,-0.329160036,-0.165527766,0.460329103,-0.210824248,-0.458270437,-0.337275242,2.062557674,-0.108730074,7,1
19032024,-0.837427946,0.15413768,0.483941778,0.486841026,0.499616294,0.564270623,0.565335808,-0.360415997,-0.206073948,0.462734093,-1.887121302,-1.239962534,-0.245524009,-1.000065098,-0.230099479,-0.563556582,0.028561309,-0.085135875,0.466823196,-0.084073184,-0.090111788,-0.070246551,0.005045478,0.161897609,0.543511065,-0.09929579,1.147301939,-0.006336945,-0.008818553,-0.010476155,0.866487271,0.942284429,-0.051138115,-0.170599758,-0.917835808,-0.045262836,0.224226692,2.118501762,0.220170165,0.254722879,-0.223795355,-0.227072861,0.441506295,-0.210824248,-0.440250024,-0.458085632,-0.233827799,-0.108730074,7,1
19042023,1.619561551,1.568100066,1.850468741,1.599615712,1.781674176,1.701247062,1.698124322,0.177856733,2.008098234,1.929670561,1.884866649,1.975877186,1.059218744,2.011201503,0.373921676,0.594512216,1.025373755,0.314885974,2.252797315,0.197306862,0.353335282,0.485097647,-0.736862096,-0.129236058,1.770169111,0.930782142,-0.130139395,0.027135129,0.001348183,-0.010246624,-0.128067697,-0.060494833,-0.018391974,0.031235557,-0.516702687,-0.388933904,0.011772997,1.381446425,0.630410935,0.73360006,-0.720185297,-1.038898748,0.813908201,-0.210824248,0.056997215,-0.113127388,-0.181255493,0.032227665,5,1
19042024,1.760295936,1.604645838,1.867116498,1.615793508,1.797445947,1.701247062,1.698124322,0.150685363,2.053842159,1.950654588,1.941384275,2.092535199,1.010010211,2.030227189,0.46004558,0.581662845,0.303942353,0.2312981,2.314700336,0.125360258,0.299379723,0.348558493,-0.414763815,0.516791572,1.819186823,0.965839877,-0.602076308,-0.006336945,-0.008818553,-0.010302105,-0.175497452,-0.121534016,-0.047088762,-0.009326024,-0.468148328,-0.294639257,0.022104805,1.304971986,0.631852998,0.735127132,-0.721791784,-1.01739243,0.85477918,-0.210824248,-0.039220891,-0.195162034,-0.787859152,0.07630804,5,1
19052023,0.193703097,1.306816705,1.395694723,1.475347543,1.290408734,1.698216486,1.695120903,-0.321793306,0.191391288,1.489936163,1.327602424,1.34522752,-0.064231706,1.207590533,-0.068694896,0.718368165,0.028561309,-0.394428218,1.351718921,-0.43470719,-0.346656811,-0.05738837,0.001580791,0.149679122,1.251416278,0.341067523,0.349831699,-0.01620188,-0.034109876,-0.010850025,-0.493283805,-0.480702768,-0.123125445,-0.226692703,-0.842386246,-0.851825683,-0.035999131,0.624447436,0.308130061,0.359621151,-0.331280609,-1.113553212,0.566274406,-0.210824248,-0.614081962,-0.654673249,-0.233827799,-0.108730074,5,1
19052024,0.529759738,1.410062476,1.454470288,1.551837464,1.368462349,1.698216486,1.695120903,-0.322273251,0.161295286,1.523216818,1.320602943,1.311321151,0.016184669,1.263815272,0.015672912,0.680919149,0.028561309,-0.274888255,1.456411016,-0.22781414,-0.108796255,-0.211528858,-0.122012811,0.762315296,1.340209379,0.395812064,-0.210527625,-0.006336945,-0.008818553,-0.010561071,-0.187281448,-0.17046819,-0.141456014,-0.246179456,-0.783115092,-0.816676637,28.78958678,0.783986641,0.40562565,0.474900017,-0.450207021,-1.039830893,0.656974897,-0.210824248,-0.531007143,-0.525256624,-0.233827799,-0.108730074,6,1
19062023,-1.401555582,-1.861743101,0.14967163,0.184822784,0.041904158,-0.018663662,-0.019216393,-0.348356958,0.142168732,0.29267708,0.000335828,-0.068023041,-0.215076691,-0.487155006,-0.466308883,-1.598313375,0.028561309,-0.067217852,0.33092286,-0.064315621,-0.078140272,-0.065685225,0.088690006,-0.039400692,0.327339069,0.017183131,-0.884196709,-0.05222328,-0.01528543,-0.010264973,-1.035008427,-0.832205554,-0.027062753,-0.226692703,-5.125180965,-1.866780688,0.01520087,0.530971079,-0.333238121,-0.410459171,0.441443695,2.163454531,0.218993362,-0.210824248,-0.381237657,-0.347349416,-0.612243893,0.062373002,6,1
19062024,-1.140984413,-1.885876192,0.026350845,0.204250445,0.054159007,-0.018663662,-0.019216393,-0.347212581,0.144245834,0.066213031,-0.036885032,-0.097320005,-0.217903572,-0.530012286,-0.475100311,-1.598313375,0.028561309,-0.067952277,0.370876551,-0.067489474,-0.08057452,-0.056788735,0.087964396,-0.034496831,0.324572673,0.014540729,-0.669351206,-0.006336945,-0.008818553,-0.010320907,-1.819396638,-1.41652507,-0.011291542,-0.005368423,-5.288491516,-1.868556208,0.011892166,0.663672824,-0.04514935,-0.06574921,0.100258657,2.125980113,0.407239189,-0.210824248,-0.386914962,-0.3733628,0.486736431,-0.009568951,7,1
19092023,0.326972767,1.174122338,1.845957534,1.659469003,1.87511537,1.809256436,1.805098757,1.041692901,0.541903562,1.686329289,1.968840222,2.236387154,0.534153682,1.844194414,-0.900771701,1.77453463,0.453661953,-0.061475051,2.674712771,-0.508906883,0.069088215,0.521616291,-0.723951837,-0.304925417,2.039224328,1.72913489,-0.130139395,-0.047857082,0.499755149,-0.010482659,-0.635018326,-0.716350519,-0.021894497,0.230172118,-1.698765598,-0.81545908,0.545845766,1.501597187,1.13902111,1.263669401,-1.287254307,-1.289772817,1.454835079,-0.210824248,-0.382046007,-0.653552777,-0.233827799,-0.108730074,7,1
19092024,0.288801907,1.098877399,1.831334373,1.712974771,1.863897119,1.809256436,1.805098757,1.041787673,0.493741294,1.660236107,1.987801161,2.267128243,0.554051343,1.83611501,-1.25052015,1.718378953,0.753825875,-0.027797509,2.667161875,-0.244855473,0.163709789,0.278484194,-0.08008153,-0.280272138,2.023862828,1.693435095,-0.266045982,-0.006336945,-0.008818553,-0.010444114,-0.501556083,-0.543065435,-0.021114985,0.0673578,-2.075917902,-0.982100417,0.114050418,1.455672632,1.152866109,1.276689471,-1.301431186,-1.408401035,1.465131278,-0.210824248,-0.348914714,-0.517549724,-0.233827799,-0.108730074,7,1
20072023,-0.268602281,-0.26688041,0.656294057,0.261030165,0.661335473,1.189740634,1.189885224,0.256451039,-0.401707865,0.625124201,0.271008328,0.268849814,-0.446914746,-0.821683982,-0.280897192,-1.598313375,0.028561309,-0.309450318,1.090033332,-0.577685124,-0.546550154,-0.261204587,-0.062778882,0.535748429,0.860046829,0.19052317,0.225901753,-0.015017515,-0.125066629,-0.011458042,-1.152874885,-1.01685526,-0.118279286,-0.392760524,-1.217952891,-1.383528266,-0.027691078,1.426401115,0.297200594,0.346724944,-0.31802879,-0.488818509,0.82253,-0.210824248,-0.743246883,-1.120914155,-0.233827799,-0.108730074,8,1
20082023,-0.298431873,-0.279416045,0.235774632,0.106363412,0.373241793,0.24507139,0.245517878,-0.360415997,-0.049745823,0.087109369,-0.557884304,-0.495896298,-0.22510628,-1.209168348,-0.230595209,-1.598313375,0.028561309,-0.049600002,0.798905522,0.012696634,0.009146541,-0.057868615,0.358794579,-0.18051992,0.618165801,0.046540642,0.369588644,-220.2054578,0.004183742,-0.009900321,1.17560733,1.630982686,-0.121855928,-0.191077287,-0.81738236,-0.383480107,-0.014162927,1.766872596,0.465441924,0.544658971,-0.522583957,0.141719128,0.933219268,-0.210824248,-0.267940381,0.113014064,0.343039207,-0.000848932,9,1
20082024,-0.581265396,-0.257139838,0.27053568,0.156566616,0.408526393,0.24507139,0.245517878,-0.360415997,-0.050385498,0.111255325,-0.558733304,-0.502652298,-0.221501258,-1.150843619,-0.239845775,-1.598313375,0.028561309,-0.047176929,0.823666509,-0.058831465,-0.060381113,-0.042842687,0.022029076,-0.014546793,0.645105237,0.047264231,0.622259608,-0.006336945,-0.008818553,-0.010326817,0.036180386,0.105407242,-0.077289597,-0.180882251,-0.906353078,-0.344408112,0.027160978,1.785535238,0.496577442,0.581009673,-0.560422161,0.175345749,0.959473427,-0.210824248,-0.252082403,-0.328357672,-1.305333219,0.27990098,9,1
20122023,0.992607215,0.797600874,0.616861182,0.119662987,0.719990518,0.708107399,0.709223913,-0.090198202,-0.02123829,0.429651586,0.644978247,0.452484379,-0.023625888,0.558429669,0.363322396,0.30998289,0.120927747,0.023228937,0.969183546,0.034502289,0.037295809,0.122062659,-0.010012183,-0.20864723,0.768982989,0.03466753,0.289048467,0.006669625,0.014191147,-0.009938581,-0.050093607,0.049936187,0.091752261,0.300149332,1.073131672,0.763877707,-0.008535214,0.822210608,0.644673585,0.749376111,-0.736789112,0.063233565,0.862303855,-0.210824248,-0.010972688,0.009431849,-1.133068445,0.125453218,6,1
20132023,-1.214164711,0.946747659,0.747179947,1.065180091,0.87009423,0.295446352,0.296034791,0.223359748,0.056375725,0.482952379,1.245167441,1.236954389,-0.083999117,-0.139581365,-0.050914252,-0.101479043,0.028561309,0.051905547,0.706986155,0.057537929,0.050713462,-0.124817393,0.026832919,-0.14315002,0.638164226,0.092206129,0.268268366,-0.001999617,0.00056207,-0.009517102,-0.002835215,0.150164537,0.032798258,-0.555771146,-0.651601988,-1.781271655,-0.017168945,-0.367827818,0.845595365,0.968395465,-0.968999545,0.059040824,0.584018347,-0.210824248,0.347252449,0.343506132,-0.497805604,0.053942008,6,1
20132024,-0.278727822,0.983457826,0.766060048,1.13793966,0.892481016,0.295446352,0.296034791,0.223121727,0.084159488,0.487977681,1.279494073,1.279683947,-0.069545782,-0.175166949,-0.089862504,-0.084257272,0.028561309,0.070523304,0.788419072,0.060974035,0.056610857,0.081664882,0.094000625,-0.225371825,0.607599453,0.069540763,0.020943367,-0.006336945,-0.008818553,-0.009616508,-0.071789784,0.068799732,-0.043637872,0.481956284,-0.751745576,-1.236500705,-0.016146092,-0.268700735,0.879665377,1.004248566,-1.007318738,0.020461123,0.527236492,-0.210824248,0.459546149,0.362814464,-0.583523243,0.060218145,6,1
20172023,-0.484965317,-0.062670691,0.542103827,0.589062151,0.423952911,1.051921786,1.052535114,-0.089319057,-0.226348784,0.661760075,-0.076851697,-0.078415046,-0.282068829,-0.096284661,-0.39157482,-0.58612337,0.029648425,-0.233624771,0.840606209,-0.225462374,-0.204112455,0.003796421,0.056773119,-0.127921988,0.596833974,0.031645155,0.020943367,-0.015412285,-0.008818553,-0.010881514,-0.046470298,-0.079477167,-0.007273931,0.0480559,-1.712349379,-0.905946314,-0.037571058,1.41405541,-0.150264658,-0.192526239,0.226640685,-0.558656143,0.352782951,-0.210824248,-0.678085681,-0.670403742,-0.233827799,-0.108730074,6,1
20202023,-0.017300768,0.331588526,0.229665762,0.302091844,0.257024578,0.40748506,0.408330616,-0.186356204,-0.0051974,0.234957843,0.50880867,0.348716678,-0.108757832,-0.281262323,-0.06069966,-1.598313375,-1.666536291,0.03542728,0.614463017,0.19362688,0.183309161,0.136264386,0.039811547,-0.332495363,0.269172107,-0.046142333,0.536865261,-0.001999617,0.004865005,-0.00837851,1.447286155,1.640625617,0.00383652,1.403261934,-0.092903011,-0.462672136,-0.020913788,0.284768666,0.088223503,0.095791421,-0.062271823,0.189142748,0.166124699,-0.210824248,0.185278972,0.947463293,0.427268446,-0.005972053,7,1
20202024,-0.263694625,0.409644177,0.312922932,0.388032516,0.308823591,0.590199815,0.591285079,-0.186356204,-0.006840091,0.340823099,0.30208525,0.134651627,-0.116641124,-0.306478625,-0.049435876,-1.598313375,-0.86896418,0.029421375,0.418648729,0.127422412,0.11362709,-0.143158791,0.076581657,0.016166821,0.403740187,0.003805081,0.536865261,-0.006336945,-0.008818553,-0.008185765,1.08307113,1.038323515,-0.067828541,-0.762726772,-0.142059089,-0.90728303,-0.021259871,0.446162698,0.046709741,0.045720749,-0.011716454,0.25776336,0.309830632,4.818912166,0.065371251,0.459579838,-0.502188296,0.054257778,7,1
20222023,0.397985248,0.353711202,0.371430849,0.044000939,-0.085138559,0.808822825,0.809885923,-0.264421709,-0.211553994,0.697635128,0.641478926,0.461724751,-0.046930018,0.479611926,0.032900845,-0.220833562,-3.674876925,0.012972352,0.75005102,0.004229995,-0.000819485,0.108643175,-0.060324175,-0.134500448,0.116212333,-0.071873805,-0.960478236,0.002335876,-0.010445322,-0.009906502,-0.166048416,-0.242610486,0.20418436,0.619387275,0.507755022,-0.008578143,-0.012802872,0.503594889,-1.000830174,-1.141903591,1.138103536,-0.352017693,-0.42166151,-0.210824248,-0.086520085,-0.140149044,-0.809705731,0.078159879,7,1
20232023,1.7810989,1.696638818,2.082822427,1.880478186,2.018272437,2.019014411,2.012451826,1.140170706,1.93597363,2.199219573,2.345650203,2.902365679,0.899917235,1.935867436,-0.002688303,0.587133717,0.028561309,0.240861906,2.796079807,-0.522110708,0.118681669,0.084850965,-0.229968228,-0.157481007,2.243491673,2.013423129,-0.130139395,-0.006336945,0.013524739,-0.010474859,-0.490174959,-0.505024072,-0.045849,-0.163947249,-0.894642656,-0.787475557,0.279259954,1.315609798,0.71395919,0.826105112,-0.817776813,-0.66104817,1.113759558,-0.210824248,-0.179640361,-0.583897768,-0.233827799,-0.494849058,7,1
20232024,1.885124533,1.685298326,2.07473337,1.979373769,2.024137543,2.025553862,2.01890739,1.122765257,1.656615171,2.15927013,2.353575191,2.937382312,0.764491261,1.997479332,-0.486240669,0.657616357,0.028561309,0.000555104,2.800055163,-1.185820113,-0.173231768,0.284400926,-0.179870497,0.075182858,2.257527318,2.005652604,-0.210527625,-0.006336945,-0.008818553,-0.010559664,-0.52827188,-0.543065435,-0.0451351,-0.041609326,-1.185051586,-0.889609726,-0.077033285,1.32083708,0.779906217,0.898089207,-0.894110267,-0.738974487,1.177911653,-0.210824248,-0.342651768,-0.813600039,-0.233827799,-0.108730074,7,1
20272023,1.937090364,2.385171778,2.24677453,1.935297247,2.011070326,2.129092076,2.121040859,4.637871807,2.14988823,2.672189036,2.62351614,3.238564575,3.003142617,2.456887662,5.035621384,-1.598313375,-0.39573746,1.573548503,2.479665181,1.738680485,1.928913178,3.129197696,-1.60852658,-4.427839955,2.062496807,1.217506484,0.247221054,-0.001605407,-0.004992271,-0.009607756,0.091383757,0.087074197,0.008669181,1.29325124,0.605022837,-0.338460214,-0.015011447,1.059919875,0.058837598,0.060335352,-0.026456055,0.036878848,0.399947053,-0.210824248,0.491406654,0.516610629,-0.014998436,0.021454519,5,1
20272024,1.749579352,2.336423551,2.258120408,1.813774569,1.985065938,2.129092076,2.121040859,4.663282865,2.232021435,2.726602674,2.525253177,3.05659615,2.616656329,2.480030995,4.873409039,-1.598313375,0.306172627,1.075857473,2.371744428,1.181625428,1.349847781,1.895506201,-1.07426248,-2.850161663,1.977143401,1.1847399,-0.294406113,-0.006336945,-0.008818553,-0.009763423,0.386321703,0.329464766,0.091623699,0.609887164,0.729851679,-0.331935453,-0.012963609,0.846603939,-0.061788326,-0.085691877,0.120207834,-0.071699113,0.257602259,-0.210824248,0.227592501,0.236656359,-0.623349981,0.063214086,5,1
20282023,-1.896229539,0.346317786,0.347091639,0.355784316,0.388152659,0.77745197,0.778539789,-0.360415997,-0.086250765,0.315185758,0.802408383,0.695641601,-0.136783139,-0.799623755,-0.073567544,-0.246021563,-0.058157753,0.033176425,0.426756316,0.030367054,0.017361128,-0.02677166,-0.038851061,0.017637354,0.446335649,0.048465032,0.718366337,-0.003970896,-0.01218492,-0.009214605,0.19663299,0.202556591,-0.041047221,-0.259941883,-0.189834081,-0.837612717,-0.018866594,-0.107685413,0.211476816,0.244365402,-0.213220226,-0.760132397,0.405757997,-0.210824248,0.000590114,-0.035170035,1.10498357,0.0370485,7,1
20282024,-1.211248632,0.455767013,0.456284037,0.499717007,0.530990964,0.77745197,0.778539789,-0.360415997,-0.068237204,0.35527787,0.781819994,0.68227605,-0.159828003,-0.784843274,-0.072107832,-1.598313375,-0.253625132,0.007724724,0.583638439,0.002720252,-0.006857415,-0.048383418,-0.090860136,0.32473116,0.61793769,0.098706314,0.309566028,-0.006336945,-0.008818553,-0.009741475,0.116037763,0.151485797,-0.098396236,-0.247561192,-0.314949068,-1.580093057,-0.015065182,0.106098302,0.406790447,0.476440678,-0.451802149,-0.797224884,0.669526001,-0.210824248,-0.096503003,-0.136204817,2.062557674,-0.029824619,7,1
20302023,0.513427249,0.679338506,0.59810545,0.490779229,0.717167423,0.637792894,0.638902716,-0.105912796,0.025769022,0.383675817,0.95443691,0.860040879,-0.091448861,0.370643837,0.105537725,-1.598313375,0.028561309,-0.017186439,1.124310275,-0.053650447,-0.041338329,0.008854109,0.021712123,-0.048246189,0.866930961,0.154400548,0.160262474,0.062094427,-0.006798461,-0.010347041,-0.383819836,-0.376485678,-0.006346643,-0.105910942,0.142672851,-0.340562532,0.038311873,0.701056316,0.697564063,0.808337173,-0.79898822,-0.645245739,1.083955105,-0.210824248,-0.161146481,-0.337004107,-1.408269614,0.411249811,6,1
20302024,0.443208844,0.685707912,0.611867852,0.572602749,0.714078289,0.637792894,0.638902716,-0.105912796,0.040310018,0.427680331,0.927207563,0.805865238,-0.043432135,0.498659873,0.067919516,-1.598313375,0.028561309,0.013234277,1.118299017,-0.007938344,0.002896329,-0.010419878,0.046584862,-0.117418086,0.859384272,0.156050031,-0.078388004,-0.006336945,-0.008818553,-0.010186768,0.019085544,0.137626237,-0.017488936,-0.014069417,-0.02702451,-0.502882101,0.003210397,0.722654749,0.636647169,0.740216818,-0.727147255,-0.726178895,1.024034276,1.324835568,-0.026896152,-0.137683335,-0.807224192,0.07794785,6,1
20312023,0.26105844,1.299168211,1.241042923,1.245328616,1.231817291,0.764529198,0.765625061,0.077207914,0.589835905,1.176755076,1.123454781,1.04434188,-0.001273719,0.240927241,0.322434931,-1.598313375,0.629230634,0.100914201,1.652714617,0.297641077,0.347796498,-0.022903577,-0.028783944,0.034388594,1.306299081,0.366919049,0.446209111,0.02438206,-0.00639614,-0.009879781,0.70398679,1.023951808,-0.115454639,-0.214007451,-0.295214508,-0.176282184,-0.013425153,1.256846019,0.60815707,0.708137531,-0.693421002,0.205938642,0.96570381,4.818912166,0.265778439,0.914083705,-0.123336349,0.028436007,5,1
20312024,0.441045087,1.294124812,1.270068892,1.231938112,1.264843679,0.764529198,0.765625061,0.077207914,0.667053806,1.196618599,1.04990416,0.965265827,-0.050009913,0.226545537,0.331056722,-1.598313375,-0.674091511,0.04970797,1.679680969,0.246534507,0.300578768,0.108463008,-0.142697146,0.062654159,1.377004078,0.404073199,0.225901753,-0.006336945,-0.008818553,-0.009968818,0.134574149,0.274146303,-0.110090189,-0.103614834,-0.275098498,-0.174824314,-0.011283062,1.348546201,0.642533254,0.746832139,-0.734110559,0.108659235,1.051895647,4.818912166,0.069436246,0.737909916,-0.040294787,0.023072763,5,1
20382023,-0.795261781,0.221554089,0.418150464,0.592594037,0.559618451,0.242086045,0.242523616,-0.139708712,-0.140654253,0.209880552,0.719239858,0.637400839,-0.21564083,-0.672442114,-0.256557969,-0.756762395,0.028561309,-0.057850026,0.782797165,-0.065935409,-0.068690679,-0.057829956,0.014768198,0.046513433,0.666496521,0.108064496,-0.104084326,-0.098435631,0.125134398,-0.01036506,-0.368388269,-0.358515077,-0.057679666,-0.114309781,-1.055293021,-0.98789631,0.036398758,0.503594889,0.637364616,0.741234653,-0.728218445,-1.169929694,0.899460137,-0.210824248,-0.321423003,-0.374765875,2.062557674,-0.108730074,7,1
20382024,-0.309979053,0.338483164,0.478604431,0.592037002,0.614590926,0.242086045,0.242523616,-0.134683909,-0.134927432,0.263382953,0.746900308,0.669193703,-0.217833054,-0.659951659,-0.194413692,-0.563556582,0.028561309,-0.060895469,0.824469672,-0.064235784,-0.065566496,-0.177493212,0.06440458,0.232572351,0.740202616,0.129584407,-0.473503689,-0.006336945,-0.008818553,-0.010359035,-0.097004125,-0.017788696,-0.111989248,-0.388222369,-0.793738615,-1.020656194,0.046046979,0.503594889,0.667187678,0.774295852,-0.763049558,-0.939965886,0.980060879,-0.210824248,-0.341350086,-0.363599646,2.062557674,-0.108730074,7,1
20492023,1.780066966,1.426092776,1.645884198,1.073865474,1.233025459,0.851932838,0.852949834,1.761783628,2.794759407,2.066795184,1.453998954,1.186759623,1.058404052,1.919599013,0.859471449,1.526137349,0.028561309,0.438912969,1.238108864,0.42862156,0.441450144,0.568495159,-0.429250555,-0.491386151,1.074182483,-0.000211757,1.31796694,-0.004365199,0.002328418,-0.00909707,0.052088658,-0.055417886,0.05274146,0.199565023,0.346747313,0.218506603,-0.018680813,0.395363039,-0.527927552,-0.636737444,0.661096071,-0.829726046,-0.165606742,-0.210824248,1.371930884,1.208025399,0.364585133,-0.002162905,5,1
20492024,1.75990003,1.453182748,1.682775149,1.103951042,1.269777891,0.851932838,0.852949834,1.761783628,2.91260313,2.111095054,1.44626806,1.198068338,0.985070633,1.941918463,0.898209588,1.537641116,0.028561309,0.328243343,1.186136608,0.373068338,0.383337416,0.418160638,-0.614702286,-0.029629506,1.13115918,0.055756819,1.709439686,-0.006336945,-0.008818553,-0.009135156,0.232808767,0.079235013,0.102149816,0.158432283,0.338503705,0.23396643,-0.01917553,0.395363039,-0.521326622,-0.629186226,0.653823011,-0.805815522,-0.135070302,-0.210824248,0.992789428,1.035948172,0.378880288,-0.003033329,5,1
20622023,0.483223087,0.533920479,0.658140472,0.4985861,0.559792773,0.295415382,0.296003739,0.389284401,0.295257084,0.751396011,0.56396616,0.402890742,-0.097774654,0.204636671,-0.01694361,0.219082654,-1.119003849,0.000300247,0.64021117,0.000499791,-0.007654006,0.106120087,-0.04585075,-0.016067978,0.590052667,0.034299157,-0.738733718,0.001941813,0.05037891,-0.009823775,-0.169594044,-0.195553682,0.251806335,0.339579061,-0.155873135,0.104480539,-0.014023356,0.37424091,-0.032295091,-0.05001716,0.084503469,-0.757499815,0.263838531,-0.210824248,0.033753532,0.019863087,0.114506135,0.013269113,6,1
20622024,0.408310899,0.49987225,0.571191291,0.211624831,0.269561546,0.295415382,0.296003739,0.389284401,0.346730193,0.824833094,0.564493318,0.382836035,-0.063544882,0.239704185,0.076755215,0.18269696,0.01112563,0.033133448,0.543744495,0.068581167,0.057601225,0.105061869,0.280897461,-0.560953264,0.258913739,-0.047623502,-0.569201668,-0.006336945,-0.008818553,-0.009121534,0.406601875,0.265411705,0.367985485,0.335375494,0.412294267,0.439147185,-0.019018753,0.199266888,-0.596897323,-0.714595018,0.735850595,-0.685887951,-0.298698692,-0.210824248,0.233491967,0.40531174,-0.36100275,0.044319005,5,1
20692023,-0.843898587,0.242856259,0.350261771,0.585886584,0.488197456,0.093016304,0.092938188,0.207013772,-0.078241511,0.168440329,0.892633651,0.823558756,-0.186209464,0.045733617,-0.241953484,-0.065999499,0.030088973,-0.087155837,1.212844387,-0.173724048,-0.103079981,-0.105694882,0.067580363,0.088124833,0.699529002,0.126573346,-0.183353814,-0.006336945,-0.008818553,-0.010559664,-0.647912131,-0.644416869,-0.077158006,-0.448671864,-0.989009326,-1.138752339,366.3517908,0.909572077,0.564043043,0.658168372,-0.641019638,-1.207594304,1.002799368,-0.210824248,-0.479907756,-0.876689729,-0.233827799,-0.108730074,7,1
20692024,-1.180860615,0.338533417,0.394504776,0.663867465,0.521662749,0.093016304,0.092938188,0.179664617,-0.046891647,0.219875042,0.818521006,0.685620793,-0.073900878,0.343573072,-0.238921588,-0.069401669,0.044502079,0.006552196,1.160425403,-0.020054035,-0.006533781,-0.095889195,0.067373819,-0.007109405,0.72491077,0.140985322,-0.323177603,-0.006336945,-0.008818553,-0.010242058,0.005681595,0.090343707,-0.117789523,-0.339826101,-0.985197234,-1.24057098,0.005673374,0.920416678,0.558517047,0.652043944,-0.634608235,-1.195691442,0.996841338,-0.210824248,0.161107264,-0.038047845,-0.370546313,0.044976994,7,1
21012023,0.733876796,1.723142462,1.505044577,1.647071215,1.622666231,1.51793638,1.516280482,-0.180913972,0.005322741,1.046908854,0.590730684,0.363095465,0.017706606,0.763591588,0.843186756,0.387625731,0.034587692,0.02043323,1.184749241,-0.031411382,-0.016132571,-1.1360309,0.294848338,1.031660922,1.556498367,0.76431146,0.778875729,0.018874217,0.007481753,-0.010283464,-0.386012952,-0.36945556,-0.166268636,-0.664363492,-0.261904948,-1.711096616,0.018515994,1.74070815,1.517486624,1.595718621,-1.652871192,-0.035292718,1.504796065,-0.210824248,-0.251329048,-0.363044692,2.062557674,-0.108730074,8,1
21012024,0.784738278,1.787256154,1.544472478,1.596262704,1.609487087,1.51793638,1.516280482,-0.180914906,0.401655102,1.27624528,1.082031828,0.739101861,0.592212551,0.934133695,1.262051546,0.430849457,-0.49239141,0.598874602,1.183976142,0.584137582,0.592079013,-0.356061888,0.288447729,0.094040001,1.56730771,0.774057869,0.778875729,-0.006336945,-0.008818553,-0.008579446,0.508470916,1.412572715,-0.183328855,-0.322616861,-0.002108389,-1.516614938,-0.020813607,1.503253268,1.182263505,1.304716439,-1.331990837,0.156686036,1.252022095,-0.210824248,0.624363879,0.534445204,1.473037877,-0.068734754,8,1
21022023,-0.022936217,-0.741287793,0.712190798,-0.497899492,0.673958684,1.098902595,1.099374155,-0.24505418,-1.195418918,0.732686732,-1.24721919,-0.673705886,-0.378463656,0.475972903,-0.205439605,0.225390326,0.082779257,-0.479503262,0.857906324,-0.994764122,-1.021962108,-0.235542919,0.314638548,-0.19538191,0.690716379,0.08307408,0.160262474,-0.011070785,-0.029350564,-0.013720229,3.129858798,3.749980976,-0.170347059,-0.366085903,-0.156053612,0.322230831,-0.025055644,2.062954665,0.185231501,0.212749451,-0.180981897,-0.227533331,0.440725326,-0.210824248,-1.07284353,-1.895851619,-0.233827799,-0.108730074,8,1
21022024,0.113855659,-0.955754507,0.692187583,-0.344157794,0.682535644,1.098902595,1.099374155,-0.24505793,-1.404283161,0.677031892,-1.585394683,-0.989039816,-0.260360803,-0.514751747,-0.252384823,-0.011740597,-0.279475237,-0.151095133,0.832591017,-0.299078965,-0.282614507,-0.147748804,0.156212541,0.03714635,0.708898532,0.102414331,0.182427521,-0.006336945,-0.008818553,-0.011146782,-0.732342324,-0.687009934,-0.23157545,-0.288488256,-0.950343065,-0.132195411,-0.028947383,2.116097407,0.269253278,0.313165728,-0.283593562,-0.17007178,0.521350261,-0.210824248,-0.524836432,-0.769414782,-0.233827799,-0.108730074,8,1
21042024,1.775244695,1.528615667,1.687390838,1.371328338,1.397450375,1.62710135,1.624614488,2.132296498,0.841451028,2.025151316,1.212629374,1.197229728,-0.09796001,0.989110314,0.72727177,0.740733558,-1.735151672,-0.283923038,2.182311046,-1.40517103,-1.019655991,-0.251384502,0.686649663,-0.526312632,1.25439491,0.064827017,-1.671771352,-0.006336945,-0.008818553,-0.010845082,-0.775027661,-0.671592783,-0.045339116,-0.256512418,-0.076941003,-0.054568533,-0.031485358,1.574621095,-0.192155787,-0.242700517,0.276371014,-0.478507261,0.080445787,-0.210824248,-0.55578126,-1.405680655,-0.233827799,-0.108730074,5,1
21092023,0.976211258,0.311672469,0.278636868,-0.002133966,0.156202779,0.633764069,0.634872434,-0.323264757,-0.136988015,0.421290281,0.221734655,0.016834596,-0.075628512,0.216705767,0.020917237,-0.016180887,0.291800537,0.023001364,0.526677175,0.087489116,0.076011545,0.002774174,0.505091241,-0.254744964,0.252164056,-0.174976432,-0.569201668,-0.002393842,-0.013833421,-0.008917926,0.484208439,0.353868836,0.066570302,-0.056461211,0.531688692,0.610444482,-0.019062086,0.608211251,-0.300902027,-0.37264721,0.404400055,-0.360793968,-0.01087805,-0.210824248,0.017666853,0.261243291,0.046165142,0.070403175,6,1
21092024,1.024313982,0.382235082,0.310823513,0.020018815,0.178103207,0.633764069,0.634872434,-0.323264757,-0.132663116,0.458988178,0.260542077,0.037216829,-0.051462759,0.070773827,0.055646384,-0.042454669,0.085600019,0.066991261,0.349015442,0.08009062,0.065489171,-0.001262177,0.081345871,-0.14159554,0.275862609,-0.177976107,-0.266045982,-0.006336945,-0.008818553,-0.008429277,0.737666397,0.539000461,0.034911052,-0.259256562,0.603416848,0.671037757,-0.020888795,0.224436298,-0.310305648,-0.383291289,0.41483751,-0.364498837,-0.001341389,-0.210824248,0.211060837,0.230952509,0.153411261,0.096776662,6,1
22012023,2.257352196,3.124623613,2.831607584,3.555578936,2.910797827,1.679492986,1.676562964,3.438724318,3.975144679,2.810922457,2.442677157,2.563641356,4.525037883,2.903401036,1.181949179,0.830867951,53.11761852,1.525776023,1.94999444,1.953422304,2.021565298,-5.305007237,-0.952774587,7.353696066,3.596734871,10.0763052,-0.130139395,-0.004365199,-0.004093176,-0.008664789,-0.151839573,0.224560952,-0.318530137,-0.861633846,-0.970567057,-0.155052842,-0.020325276,0.224436298,1.645352742,1.69486227,-1.763781473,-0.28479278,1.928760165,-0.210824248,1.492517965,1.804884427,0.780285867,-0.027154312,5,1
22082023,1.756269486,1.472359947,1.466319738,1.719976303,1.648020267,1.592655138,1.648464879,-0.188314778,-1.843898454,0.66785028,1.346704457,1.542556333,-1.255344747,-0.033046686,-0.25537788,0.931496795,-46.06997854,-1.179045675,1.332168905,-2.28903811,-2.330951869,1.025892037,-0.078054633,-0.685106515,1.447017341,0.380298661,0.247221054,-0.012254621,-0.008818553,-0.013763937,-1.325033448,-2.332299067,-0.184814614,1.707014639,-1.061860831,-0.916917054,-0.025031033,0.898548381,2.084587786,1.986394542,-2.09523044,-1.28122086,1.786639116,-0.210824248,-1.229004135,-2.023185479,-0.233827799,-0.108730074,7,1
22112023,1.115895844,1.200793637,1.405526089,0.749489074,0.804545691,0.994421021,0.995183124,0.204843249,1.393000658,1.875869168,0.844085802,0.457891334,0.422922135,0.201698021,0.646754118,-1.598313375,-2.350445677,0.565989509,0.515956858,0.865301557,0.846887967,0.470413482,0.188380402,-0.749494553,0.488576892,-0.422575469,0.718366337,-0.006731341,-0.013523461,-0.002933187,1.628578683,0.962302888,-0.049293179,0.145328268,0.571937266,0.269883019,-0.022928791,0.224436298,-0.996422037,-1.137445122,1.13398065,0.774834173,-0.696245601,4.814147496,1.485103993,2.118568929,-0.576406532,0.059688506,5,1
22112024,0.809610506,1.207287977,1.489832546,0.905732785,0.861254776,0.994421021,0.995183124,0.204858601,1.363107098,1.985472201,0.957957859,0.665844507,0.350539687,0.271179949,0.532011689,-1.598313375,-2.162135482,0.47855224,0.60076882,0.613434677,0.599194883,0.292633807,0.10889769,-0.982516943,0.420231415,-0.319607046,0.115050335,-0.006336945,-0.008818553,-0.005522153,2.033896917,1.236472941,-0.055155558,-0.266097244,0.266674461,-0.103096267,-0.022558429,-0.212683934,-1.037811899,-1.177625756,1.171076995,0.742384512,-0.833560393,4.811931282,1.2303977,1.466342994,-0.770732213,0.074878401,5,1
22312023,0.299745013,0.579344297,0.483077505,0.281689451,0.501070833,-0.100350651,-0.10129693,-0.010569838,0.07893339,0.458946282,0.179214906,-0.15763535,0.051843055,0.883230975,0.111260594,1.245736085,0.475651024,0.023468585,0.576317422,0.02597227,0.016036536,-0.291628385,-0.061952352,0.084273679,0.617035462,0.049643745,1.641890874,-0.001605407,0.011136721,-0.009539161,-0.034377936,-0.035048935,-0.089251684,-0.832981044,0.405911267,0.104945407,-0.01561733,0.736722856,0.227327185,0.263005893,-0.232257313,-0.033300642,0.570307085,-0.210824248,0.40033496,0.392585246,0.806028902,-0.028687922,5,1
22312024,0.901143511,0.703034195,0.594043583,0.717879457,0.636113924,-0.100350651,-0.10129693,-0.127163631,0.123482554,0.51765246,0.221205463,-0.068236233,0.014514389,0.83994341,-0.00736695,1.215051688,-0.634607308,-0.004844084,0.701113076,0.068742502,0.06165798,-0.070096012,0.210045526,0.317049652,0.743353747,0.041103386,1.210764166,-0.006336945,-0.008818553,-0.009435283,0.204107006,0.246632676,-0.099320757,-0.510087024,-0.330302768,-0.2547764,-0.017043097,0.904082888,0.387322092,0.453321859,-0.427881874,-0.2017011,0.730605227,4.812771233,0.158972284,0.723438446,-0.158449559,0.030729332,7,1
23122023,2.34871054,2.324339524,2.159777029,2.415883969,2.186074244,1.879021291,1.874123546,0.285414652,-0.030501995,2.053673018,3.02666833,4.379759,1.419698785,2.144652145,1.584241467,1.999664563,1.68037257,0.503858594,3.021422771,0.162641986,0.622668835,2.001319859,-0.541724822,-1.733171106,2.129824578,1.203413455,-0.960478236,0.196677271,-0.007402987,-0.010361443,-0.081407939,0.263397439,-0.051256491,1.358111096,-0.558767024,-0.147439878,0.037775906,0.915016494,1.24299565,1.360704432,-1.393214138,-0.301962223,1.139015874,-0.210824248,0.106191544,-0.221437784,-0.153808454,0.030425281,6,1
23122024,1.952223917,2.337097841,2.160972368,2.382981212,2.166147946,1.880486326,1.875572418,0.308716921,0.137869902,2.122377963,3.052466065,4.437533665,1.496420123,2.04382179,1.984118689,1.838962918,0.782868807,0.753231425,2.655646069,0.533623584,0.806568414,0.528291654,-0.157263574,-2.94193787,1.966705925,1.116335188,-0.774244024,-0.006336945,-0.008818553,-0.010191239,-0.065770673,0.179294336,-0.044675929,0.163353772,-0.447425806,-0.110555323,0.003082088,0.395363039,1.107626616,1.233604683,-1.254565911,-0.24057755,0.85611067,-0.210824248,0.317012375,0.088536514,-0.016283115,0.021536537,6,1
23142023,0.280327787,0.139313825,-0.029629752,0.377362262,0.29147706,0.53340722,0.534442416,0.12879731,-0.82255089,-0.45808722,-0.007370208,-0.106599906,-0.182275102,0.645413371,-0.185790878,1.352305236,0.320499875,-0.265582592,0.752592881,-0.357407735,-0.351904683,-0.143193233,0.071203278,0.04240924,0.389636715,-0.011775765,1.595668316,-0.012649268,-0.008818553,-0.011536686,-1.354095725,-1.615494772,-0.281325238,-0.536422442,-0.66107383,-0.583615421,-0.027009048,1.165628171,0.995310777,1.123144038,-1.135026033,0.154141897,1.02886354,-0.210824248,-1.014868897,-1.277022418,-0.233827799,-0.108730074,8,1
23142024,-0.104672244,-0.261188899,-0.309567835,0.270173584,0.206128938,0.53340722,0.534442416,0.12879731,-1.326201984,-1.234186408,-0.471239927,-0.342233664,-0.315938411,0.632018553,-0.283101669,1.220393706,3.420398834,-0.481597833,0.68647745,-0.663655117,-0.683991623,-0.061064527,0.107504208,-0.162758024,0.28596366,-0.014884088,2.027211908,-0.006336945,-0.008818553,-0.013343397,-2.469130878,-3.331184765,-0.294016955,0.046451143,-1.231492718,-1.132270814,-0.025194712,1.536341375,1.807443603,1.811036654,-1.894865458,-0.301778635,1.617303336,-0.210824248,-1.712637857,-2.250259151,-0.233827799,-0.108730074,9,1
23162023,0.805659031,0.469111777,0.741414542,0.423079687,0.552753843,0.197654908,0.197953156,-0.110170599,0.752584371,0.915393595,0.024881688,0.039032168,-0.369791866,-0.117611978,-0.02644074,0.17366578,0.027860278,-0.316892819,0.53774883,0.172697447,0.160828327,-0.063761733,0.4008195,0.104963013,0.577642505,-0.016472909,-0.504925454,-0.010281645,-0.008818553,-0.008250811,0.35469949,0.237260803,-0.108621612,-0.206897991,-0.107788195,-0.025408482,-0.020652175,1.059919875,-0.244360684,-0.305186197,0.338073591,0.30176807,0.10647142,-0.210824248,-1.493736701,1.097023882,1.603976925,-0.076877011,5,1
23162024,0.428837311,0.378015982,0.777984551,0.23172831,0.515393192,0.197654908,0.197953156,-0.074234259,0.841927818,1.008634603,-0.011804971,-0.008460278,-0.323987659,-0.072443621,-0.008671356,0.235227121,0.34595119,-0.279993304,0.59219934,0.137269382,0.126863263,-0.052976846,0.020368075,-0.189353298,0.510744429,-0.014190364,-0.412044331,-0.006336945,-0.008818553,-0.008709882,0.444712957,0.286929959,-0.107697523,-0.181613475,0.152416163,0.142678057,-0.020071546,1.101421045,-0.419113643,-0.511467768,0.539927877,0.396615446,-0.067226633,-0.210824248,-1.327773316,0.88830176,1.569953208,-0.074743253,5,1
23232023,1.096911378,1.222452188,1.165874123,0.479991536,0.682368621,1.690615892,1.687587979,1.595448398,-0.083425588,1.551545119,0.546341921,0.297650225,0.036433043,1.229920966,0.849979212,0.930643791,0.727571391,-0.196364315,0.847894918,0.287294585,0.282950839,0.025261559,0.05069334,-0.088986197,0.707441922,-0.63991255,-0.738733718,-0.01620188,-0.008818553,-0.008610404,0.568663747,0.286929959,-0.208016753,-0.065803244,1.105113929,1.097089745,-0.021043176,0.678839991,-0.802332839,-0.938830152,0.948685268,0.51295949,-0.214750507,-0.210824248,-0.477880718,-0.005544708,0.404775483,-0.004607423,8,1
23292023,1.304017182,0.996989574,0.93216949,0.853463196,0.729069418,1.224913619,1.43038778,-0.207131935,0.265875622,1.1191636,1.152153451,0.962087352,0.323452288,0.852070821,0.22856584,1.067999964,-0.594272567,0.331123885,0.352055329,0.367059104,0.350422775,0.289943581,-0.107988248,-0.441537201,0.138776042,-0.339182687,1.241128112,-0.006731341,0.004865005,-0.005310036,1.113434962,0.950860518,0.193370019,0.303497637,-0.039036493,0.271571939,-0.022623155,-1.069203664,-0.199208817,-0.251162398,0.284741835,-0.261094534,-0.656986167,-0.210824248,0.300344532,0.309037834,0.210184496,-0.019490591,6,1
23292024,1.397211934,1.00193638,0.973560778,0.96894696,0.792585739,1.231794871,1.435111317,-0.100598307,0.317215655,1.14124752,1.133009557,0.99130428,0.176785984,0.893607585,0.129005452,1.091349867,-0.213640894,0.158159208,0.039236469,0.223739711,0.204697522,0.372925012,-0.270647711,-0.231605712,0.182203092,-0.379489395,0.329825617,-0.006336945,-0.008818553,-0.003893006,0.277891692,0.187261047,0.097304819,0.402028526,-0.294707501,0.132276155,-0.022809349,-0.973721154,-0.119028229,-0.155102492,0.189441525,-0.51011056,-0.614040525,-0.210824248,0.002034431,0.07426571,-0.186473396,0.002339997,5,1
23322023,1.338134787,1.072873498,0.853957939,0.583430115,0.503944924,1.287221373,1.286935101,0.219373442,0.244352245,1.143133655,1.117090776,0.872876741,0.414146112,1.699688122,0.530905509,1.386596837,0.097111728,-0.042001278,0.301748945,0.102887585,0.087457218,0.079932373,0.550945884,-0.20402463,-0.101145115,-0.463376919,-0.442546465,0.006275718,0.011232487,-0.007953953,-0.027111842,-0.109030352,-0.108574668,0.240128095,0.667327764,0.564186012,-0.021425271,-1.069203664,-0.599483831,-0.717846657,0.738963245,0.432971145,-0.968730936,-0.210824248,-0.333042747,-0.060177929,-0.072400442,0.025136739,7,1
23322024,1.39254367,1.059329909,0.848080142,0.623925915,0.499575286,1.286713159,1.286429354,0.219535144,0.207936508,1.136089589,1.039603505,0.767309502,0.390169356,1.736141502,0.485971955,1.408836644,0.269739144,-0.141315765,0.313125772,0.002570467,-0.012088632,0.09180506,0.026816995,-0.227634718,-0.173094031,-0.544163681,0.091992402,-0.006336945,-0.008818553,-0.009298565,-0.142344132,-0.209524387,-0.032004903,0.192141316,0.56430401,0.563045946,-0.012062488,-0.943073834,-0.598307395,-0.716220761,0.737406941,0.45016925,-1.048518864,-0.210824248,-0.482226154,-0.265813643,-1.171019354,0.149747414,7,1
23372024,2.08603847,1.716322322,1.912047249,1.249917736,1.670614664,1.993627927,1.987385703,-0.129845255,2.781267825,2.249835535,1.493010744,1.340980811,0.796905064,2.418562135,1.613299382,2.790057652,0.028561309,-1.618215705,1.597620421,-2.012486655,-1.959733762,-0.135249209,-0.843773471,1.991907615,1.703914088,0.563182058,-0.323177603,-0.006336945,-0.008818553,-0.012172772,-0.838502252,-0.72944871,-0.027511236,-0.244104452,0.563049354,0.273970181,-0.026438458,0.996452014,0.00046286,-0.010210088,0.044567069,-0.784166124,0.408449468,-0.210824248,-1.022649105,-1.15856575,-0.233827799,-0.108730074,5,1
23382023,0.528986609,0.550995847,1.027076895,1.128072261,1.21753926,0.550586992,0.551639694,0.243723024,0.098006334,0.434960455,0.528101774,0.254316167,0.067291634,0.74627838,-0.588144345,1.01803071,0.221359611,0.0798418,1.484286084,0.019545401,0.05683169,0.038653989,-0.553012612,0.910716341,1.290205025,0.388607576,1.008324385,0.017693659,0.010849299,-0.010237501,-0.310025183,-0.207706438,-0.137556706,-0.084393334,-1.798832024,-0.679643574,0.025612735,1.569224965,1.553794918,1.624496472,-1.684976943,-1.07838434,1.7955148,-0.210824248,0.323580853,0.013939084,-1.106744596,0.113517403,8,1
23402024,0.914926326,0.533439901,0.774168616,0.545446216,0.713740122,1.036509025,1.037164881,0.288468018,0.020643247,0.817224007,0.163606946,0.039618097,-0.169196406,0.769919417,-0.04185042,1.177125962,0.085956786,-0.299642771,0.519806096,-0.335333704,-0.34518266,-0.110390224,-0.351341547,1.101086484,0.740847628,0.044299003,0.554351221,-0.006336945,-0.008818553,-0.012146772,-0.909924079,-0.778874218,-0.093671693,-0.309295506,-0.267145189,-0.062948455,-0.026085834,0.931086449,0.148593918,0.16862922,-0.136098909,-0.766746597,0.443715818,-0.210824248,-0.802755088,-0.859765439,-0.233827799,-0.108730074,5,1
23482023,1.535143787,1.527486789,1.283901782,0.99795549,1.407238113,-0.32828962,-0.050012823,0.193557601,0.331069397,0.862570035,0.581690365,0.217846506,0.214440886,0.502690546,1.2377994,-1.598313375,0.149232449,0.294078546,1.197554968,0.361843583,0.3729018,0.237719415,-0.016385721,-0.042595483,1.370919087,0.378285527,-0.156560177,-0.00357661,-0.018429978,-0.009187122,0.440896901,1.367115161,-0.181370098,0.364000359,0.689330822,-0.161597779,-0.01879023,1.694169569,1.348851,1.454988416,-1.496856128,2.425128173,1.420103435,-0.210824248,2.543540593,2.759480591,0.077903237,0.00954803,6,1
23492023,1.421533805,0.849984655,0.948077142,0.557524646,0.843851354,1.389978771,1.389145004,0.17657542,-1.021082084,1.03526101,0.569928126,0.37790922,-0.045366484,1.038176929,0.244267991,0.857422856,-0.108361962,-0.206855854,1.114832367,-0.145591993,-0.093265056,0.07595725,0.049244303,-0.139065638,0.900476654,-0.003505335,-0.810316313,-0.019360996,-0.045675942,-0.010538812,-0.565893396,-0.53579785,0.144035386,0.035234402,0.318581872,0.48969869,-0.035644062,1.109372342,0.100807132,0.110896802,-0.077554706,-0.532117463,0.489798611,-0.210824248,-0.542491803,-0.501925642,-0.233827799,-0.108730074,8,1
23512023,0.162876588,0.628840006,0.615401835,0.441177512,0.504376581,0.194036236,0.194322594,-0.09654844,0.40455995,0.723879872,0.828258707,0.627764057,0.070430615,0.570007491,0.085504734,0.851601306,-0.069053283,0.124071033,0.627267924,0.130567567,0.121048227,0.166825702,-0.036305468,-0.352335728,0.445025028,0.010632842,1.423017265,-0.004759516,0.010561688,-0.008858673,0.328200235,0.278853638,-0.003912085,0.312712684,0.156193466,-0.204307286,-0.019830775,0.106098302,-0.091617716,-0.121948094,0.156410385,-0.712084866,0.059084252,-0.210824248,0.891718938,0.852421817,-0.292090746,0.039619141,5,1
23522023,2.636891684,2.554620188,2.438887247,2.717233774,2.422113037,2.02362406,2.017002401,0.410979754,2.20343457,2.55263141,3.246449995,4.65442509,5.201224562,3.120457384,1.986948551,2.813425683,-3.66669218,0.874641239,2.751200311,1.136434292,1.434706249,1.691215644,-1.47598141,-2.678106045,2.373053532,1.654704835,-0.210527625,0.014544964,0.049661816,-0.010021503,-0.001619153,0.215884424,-0.036774051,0.195439692,-0.647026225,-0.362730453,-0.006027642,0.37424091,1.012236828,1.139735809,-1.152926012,-0.277053736,0.866970772,-0.210824248,0.236322844,0.353390618,-0.714271837,0.070286681,5,1
23552023,1.40633321,1.23323029,1.084040495,0.866744188,0.67900224,0.95354007,0.954391688,0.288182004,1.227238556,1.420849976,1.154851406,1.039918941,0.128905671,0.92887577,0.617626791,0.992932816,2.143946691,0.094092199,0.579660633,0.16025077,0.149384678,0.256494188,-0.117130826,-0.049497692,0.072436321,-0.615950906,0.020943367,-0.004365199,0.02445319,-0.008498151,-0.099399806,-0.180896798,0.137719495,0.33705667,0.39741199,0.430860453,-0.020092367,-0.452806315,-0.65030728,-0.774307566,0.792889209,-0.147610281,-0.906639204,-0.210824248,0.123097137,0.282120861,-0.332173303,0.042342119,5,1
23552024,1.102129041,1.226689899,1.110450293,0.781032438,0.652120628,0.95354007,0.954391688,0.288215489,1.308517161,1.477771448,1.136648507,1.002695656,0.160285737,0.914054267,0.673842491,1.004929627,0.812044346,0.13350474,0.630092386,0.247311244,0.236942239,0.178031581,-0.454966233,-0.162394799,0.097299563,-0.51445607,-0.63545589,-0.006336945,-0.008818553,-0.008073094,0.449802721,0.210550267,0.136618336,0.111886557,0.55707982,0.446930621,-0.020983579,-0.347395401,-0.762306976,-0.896031148,0.908351923,-0.055474133,-0.907985459,-0.210824248,0.245755085,0.532465198,-0.326899839,0.041982211,5,1
23562023,2.705909249,2.895195439,2.573487389,3.207817198,2.628277532,2.303293699,2.292532914,0.672972876,2.720298839,2.503314669,4.123187224,7.426603713,4.1181441,2.855235081,2.002770017,3.19435241,0.099002339,1.321521204,3.523731931,1.304984955,2.098174895,1.408846018,-1.502087097,-4.163306094,2.182285244,0.890979264,0.182427521,0.055422613,0.01017791,-0.01023068,-0.064566143,0.324727735,-0.059946016,0.267578333,-0.836634245,-0.413333417,0.005832488,0.405748435,1.502114151,1.583307705,-1.63904672,-0.40652823,0.70400149,-0.210824248,0.125476255,0.079650971,-0.903829962,0.086588597,5,1
23562024,2.771700535,3.097233833,2.75611344,3.482381235,2.84540915,2.303293699,2.292532914,0.668348819,2.96714047,2.628404376,4.347270642,8.169385909,5.243075466,2.943649739,2.398743884,3.281735015,0.707348741,2.106042847,3.768140497,1.666178144,2.703817671,-2.904905164,-1.277596641,6.673591753,2.48196201,1.749434193,-0.442546465,-0.006336945,-0.008818553,-0.010236363,0.24781529,1.19869321,-0.116823463,-0.856268576,-0.878224201,-0.310822463,0.00766453,0.436224594,1.775754829,1.789310638,-1.870255412,-0.357547247,0.90508461,-0.210824248,0.411305685,0.206943695,-0.821804857,0.079200149,5,1
23592023,0.467034069,0.486867163,0.374753174,0.423226252,0.234446637,0.126955765,0.127007063,-0.195612265,0.243468576,0.524261416,0.150580019,-0.04827528,-0.085803024,0.522394563,-0.014405739,0.576386604,0.077281024,-0.038585258,0.004245583,0.058469833,0.040147373,-0.111425166,-0.007562237,-0.17115958,-0.089413103,-0.21777918,-0.266045982,-0.002393842,-0.014247341,-0.007024442,0.331982233,0.203222382,-0.054279097,-0.563863639,-0.073657148,-0.053194308,-0.022162901,-0.347395401,-0.296408926,-0.367327266,0.399180551,1.123076509,-0.616238398,-0.210824248,-0.175442835,0.467337163,-0.014034659,0.021392999,5,1
23622023,1.512792139,1.372965616,2.031491699,1.611090603,1.935533092,1.322633406,1.322169476,-0.282969714,4.804963642,2.196579922,1.445883632,1.325735181,0.591543731,1.575605303,-0.225103733,1.368714268,-0.051871595,0.267149486,2.175754399,0.150520147,0.289618717,-0.00080187,-0.371673482,0.097672677,1.925777418,1.06123627,-0.810316313,0.029101268,-0.016537597,-0.010260373,-0.366172882,-0.357964339,-0.021322897,-0.233684224,-1.030578115,-0.326552306,0.006513847,1.55390508,0.56013503,0.65408556,-0.636745247,1.530322495,0.72672997,-0.210824248,0.28201302,0.015124479,-0.991330632,0.095429701,6,1
23622024,1.82092406,1.4231756,2.068161284,1.577826939,1.962174921,1.322633406,1.322169476,-0.25778333,4.902879175,2.259869601,1.514062738,1.418826858,0.657329949,1.560826641,-0.010907181,1.393149789,0.087548842,0.351462472,2.260676234,0.290975643,0.446654699,0.279827787,-0.024298537,0.30065246,1.973690018,1.054736501,-0.63545589,-0.006336945,-0.008818553,-0.010190121,0.120977007,0.225896733,0.020276393,-0.054901286,-0.816923701,-0.093782423,-0.001290322,1.534835544,0.524627873,0.613226394,-0.594028088,1.574635851,0.717935553,-0.210824248,0.448138074,0.278947716,-0.879305316,0.08431012,6,1
23672023,0.188979057,0.728945174,1.04111653,0.997519936,1.02507909,1.364341666,1.363653684,0.706437856,-0.197132269,1.00158782,1.068815573,0.97765296,-0.017455831,1.119831142,-0.224850969,0.617827008,0.285635657,-0.212309247,1.323941202,-0.247501237,-0.157249742,0.108016106,0.018694625,-0.219754481,0.995387259,0.25320677,0.160262474,-0.022126224,-0.018429978,-0.010624815,-0.714786256,-0.703201287,-0.029837471,0.085121485,-0.98156823,-0.446633434,-0.046942986,1.029017585,0.461375311,0.540047853,-0.517790196,-1.129281542,0.66753173,-0.210824248,-0.554598393,-0.610571167,-0.233827799,-0.108730074,7,1
23672024,0.360854763,0.847566337,1.102619719,1.001503819,0.972582348,1.405965821,1.405037997,0.885002998,0.026379242,1.219050483,1.232493719,1.064664916,0.369156961,1.236461196,-0.102985881,0.66429438,0.27718192,0.234135539,1.336644661,0.252847502,0.274322965,0.300098114,-0.26737246,-0.191648245,0.883166078,0.174694305,0.687065767,-0.006336945,-0.008818553,-0.009657525,0.564814364,0.61958172,-0.038536417,0.474276151,-0.71656146,-0.269602334,-0.016888137,0.757346474,0.09294265,0.101522139,-0.068068177,-1.048155057,0.296843818,-0.210824248,0.153277237,0.143637198,0.804907685,-0.028621142,6,1
23712023,2.232081206,2.164336957,2.256113483,1.997072559,2.107281926,2.11000605,2.102224819,0.815640726,2.892425324,2.571874224,2.03075068,2.24008711,1.127967669,2.145704542,2.415814807,1.855825032,-16.40936282,0.175201928,2.192767262,0.358494577,0.496655337,0.451882045,-0.367647969,-0.298638711,2.013707508,0.562757602,0.204305575,0.077783238,0.305953762,-0.010123789,-0.071789784,-0.043972254,-0.044114472,0.028039232,-0.010194273,-0.057690836,-0.009926305,0.951917896,0.374226455,0.437898647,-0.411942895,0.002863672,0.44579103,-0.210824248,-0.250575849,-0.182623076,2.062557674,-0.108730074,8,1
23752023,-0.033929345,0.630867375,0.737304988,0.726234334,0.532718388,-0.424246882,-0.427122471,1.136580146,0.25756551,0.924314479,0.241858935,0.082590841,-0.128520188,0.161758334,-0.077348166,0.283032859,-1.682740987,-0.02807515,0.881816326,0.016694055,0.0160933,0.10529126,1.20676465,-1.279545921,0.591586074,-0.054742667,-0.352368754,0.03657012,0.080217862,-0.009950023,-0.184927116,-0.192506673,0.13833557,0.45212113,-0.503186367,-0.070004251,-0.006434173,1.143815004,-0.288544443,-0.357754868,0.389784136,0.234703053,0.120119717,-0.210824248,0.05891187,0.522338882,0.750186315,-0.025360113,5,1
23752024,0.101130016,0.699426575,0.769590702,0.698383215,0.521072595,-0.424246882,-0.427122471,1.136580146,0.312011389,0.99009613,0.305051267,0.110804974,-0.08234532,0.225829454,0.002689644,0.218032635,-0.106512869,0.014417449,0.649152315,0.066786794,0.058313778,0.069083048,0.004834891,-0.147070671,0.544254831,-0.12697907,-0.569201668,-0.006336945,-0.008818553,-0.009355371,0.260336965,0.13301315,0.160594557,0.293456957,-0.291265483,0.08490478,-0.017374055,0.655979304,-0.387348122,-0.474530771,0.503994171,0.340631889,-0.003612712,-0.210824248,0.525072345,1.014406455,0.742774471,-0.024918099,5,1
23802023,-0.21888247,-0.460943742,-0.730562875,-0.056622192,-0.19872289,0.381115981,0.381908396,-0.280172961,-0.784730664,-1.251510281,-0.365011692,-0.402695598,-0.190438119,0.508624732,-0.230161354,1.097536818,0.950452357,-0.225797425,0.302747885,-0.279936096,-0.296661027,-0.044202709,0.080619786,-0.042536845,0.002872199,-0.054616365,0.068625784,-0.006336945,-0.008818553,-0.012651404,-1.877443304,-2.087954424,-0.279598255,0.414739363,-0.750581746,-0.497033658,-0.025656802,0.870176351,1.108163763,1.234105973,-1.255110406,-0.529591301,0.935457432,-0.210824248,-0.971372407,-1.143813088,-0.233827799,-0.108730074,9,1
23802024,-0.492507912,-0.775012163,-1.001119349,-0.118445069,-0.28221725,0.381115981,0.381908396,-0.276946636,-0.962650069,-1.960674955,-0.193032958,-0.244897134,-0.202713809,0.391000887,-0.271386464,1.075987519,-2.645809821,-0.210002495,0.21816826,-0.275696543,-0.295201447,-0.063484968,0.083199834,-0.073794704,-0.057235827,-0.053619359,-0.05304363,-0.006336945,-0.008818553,-0.013112756,-2.209366949,-3.099774748,-0.274674299,0.062524679,-1.222247189,-0.873974324,-0.025233394,0.465718486,1.820227968,1.819921185,-1.904942419,-1.484289574,1.492270628,-0.210824248,-0.91254986,-1.128267858,-0.233827799,-0.108730074,D,1
23872023,1.339716254,1.198038713,0.975897394,1.132297444,0.876700413,0.269683678,0.270201535,-0.284885795,0.890572979,1.056481775,1.351707871,1.256963455,0.337027122,1.118004262,0.269507414,1.459930491,0.028561309,0.252657529,1.255439791,0.284535085,0.30002238,0.495920067,-0.169680335,-0.816602833,0.577582944,-0.202368868,-0.412044331,-0.001999617,-0.008008787,-0.00947892,0.190408952,0.225228811,-0.001754637,1.329261263,-0.253842209,0.143868069,-0.016034934,0.405748435,0.130998377,0.147320162,-0.114465617,-0.196367874,-0.007964863,-0.210824248,1.595057967,1.617950117,0.252267156,0.004716275,5,1
23882023,2.041784991,1.27360822,1.106629474,0.871416851,0.851834597,1.141482184,1.142494406,0.18882926,0.703392565,1.344292797,0.9416192,0.665801252,0.302829343,1.591971608,0.697160784,1.897121124,0.028561309,-0.077003195,0.711966569,0.07495177,0.068124742,0.191268934,-0.137185157,-0.439830681,0.376555575,-1.072482246,2.157028536,-0.037155755,-0.334511183,-0.009414512,-0.215433532,-0.243804527,-0.033155946,0.455526466,0.464294825,0.622205288,-0.016536009,-0.042444159,-0.270521989,-0.335967771,0.368374891,0.840885322,-0.492117016,-0.210824248,-0.402281022,-0.056561523,1.552780618,-0.073671509,7,1
24012023,1.336985865,0.734529512,0.72212478,0.052286514,0.207995028,1.273593575,1.273372636,0.152211798,0.002849537,1.082496383,0.34052703,-0.090165704,0.187004017,1.478092542,0.317669717,1.976896009,0.028561309,-0.159073258,0.411366613,-0.11567119,-0.118277682,0.081675166,-0.050857287,-0.200145848,0.135160504,-0.468546748,1.068304784,-0.013438613,-0.008818553,-0.010710208,-0.495354303,-0.452532863,-0.036893904,-0.04787155,1.096159304,1.095380495,-0.02847808,-0.141693542,-0.995069292,-1.135773582,1.132434499,0.63250512,-0.63949999,-0.210824248,-0.507260779,-0.479734191,-0.233827799,-0.108730074,5,1
24022023,0.735889898,0.613576344,0.472450103,0.517473196,0.344849428,0.724545142,0.725658055,0.441177055,-0.011756642,0.604947507,0.653608038,0.467238468,-0.031600727,0.487678594,0.035368859,0.895896817,0.202503045,0.028358374,0.452876396,0.040347152,0.027747576,0.076293227,-0.070474842,-0.049340072,0.24014655,-0.098464215,0.638744183,-0.00357661,-0.011262478,-0.009170676,0.02274543,-0.044608931,0.048896333,0.33705667,-0.042959478,0.282155729,-0.019143163,-0.074614845,-0.212449116,-0.267037458,0.300433414,-0.113652424,-0.168596314,-0.210824248,0.003237856,0.024596983,-0.666824204,0.066551914,6,1
24022024,0.745041602,0.776451617,0.664724301,0.765330761,0.610653267,0.724545142,0.725658055,0.460232701,0.03670447,0.708825747,0.732135529,0.519724756,0.044956605,0.623916851,0.030540413,0.975510179,0.085935806,0.084686425,0.730063314,0.100817823,0.094302411,-0.004090242,-0.229834691,0.395361685,0.516542043,-0.035346284,0.48313129,-0.006336945,-0.008818553,-0.009289294,0.691050635,0.605646782,-0.055660874,-0.129494925,-0.290153985,0.118327945,-0.01853801,0.319292522,0.106355846,0.11766518,-0.084407317,-0.16100987,0.183681003,-0.210824248,0.22877259,0.252374616,-0.853593034,0.081988586,5,1
24062023,0.922572773,0.491849054,0.772238143,0.379510022,0.611369681,0.844641613,0.845667401,0.262840808,-0.579381538,0.921525726,0.103133982,0.062676271,-0.266158391,0.661238704,0.008195607,1.002309833,-6.084748052,-0.447800583,0.742209253,-0.702966288,-0.721291093,-0.021409103,-0.20974772,0.202084543,0.665762078,0.015024229,-0.774244024,-0.006336945,-0.008818553,-0.013195742,-1.28678818,-1.025174492,-0.046137832,-0.02117258,0.035111458,0.048283746,-0.025250271,1.097403147,-0.154052606,-0.196746985,0.2308304,-0.445674419,0.234814424,-0.210824248,-1.249478398,-1.791012786,-0.233827799,-0.108730074,8,1
24062024,0.794389466,0.665119943,0.823505075,0.315057853,0.752232559,0.844641613,0.845667401,0.325216611,-0.72209938,0.876561433,0.498754955,0.38809826,-0.191202686,0.75267249,0.170002296,1.026064261,-1.878700979,-0.3427541,1.068344612,-0.535847908,-0.505305733,-0.898985724,0.0306037,0.811475452,0.851651384,0.117203226,-0.63545589,-0.006336945,-0.008818553,-0.011406062,-0.984444254,-0.857604888,-0.143514178,-1.015333587,0.487510612,0.529461133,-0.027648109,1.132570836,0.14092899,0.159276248,-0.126600081,-0.300128201,0.563500252,-0.210824248,-1.008958522,-1.415767579,-0.233827799,-0.108730074,8,1
24082024,3.248181446,2.554257902,2.49110311,2.044993932,1.792023933,2.240032276,2.230308158,6.196380654,11.54948753,3.294612127,1.713456796,1.977582236,-0.427967792,2.426302588,7.101877118,2.890082259,0.028561309,-4.346010533,1.657632585,-3.73909658,-3.789868844,0.197194762,-2.7586058,5.58252874,1.697784961,-3.992388208,-1.162420504,-0.006336945,-0.008818553,-0.013615655,-0.49742317,-0.449627798,-0.03827992,-0.160237942,0.755957355,0.622651242,-0.025556548,0.475339544,-1.139119707,-1.27412773,1.259609242,-0.477771394,-0.479184481,-0.210824248,-1.429189264,-1.243029593,-0.233827799,-0.108730074,5,1
24092023,3.45514939,2.727566963,2.82581735,2.790878948,2.736843471,2.588855663,2.572574347,9.356452704,3.808557965,3.296031325,3.427976902,5.480802612,0.544783973,3.084303027,4.615940157,3.322008432,0.028561309,-9.140285591,3.080056586,-12.73201127,-11.95319072,1.236686149,-4.102498988,7.52312476,2.823342145,1.151992283,-0.774244024,-0.006336945,-0.008818553,-0.011753922,-0.891896335,-0.865360389,0.03410506,-0.175751389,-0.340471767,0.031020007,-0.027514538,0.591649172,0.582221855,0.679083992,-0.662933608,-0.774509796,0.530704688,-0.210824248,-1.253890835,-1.536608115,-0.233827799,-0.108730074,6,1
24092024,3.316559606,2.70206909,2.838459749,2.894098831,2.773643223,2.587501843,2.571250276,8.436790983,3.41962178,3.269541101,3.541949311,5.607303712,3.77535603,3.220603401,2.582294205,3.483363948,0.028561309,-3.479887391,3.241737325,-0.384410229,0.435479917,2.870181851,-5.631939787,-1.900543343,2.871862131,2.121695302,-1.039270233,-0.006336945,-0.008818553,-0.010440318,-0.363954895,-0.352992653,0.031921575,-0.093638703,-0.651197593,-0.240623307,-0.15399853,0.648211092,0.693619496,0.803766634,-0.794158502,-0.762228294,0.604705627,-0.210824248,-0.711966691,-0.457429763,-0.233827799,-0.108730074,6,1
24132023,0.053330585,0.068432461,-0.13376772,0.104786117,0.137825688,-0.223258776,-0.224869018,-0.144722654,-0.116872589,-0.394329886,0.211124988,0.058542169,-0.136680762,0.257605639,-0.119708089,0.74847068,0.023299694,-0.050229198,0.342923706,-0.045770849,-0.059639675,-0.023320549,0.102147391,-0.09940185,0.275060787,-0.024687244,0.427406912,0.020448123,0.343955676,-0.010003508,-0.300920742,-0.267540376,-0.103746921,0.233489211,-0.130523337,-0.419229208,-0.008567801,0.272987968,0.649652636,0.754972103,-0.742682634,-0.088276535,0.728917681,-0.210824248,-0.215836468,-0.158951979,1.08906225,-0.045542718,7,1
24142023,-0.08950253,0.604674216,0.300606658,0.569266517,0.364110571,0.060746324,0.060538705,-0.179545396,-0.059703521,0.247606616,1.404288637,1.413294287,0.082253038,0.955901606,0.000125307,0.645341841,-0.870604411,0.033249349,0.257572333,0.03288753,0.017288092,0.173045968,0.001677242,-0.483955553,0.048543162,-0.074862463,-0.323177603,-0.00515385,0.003793906,-0.008724666,0.13333719,0.21721859,0.017274334,2.120605314,-0.179938673,0.089403896,-0.020253078,-0.973721154,0.253196566,0.294043861,-0.26400444,-0.030566043,-0.218448282,-0.210824248,0.375100061,0.342157296,-0.992022083,0.095505626,5,1
24142024,0.395650969,0.783169963,0.443552356,0.797618754,0.561273187,0.060746324,0.060538705,-0.179545396,-0.04926329,0.272902553,1.434698907,1.453304976,0.100506117,0.978584925,0.0128106,0.671008917,0.152943529,0.045572607,0.270422024,0.053202339,0.037653164,-0.254768765,0.217204779,0.246072286,0.343100855,-0.028782844,-0.266045982,-0.006336945,-0.008818553,-0.008481108,0.255326538,0.342335943,-0.04401236,-1.211944895,-0.353064018,-0.029328366,-0.020712874,-0.973721154,0.561665801,0.65561668,-0.638348086,-0.00090621,0.26275006,-0.210824248,0.466760008,0.481062607,-1.011869159,0.097743258,5,1
24152023,-0.303655102,0.684521472,0.327161749,0.776243043,0.591968839,-0.676861525,-0.681628986,-0.219947225,-0.155248249,-0.146557242,-0.271684077,-0.334829962,-0.183615626,-0.366500545,-0.067006098,0.09831854,-0.030189619,-0.032067417,0.547190943,-0.069795794,-0.0792003,-0.23478407,0.088294364,-0.108650393,0.636975663,-0.205592028,-0.412044331,-0.140442443,0.020898895,-0.010372317,-0.45149943,-0.468848986,-0.090399851,-0.957680756,-0.511737931,-0.007705157,0.047929807,1.226118959,1.142418954,1.267175277,-1.291070446,0.379502252,1.212924333,-0.210824248,0.094986871,-0.366935876,-0.233827799,-0.108730074,7,1
24152024,-0.262980848,0.682707166,0.319147561,0.666489762,0.518803029,-0.676861525,-0.681628986,-0.219315797,-0.140418552,0.022279023,-0.264685193,-0.358290191,-0.16224372,-0.318614532,0.00848215,0.120114454,0.001369367,-0.021227821,0.361393934,-0.040708384,-0.054324232,-0.003865666,0.074113528,-0.122746771,0.560250308,-0.262928467,-0.569201668,-0.006336945,-0.008818553,-0.009951065,-0.075398396,0.092960652,-0.068809187,0.498188294,-0.250124121,0.1323514,-0.007295535,0.904082888,0.799593843,0.919349028,-0.916720817,0.612559617,0.88847329,-0.210824248,0.238445636,0.008245012,-1.120762938,0.119284657,7,1
24192023,0.805667982,0.756640828,0.502425868,0.453435868,0.432216974,0.765016984,0.766112565,0.16039866,-0.167168902,0.578664555,0.72225662,0.476050109,0.100786543,1.13258637,0.197127075,1.203789348,-2.513931768,-0.015712862,0.844341848,-0.033449883,-0.034795556,-0.001378894,0.083468525,-0.245408421,0.176043036,-0.134701233,0.536865261,0.016119411,0.065027928,-0.010189003,-0.201380904,-0.206493743,-0.053739372,-0.289836923,0.365302137,0.178815801,0.000634769,0.484858236,-0.035566293,-0.054211329,0.088705358,0.170209108,-0.249182925,-0.210824248,-0.183346869,-0.269706009,-1.846662397,1.15105595,6,1
24212023,1.326195228,0.919840586,0.644687295,0.722533746,0.548867077,0.609948085,0.61430123,0.268783483,0.228561929,0.736186638,0.957803626,0.654688526,0.372536791,1.254636264,0.225982287,1.436070045,-0.007644601,0.228788014,0.475792851,0.277165381,0.263280574,0.227065364,0.026658706,-0.080281136,-0.003514703,-0.391234543,1.755017313,-0.006336945,0.001348183,-0.007087307,0.887389516,0.976617957,0.096347914,1.197218463,0.097623586,0.303536872,-0.021937669,-0.4973533,-0.032011082,-0.049492942,0.083978207,0.080299221,-0.619326623,4.818912099,0.946517373,1.050291779,-0.519361043,0.055500103,5,1
24272023,-0.159997894,0.358028754,0.139964024,0.194013705,0.300827347,0.278256097,0.27879791,-0.161621087,-0.13076614,-0.019835832,0.108540124,-0.173008189,-0.009370095,0.750118658,-0.00788562,0.836278676,0.028561309,-0.006045776,0.398721088,-0.007273129,-0.020515194,-0.181039584,0.073820315,0.196927033,0.338605355,-0.001571782,0.268268366,-0.001605407,0.01218901,-0.009581579,0.265349718,0.391967944,-0.159905234,-0.681463915,0.198820051,-0.699224951,-0.016233668,0.512815953,0.472249479,0.552854684,-0.531107655,0.145714032,0.509477597,-0.210824248,0.000830849,-0.019137863,-0.48074176,0.052717404,7,1
24272024,-0.206787699,0.505173175,0.256043035,0.429134306,0.44802036,0.278275732,0.278817599,-0.16515205,-0.115819767,-0.000280291,0.250899281,-0.018219306,-0.001849718,0.790458136,-0.004303473,0.834803031,0.028561309,-0.008727953,0.467699237,0.000671472,-0.011371817,-0.108409981,0.069530975,0.050559159,0.420650377,0.019961034,0.160262474,-0.006336945,-0.008818553,-0.009600959,0.014208525,0.109343217,-0.159486121,-0.556394088,-0.051835537,-0.95222592,-0.016058357,0.455993427,0.703154895,0.81443018,-0.805428882,0.109411913,0.645671454,-0.210824248,-0.015794926,0.027435081,0.180201859,0.00917275,7,1
24422023,0.32361406,1.211302121,0.857848572,1.256951192,1.026340978,0.549980539,0.551032658,-0.467729406,0.017358385,0.429214099,-0.204955614,-0.337361527,-0.138426752,-0.252066726,0.121616953,-1.598313375,0.028561309,0.001668753,0.075050688,0.036745108,0.019130494,0.022499987,0.027929464,0.152100834,0.94528927,0.151746858,-0.294406113,-0.00515385,-0.008615891,-0.007914727,-0.042844947,0.233916591,-0.196510065,0.652261327,-0.521687034,-1.496466708,-0.021449438,1.810721831,1.2009588,1.322222088,-1.35110807,2.055528924,1.175474045,-0.210824248,-0.049626559,0.092273438,1.782496762,-0.088367483,7,1
24422024,0.637113081,1.557096035,1.170272047,1.601430859,1.362444778,0.570958496,0.572029309,-0.271401411,0.048253921,0.488335327,-0.741320642,-0.706962408,-0.189617161,-0.856607544,0.332650939,-1.598313375,0.028561309,-0.021778131,0.301548933,0.014099032,-0.000795169,-2.167295067,-0.453789052,3.581435406,1.404207847,0.583462422,-0.104084326,-0.006336945,-0.008818553,-0.009114278,-0.263064685,-0.108404011,-0.196560134,-3.799178566,-0.54752887,-2.351790002,-0.018812067,2.051052407,1.762440928,1.779925306,-1.859638101,2.155022835,1.937754085,-0.210824248,-0.167304119,-0.018660202,1.78124361,-0.088284603,7,1
24572023,1.595806617,1.008346444,0.805406007,0.786231273,0.633956467,1.022329996,1.023023255,1.099400303,-0.09497548,0.963798188,0.923219054,0.637996864,0.305826033,1.501550098,0.299026798,1.577139287,0.470438366,0.003365526,1.008899629,0.023326564,0.028062513,0.233891626,0.064214879,0.292988717,0.306039177,-0.499003742,1.280275787,0.015332213,0.05795781,-0.010014083,-0.229437343,-0.228832026,-0.092513119,1.127493594,0.132282223,0.291605665,-0.00248405,0.512815953,-0.167891178,-0.213638126,0.247585758,-0.160663414,-0.328398962,-0.210824248,-0.178405446,-0.145827433,2.062557674,-0.108730074,5,1
24572024,1.373547806,0.917731264,0.777025512,0.591031709,0.499209248,1.022329996,1.023023255,1.099400303,-0.065229505,1.018124628,0.831068032,0.53255293,0.259040229,1.561602781,0.306938309,1.539365556,-1.272419795,-0.123618341,0.530190365,-0.010513834,-0.021190555,-0.044036941,-0.11607355,-0.259367443,0.075639556,-0.452910949,0.48313129,-0.006336945,-0.008818553,-0.009793506,0.061894502,-0.024189104,-0.111149667,-0.096712768,0.373786477,0.475972176,-0.011981148,-0.287932572,-0.45697375,-0.555457469,0.58260099,-0.229629717,-0.679703061,-0.210824248,-0.488611289,-0.242358935,2.062557674,-0.108730074,5,1
24602023,0.326685295,0.086211557,-0.05063255,0.322894947,0.224404298,0.111962042,0.11195703,-0.191235779,-0.175793196,-0.35590911,-0.181871556,-0.184331414,-0.248909539,-0.216131802,-0.185731519,-0.220927555,0.054339757,-0.166558406,0.403134551,-0.211380558,-0.21950525,-0.057919967,0.022539304,0.022763361,0.343735357,-0.025642178,0.687065767,-0.013438613,-0.049193718,-0.011532923,-0.809727714,-0.8124407,-0.024247698,-0.040825667,-0.631269981,-0.330341819,-0.029792691,1.010620735,0.752101499,0.868200243,-0.862373498,-0.749263228,0.832627272,-0.210824248,-0.857064011,-1.041670636,-0.233827799,-0.108730074,7,1
24602024,0.106437435,0.048119958,-0.048809825,0.344974915,0.25287786,0.111962042,0.11195703,-0.19122722,-0.209205241,-0.416403475,-0.041853507,-0.092015824,-0.227775035,-0.157526668,-0.209623646,-0.312655445,-0.214808999,-0.133723993,0.627108392,-0.184601074,-0.178572399,-0.103303974,-0.01061436,0.089125877,0.419463469,0.005881794,0.554351221,-0.006336945,-0.008818553,-0.0109403,-0.658793369,-0.69767137,-0.019172989,-0.312633018,-0.768147697,-0.421921155,-0.031059086,1.183149266,0.876086829,1.000210742,-1.002998796,-0.888358067,1.049191224,-0.210824248,-0.699547193,-0.918627095,-0.233827799,-0.108730074,8,1
24612023,0.601326556,0.41587393,0.283404721,0.366286004,0.343349368,0.113700642,0.113702229,0.000935527,-0.097944022,0.238563045,0.358666333,0.138067874,-0.043099255,0.833424903,-0.036349383,0.976501684,0.113420998,-0.069281545,0.439248966,-0.091952193,-0.094545817,-0.046080251,0.046080517,-0.053513111,0.321064167,-0.051155709,-0.536821459,-0.006336945,-0.008818553,-0.01052924,-0.576997778,-0.552560991,-0.056435213,-0.235078103,-0.079642437,0.013179361,-0.040013733,0.272987968,0.229024718,0.265076235,-0.234373061,-0.071939303,0.253370081,-0.210824248,-0.394010842,-0.505726614,-1.123529926,0.120587635,6,1
24612024,0.359299436,0.263297309,0.253061151,0.198426396,0.302157551,0.136591955,0.136678719,0.013037954,-0.080798096,0.227998112,0.336323766,0.109406354,-0.038218213,0.826731767,-0.060721104,0.917970634,0.617450268,-0.06080911,0.346208339,-0.022384853,-0.036384362,-0.038704137,-0.039186093,-0.01979348,0.287229906,-0.038914671,-0.70377335,-0.006336945,-0.008818553,-0.009689963,0.111101307,0.116565913,-0.092851252,-0.100549771,0.016071544,0.049927234,-0.014765998,0.119915702,0.172356463,0.197186336,-0.165135652,-0.22344026,0.20307341,-0.210824248,-0.336153391,-0.067662307,0.104583791,0.039599087,6,1
24622024,0.026697515,0.120489898,0.05978127,0.295328512,0.151466684,-0.025315422,-0.025898748,-0.144205231,-0.016349307,0.020916485,0.126318738,0.003311549,-0.168132772,0.026515919,-0.160942141,0.445739932,0.054202477,-0.056348162,0.274872337,-0.013793016,-0.02889419,-0.056483251,0.062407257,0.04759705,0.173832948,-0.039993186,-0.130139395,-0.006336945,-0.008818553,-0.009453272,0.254074297,0.233247932,-0.05956026,-0.29118469,-0.491358447,-0.100494565,-0.017197493,0.160333989,0.170097383,0.194591561,-0.162495163,0.066775718,0.171271766,-0.210824248,-0.291494178,0.048903936,0.004320712,0.020223179,6,1
24642023,0.476657664,0.865805374,0.60855543,0.992617312,0.779326054,0.271226629,0.271748833,-0.184041497,0.068512996,0.270824413,0.674726601,0.46746581,0.012329432,0.972309421,-0.072378335,1.197583493,-1.191845571,-0.065185864,0.514202054,-0.021898297,-0.032819783,-0.314833256,0.061983296,0.03471685,0.5732146,0.023092432,-0.130139395,-0.061363561,1.778846869,-0.009884907,-0.217770947,-0.119661304,-0.139729318,-1.260330494,-0.652546065,-1.003276823,-0.010966567,-0.058419293,0.95195092,1.078859531,-1.087344601,-0.59367068,0.670574153,-0.210824248,-0.370000545,-0.103842338,-0.049540397,0.02366595,6,1
24642024,0.701604854,0.83976512,0.641294953,0.869434556,0.739228697,0.319284648,0.319934614,0.096309285,0.075199413,0.458353666,0.557820419,0.343794138,-0.013310215,0.895267878,0.015092067,1.153862973,-1.013506297,-0.058383232,0.575271399,-0.04763751,-0.056891072,0.067354437,0.089490421,-0.181136306,0.374560356,-0.049031386,1.056554608,-0.006336945,-0.008818553,-0.010170064,-0.104188135,0.004038994,-0.1212497,0.768839936,-0.40543312,-1.041161429,-0.001657115,0.199266888,0.642612595,0.746832139,-0.734110559,-0.197012421,0.161641185,-0.210824248,-0.329161805,-0.267629111,-0.457141058,0.051035915,6,1
24662023,-0.083062274,-0.641620295,-0.230054555,-0.32159282,0.046186212,0.126874614,0.126925611,-0.256143928,-0.194461059,-0.458013173,-0.765343653,-0.623034844,-0.233687051,-0.429107573,-0.213641591,-0.504955709,-0.809335763,-0.108730972,0.779497587,-0.061757976,-0.064783458,-0.050208622,0.089226351,-0.033653738,0.3450888,-0.003769329,1.479250253,-0.024497196,-0.061280808,-0.010337498,-0.363954895,-0.35409978,0.101596713,0.059305402,-0.411775938,-0.272364805,0.036196649,1.861926341,0.570302692,0.665311942,-0.648501003,0.289140626,0.935208959,-0.210824248,-0.577716993,-0.338360363,2.062557674,-0.108730074,8,1
24662024,-1.439905364,-0.923091961,-0.232805756,0.072931927,0.017962249,0.126874614,0.126925611,-0.256143928,-0.198100493,-0.415036092,-0.734099331,-0.595497205,-0.237065203,-0.389894433,-0.34772797,-0.398424126,0.091301301,-0.119926325,0.782981313,-0.080488987,-0.079575568,-0.070329898,0.064240623,-0.138074218,0.273042419,0.004789767,2.081837143,-0.006336945,-0.008818553,-0.010436532,-0.157764994,-0.115912857,-0.0009646,-0.150551105,-2.14512998,-1.508341426,0.151098689,1.844816265,0.470689085,0.550805975,-0.528976556,-0.090629081,0.744307793,-0.210824248,-0.630549991,-0.457102082,-0.233827799,-0.108730074,9,1
24672023,0.565447252,0.378142393,0.284847109,0.409723642,0.446619768,0.024801388,0.024442182,-0.189948126,-0.035538909,0.078537495,0.045958541,-0.268345989,0.00936299,0.757856552,-0.078075513,1.003989257,0.113642191,0.012754033,0.31691595,0.047514206,0.0326404,0.06636099,0.038230683,-0.184952519,0.375209549,-0.070710557,0.995950525,-0.003970896,-0.016328397,-0.008717706,1.023782663,1.418445759,0.071174201,0.406263574,-0.255018743,0.178385961,-0.020662305,0.436224594,0.602999151,0.702532895,-0.687535497,0.558081142,0.48905336,-0.210824248,0.241275538,0.46778024,-0.990637996,0.09535377,5,1
24672024,0.78680046,0.594599237,0.521908978,0.45207274,0.563368304,0.024801388,0.024442182,-0.129345355,0.002279247,0.458814236,0.24293249,-0.12230484,0.09292734,0.917325795,0.052360095,1.036722818,0.097749404,0.05811341,0.527531429,0.126357148,0.114617329,0.050615081,0.034384852,-0.061048232,0.448439298,-0.133948875,2.107155181,-0.006336945,-0.008818553,-0.008593195,2.785591303,3.405488588,0.040436308,0.209476402,0.067657758,0.361726167,-0.020412618,0.574751445,0.334443709,0.391062104,-0.36363272,0.658001053,0.284596695,-0.210824248,0.588541276,1.01271556,-1.119664765,0.118781736,5,1
24772023,0.283721395,0.410365402,0.258281991,0.1801671,0.266538397,0.038094193,0.037791942,-0.350846159,0.108972968,0.280614165,-0.25234875,-0.293781807,-0.202728009,0.101638699,0.027863403,0.540462931,0.028561309,-0.13212162,0.369945756,-0.061288059,-0.074521308,-0.048389876,-0.161054944,-0.04269473,0.358698501,-0.231818173,-0.504925454,-0.014622763,-0.040974464,-0.010234088,-0.398020283,-0.392427642,-0.131160079,-0.151298362,0.321702985,0.559140164,0.021114493,0.840584195,0.048960462,0.048331148,-0.014348182,0.059386342,0.283378774,-0.210824248,-0.712876166,-0.327549954,-1.328625855,0.307640211,6,1
24772024,0.800085706,0.479941031,0.313390509,0.160007605,0.287503279,0.038094193,0.037791942,-0.350846159,0.130786596,0.364688993,-0.16931838,-0.306612182,-0.136590103,0.195825389,0.079372645,0.546681465,0.028561309,-0.041488515,0.457653648,-0.001258286,-0.013479802,-0.011917187,0.275258296,-0.071282658,0.334008919,-0.282757069,-0.412044331,-0.006336945,-0.008818553,-0.009605813,0.363545537,0.313234795,-0.135140374,0.146146408,0.484247814,0.695637868,-0.014621827,0.904082888,-0.017619689,-0.032200367,0.066641323,0.074683194,0.170758314,-0.210824248,-0.181122645,0.115107168,-0.880560294,0.084425111,6,1
24812023,1.12937796,1.216434183,1.249157616,0.9976113,1.141803858,0.919540516,0.920456457,1.435042418,0.329394994,1.340350559,0.945656408,0.670499801,0.305018606,1.360010239,0.460232289,1.458083829,0.131604356,0.096201999,1.26165438,0.162902973,0.180180738,0.209737335,-0.047500772,-0.350741498,1.103029402,0.077339203,0.622259608,0.005093913,0.023239889,-0.009789484,-0.002835215,0.006613565,-0.070883279,0.024047302,0.088404638,0.282861368,-0.014368662,0.840584195,0.235677575,0.273355965,-0.242837089,-0.159663398,0.500913746,-0.210824248,0.149716519,0.316485188,-0.049221946,0.023645503,5,1
24812024,0.935212611,1.210417669,1.250622769,1.006633305,1.104858869,0.919540516,0.920456457,1.449843231,0.387525633,1.389848614,0.93549378,0.622231365,0.371802771,1.481659604,0.439027446,1.542636562,0.173626342,0.092205087,1.328012002,0.183001747,0.204680119,0.109861643,-0.097451439,-0.353590377,1.080265808,0.035656265,0.182427521,-0.006336945,-0.008818553,-0.009804583,0.197878269,0.197897835,-0.066313945,0.00573545,0.056388474,0.290079687,-0.013907819,0.962087455,0.107487512,0.118706305,-0.085461657,-0.09797875,0.422198847,-0.210824248,0.136651784,0.376705925,-0.123960819,0.028476654,5,1
24862023,0.595932189,0.456055701,0.263546649,0.34814411,0.258199742,0.404849142,0.405689592,0.37527517,-0.170101491,0.299965979,0.278464935,0.121522626,-0.130872152,0.171292326,-0.003053385,0.545816072,-6.763053888,-0.03190132,0.595435165,-0.021814102,-0.030885004,0.046575563,0.058903004,-0.143371875,0.246816222,-0.089005523,1.056554608,0.01257662,0.007385139,-0.009958366,-0.160133144,-0.174766906,-0.0471906,0.617659439,0.038012392,0.283822751,-0.010016151,0.455993427,0.011723131,0.002869632,0.031422747,-0.212106324,0.075341269,-0.210824248,-0.185324766,-0.139902388,-0.521260795,0.055638039,6,1
24892023,1.281284007,1.287631867,1.003552498,0.931343811,0.701018651,1.435856238,1.434746007,0.492019508,0.310063927,1.270666114,1.147251755,1.067359947,0.024188324,1.057580126,0.673195574,1.233284586,0.028561309,-0.074373005,-0.098055692,0.044521274,0.025543702,0.133425742,-0.506806379,-0.203660849,-0.246070308,-1.026920137,-1.475192366,-0.024101983,-1.059359074,-0.006625455,-0.120914867,-0.187013367,0.049257087,0.469159209,0.369356234,0.591598379,-0.022221815,-1.135980066,-0.431793828,-0.525940847,0.553982445,0.533224025,-1.185536065,-0.210824248,-0.395108813,-0.222962229,-0.946080281,0.090693627,5,1
24982023,2.134069276,1.659169462,1.565967977,1.433054123,1.43395071,1.516399852,1.514754782,3.478134125,6.11E-06,1.711513332,0.182423548,-0.168463255,0.065077103,2.066163945,1.069343885,2.150710379,0.028561309,-1.768675836,1.38853302,-1.928977281,-1.931358078,-1.640853764,-0.794368126,1.289946713,1.267537884,-0.12596529,0.588705866,-0.009887101,-0.031418288,-0.012882694,-1.017249925,-0.916478097,-1.407242453,-0.886035139,0.071290459,-0.055577566,-0.025500212,1.72719487,0.278608091,0.324528956,-0.295245424,0.37550388,0.377195723,-0.210824248,-1.992142048,-2.084981802,-0.233827799,-0.108730074,8,1
24982024,2.229518931,1.661604395,1.575364407,1.393368711,1.484930842,1.517612028,1.515958417,3.479380619,-0.551561915,1.659778696,-0.065055337,-0.337425784,-0.03515814,2.038953461,1.153759444,2.142011368,0.028561309,-1.908829692,1.574778757,-1.93921829,-1.888888848,-1.039672339,0.369631161,0.981344813,1.375052361,-0.0433204,0.605581224,-0.006336945,-0.008818553,-0.01217077,-0.708921417,-0.683162926,-1.543973916,-0.625720664,0.161323486,0.067900085,-0.026168664,1.947360049,0.438941073,0.513904112,-0.490636617,0.426718698,0.569271573,-0.210824248,-2.122942439,-2.091128253,-0.233827799,-0.108730074,9,1
25042023,0.918407862,1.120210617,1.487502043,1.133133951,1.178922091,1.73945809,1.735984228,0.166590119,1.298578823,1.807813048,1.330774416,1.132463746,0.608583472,0.636288466,0.127904844,0.174231713,0.100867021,0.695552595,0.972826552,0.814580103,0.80984451,0.439887966,-0.227626583,-0.508511464,1.041044892,0.158301646,0.247221054,-0.006336945,-0.012595993,-0.007068659,0.732480673,0.54315391,-0.004402803,0.106197498,-0.427494098,0.157592874,-0.022002517,0.261066896,-0.293900615,-0.364135967,0.396048599,-0.378527716,0.003389315,-0.210824248,0.440917189,0.503378523,-0.476317443,0.052401119,5,1
25042024,1.108842777,1.092876018,1.53373621,0.987354823,1.204889124,1.73945809,1.735984228,0.169422747,1.581823131,1.876806591,1.355442245,1.13722678,0.709870755,0.721602689,0.249468939,0.292975201,0.291159838,0.786150188,0.922331375,0.995843267,0.987227491,0.463137222,-0.356503706,-0.261831462,1.141601329,0.232113466,1.102845023,-0.006336945,-0.008818553,-0.006131529,0.996169803,0.753487767,-0.024593417,0.081078545,-0.144290595,0.33444928,-0.022413976,0.363500253,-0.336393467,-0.414190975,0.445094483,-0.481059351,0.070017679,-0.210824248,0.537827672,0.683819367,-0.52505527,0.055913852,5,1
25052023,0.854970849,1.302440205,0.935426488,1.1046938,0.821364616,0.914723955,0.915648271,-0.039685081,0.525090262,1.034166843,-0.988058741,-0.844423717,-0.20836867,-0.390059409,0.519555447,-1.598313375,0.028561309,-0.065747713,0.075117062,-0.003365694,-0.020786659,-0.294376777,0.078382445,0.205145927,0.9034026,0.124794925,-0.210527625,-0.094442306,0.011711005,-0.008755168,-0.008912372,-0.037600321,0.354255103,-0.586829677,0.030976202,-1.225007788,-0.020606524,2.073523449,0.06341792,0.065552716,-0.031721334,2.124254041,0.495247514,-0.210824248,-0.380699223,-0.19541341,0.143070981,0.011483775,7,1
25052024,0.902261177,1.434490814,1.074998042,1.35467631,1.054565768,0.914723955,0.915648271,-0.03964105,0.541437969,1.040337169,-1.104040728,-0.893246207,-0.218407719,-0.372927027,0.479964073,-1.598313375,0.028561309,-0.085370237,0.260451475,-0.027639502,-0.042851984,-0.555558805,-0.032073149,0.810865533,1.06292597,0.223745934,-0.381988084,-0.006336945,-0.008818553,-0.00963991,-0.279181403,-0.274604658,0.266584301,-1.062167953,-0.247489316,-1.546130715,-0.016859379,2.115886087,0.464426597,0.543634342,-0.521518626,2.109159639,0.733576986,-0.210824248,-0.424094051,-0.2741269,2.062557674,-0.108730074,7,1
25062023,0.030893581,0.736985138,0.689138821,0.54688726,0.451966765,0.930532582,0.931428725,-0.135282737,0.108417723,0.901014142,-0.54651575,-0.610522013,-0.159852307,0.016759425,0.130436596,-1.598313375,-0.504906016,-0.044481499,0.755169033,-0.02819421,-0.032701931,-0.021901793,0.215817361,-0.16476161,0.39143719,-0.060725983,-1.571739127,0.091892539,0.009313162,-0.010115054,-0.55069356,-0.501774152,0.251690779,-0.030620646,0.129195046,-0.646900257,0.003246056,1.735544514,-0.393199117,-0.480949503,0.51024522,0.341093048,-0.159411859,-0.210824248,-0.311148556,-0.278819196,-1.27828898,0.397746406,8,1
25062024,0.014107813,0.822360685,0.737444609,0.558520489,0.452097145,0.930532582,0.931428725,-0.133066889,0.200438388,0.982745432,-0.56622065,-0.599965835,-0.173029018,0.271634344,0.212682594,-1.598313375,-0.024466062,-0.11183818,0.71201492,0.134290093,0.126979919,-0.051595361,0.120912873,-0.109628718,0.357174418,-0.071534135,-1.671771352,-0.006336945,-0.008818553,-0.009049249,0.480381342,0.288950336,0.403878812,-0.151298362,0.265125301,-0.648775786,-0.019566366,1.696803067,-0.491244084,-0.594706581,0.620562733,0.42186601,-0.268914959,-0.210824248,-0.476723074,0.222502044,1.200372008,-0.052200646,8,1
25092023,0.253801597,0.674168091,0.434854887,0.629756235,0.53363264,0.416816074,0.417679334,-0.075730135,-0.042270008,0.299499531,-1.686869956,-1.09745116,-0.249077407,-0.886685887,0.023926504,-1.598313375,0.109266925,-0.098755294,1.146142663,-0.192985334,-0.13268137,-0.506965506,0.062948915,0.255536284,0.615125079,0.05899707,-0.381988084,-0.0335931,-0.025875167,-0.010611507,-0.636011503,-0.610389125,-0.21657454,-1.465862911,-0.181320896,-1.483929129,-0.049597729,2.15800976,0.480475871,0.562072069,-0.540699049,1.513695294,0.718035884,-0.210824248,-0.496465957,-0.819445085,-0.233827799,-0.108730074,6,1
25092024,0.380853798,0.860439502,0.582625593,0.860610231,0.713639604,0.416816074,0.417679334,-0.075449522,-0.029736095,0.347419818,-0.5746912,-0.59081238,-0.180923941,-0.503035876,0.046507799,-1.598313375,0.028561309,-0.028403681,1.178098022,-0.060040654,-0.044202043,-0.099690148,0.051315993,0.144138058,0.682175353,0.068326901,-0.70377335,-0.006336945,-0.008818553,-0.010373529,-0.124492483,-0.058591706,-0.207445241,-0.287138682,-0.339945514,-1.519943858,0.038336253,1.998491225,0.737035572,0.851470373,-0.844635349,1.536361482,0.79084012,-0.210824248,-0.168289978,-0.350086886,2.062557674,-0.108730074,6,1
25112023,1.850816356,1.501715337,1.575643125,0.677864051,1.364005589,1.922311353,1.916924977,0.491688955,0.563932995,1.819295742,0.647092632,0.327505545,0.183414105,1.177822724,1.423667613,-1.598313375,0.030088973,0.056493228,1.590771064,0.075899911,0.122752869,0.168679381,-0.124167963,-0.599543042,1.138552635,-0.399709503,-0.960478236,0.040892468,0.004670481,-0.010173397,-0.203726313,-0.215574645,0.734852674,-0.043176061,1.213534141,1.01307558,0.000796302,1.350981207,0.013907367,0.00600769,0.028267565,0.614800828,0.115410883,-0.210824248,-0.287428496,-0.306443286,-1.081100153,0.107141492,5,1
25112024,1.852213295,1.509563233,1.580398904,0.651571725,1.373360933,1.922311353,1.916924977,0.491688955,0.530071113,1.819754065,0.646599545,0.367125182,0.121073111,1.175552929,1.464232207,-1.598313375,0.195583649,-0.012507944,1.588479572,0.001283004,0.049622855,0.01288739,0.056701908,-0.127958871,1.176090423,-0.361030164,-1.039270233,-0.006336945,-0.008818553,-0.010293931,-0.252662553,-0.263407149,0.61685797,-0.196859973,1.269245538,1.064582438,0.016473223,1.376898709,0.029888395,0.025349912,0.008805928,0.608855664,0.162159598,-0.210824248,-0.343433276,-0.368050479,-1.240984394,0.210450788,5,1
25142023,1.046646132,1.310712032,1.474434106,1.536715168,1.383463778,0.947554951,0.948418555,-0.237559935,0.795443433,1.552081186,1.202471972,1.139863854,0.033563212,0.811520591,-0.194508088,-0.096922635,-0.064842312,0.024745321,1.266096218,0.080582374,0.099208818,0.214913627,0.414895768,-0.333963575,0.911141905,0.110504678,-2.355912323,0.023595366,-0.014143792,-0.010002453,-0.290643008,-0.273429171,-0.136731033,0.408805516,-0.992658,-1.247497892,-0.005001564,0.261066896,0.395187726,0.462571683,-0.437448278,-0.69314208,0.049190051,-0.210824248,-0.091875039,0.051728103,2.062557674,-0.108730074,6,1
25152023,1.250924868,2.040928471,1.702027245,1.710048367,1.650263681,1.890097485,1.885076896,-0.283496717,0.812431709,1.729274476,1.250073267,1.213080955,0.012243584,0.245896707,2.449006544,0.0938346,0.026510078,0.114955576,1.340767951,0.087019095,0.110924788,-2.450109588,-0.153474363,2.748253441,1.477777275,0.263796703,-0.70377335,0.005487862,-0.016642275,-0.010034259,-0.254976855,-0.233634208,-0.205404495,-1.335452026,0.31337924,-0.397567431,-0.007196501,1.113306323,0.6524884,0.758024032,-0.745897691,0.973666472,0.637709858,-0.210824248,-0.231544648,-0.289815291,-1.18482843,0.160261982,6,1
25162023,0.638203984,0.432512245,0.142638546,0.771736227,0.525045096,0.424693366,0.425571121,-0.343596514,-0.555503989,-0.645338984,0.659393359,0.566341262,-0.204677539,-0.883746502,-0.258326023,0.227356248,0.028561309,-0.037137127,0.139188477,-0.028770277,-0.045432522,0.023657642,0.074752126,-0.083822602,-0.002023724,-0.14330816,-0.999553345,-0.000422867,-0.007402987,-0.009448533,-0.094607439,0.349118114,-0.637520801,2.851984189,-1.063507622,-1.055854134,-0.017538529,-0.615268439,1.652048612,1.699812822,-1.769342162,-0.26692157,0.379687666,-0.210824248,-0.217827968,-0.181622434,2.062557674,-0.108730074,8,1
25162024,0.632848076,0.517477128,0.208428674,0.81132769,0.562667614,0.424693366,0.425571121,-0.343596514,-0.461433954,-0.512450707,0.73938441,0.651610142,-0.197942392,-0.764665465,-0.230827575,0.227356248,0.028561309,-0.034377932,0.161352574,-0.026541051,-0.042973583,-0.150780601,0.13007548,0.01001958,0.053975601,-0.128745104,-1.248010465,-0.006336945,-0.008818553,-0.009448533,0.000813598,0.532081658,-0.294023207,-0.824606041,-0.974853925,-0.916466835,-0.018521492,-0.590900304,1.552639023,1.623504491,-1.683869072,-0.126254813,0.383000702,-0.210824248,-0.202665016,-0.169891386,2.062557674,-0.108730074,8,1
25202023,2.226507353,2.025814182,1.719357092,1.94168301,1.676301865,1.223335721,1.22334133,0.254075104,1.489859059,1.730754221,1.26951131,0.975266181,0.758458261,1.203613775,1.553418799,-1.598313375,0.035621784,0.676325337,1.429223531,0.672334945,0.696181895,0.191476511,0.119066521,-0.877988548,1.524822942,0.165946454,-0.602076308,-0.004759516,-0.013730056,-0.00898648,0.24656393,0.474833208,0.628859435,0.026441995,-0.216696586,-0.691523052,-0.01956105,1.219739129,0.699228965,0.809860537,-0.800598274,0.276060919,0.698909036,-0.210824248,1.28237765,1.150946294,0.431143448,-0.006206906,5,1
25242023,-0.04688269,1.857770658,1.425892418,1.212136351,1.334375256,0.890084275,0.891048604,-0.348819564,1.609278256,1.501553849,-0.191428632,-0.490427764,-0.030950041,0.057638757,2.33917911,-1.598313375,0.028561309,0.090715339,1.535884007,0.029486273,0.071583424,-0.588507755,0.108538407,0.51753122,1.47700078,0.717917182,-0.323177603,0.018087191,-0.016642275,-0.010234088,-0.260755836,-0.250359717,-0.02733876,-0.528286277,0.898938269,-2.683631765,0.004664007,2.037806026,0.372129401,0.435327277,-0.409287007,1.74776747,0.871268612,-0.210824248,0.14924168,-0.081704214,2.062557674,-0.108730074,7,1
25242024,1.110933881,1.930173248,1.496850214,1.197622435,1.372255396,0.890084275,0.891048604,-0.348819564,1.963170026,1.625385331,0.712814568,0.222120616,0.471126259,0.406824648,2.766842236,-1.598313375,0.028561309,0.589220817,1.547670048,0.542835579,0.578758795,0.148679816,0.105067324,0.267011545,1.502253363,0.645333045,0.329825617,-0.006336945,-0.008818553,-0.009407916,0.479105877,0.5535446,0.116810588,0.189668642,1.053623254,-1.219465028,-0.018294928,1.696803067,0.279582727,0.325561737,-0.296304843,1.861041736,0.776749619,-0.210824248,1.792297827,1.481967988,2.062557674,-0.108730074,7,1
25272023,-0.090728777,1.325671741,1.232093527,1.420409213,1.227344747,0.602036803,0.603129668,-0.151082043,0.288670209,1.159763677,-0.256736892,-0.385465774,-0.138417917,-0.285206393,0.084959488,-1.598313375,0.028561309,0.004101664,1.161250069,0.063073564,0.075304318,-1.143674956,-0.351911269,2.204426226,1.36854308,0.590251727,-0.294406113,0.028314846,0.034526699,-0.009981397,0.836479755,1.086562101,-0.089737063,-1.417016648,-0.657276791,-1.827930309,-0.009932726,1.965416209,0.622044288,0.723926821,-0.71001254,1.170766619,1.079270007,-0.210824248,-0.055440191,0.179397328,-0.468832247,0.051867146,7,1
25282023,-1.866865939,1.498398495,1.041134985,1.494159313,1.226158521,0.914718011,0.923942861,0.147407031,-0.177342445,0.465831408,-0.404583801,-0.467625265,-0.170185986,-0.747367154,0.394175625,-1.598313375,0.028561309,-0.004982323,-0.075424023,-0.008883138,-0.027482954,-0.75253612,0.090737338,0.615857085,1.226718043,0.471354854,0.519168976,-0.006336945,-0.018218835,-0.008309461,-0.264218515,-0.122158029,-0.209289783,-1.970852545,-0.428624484,-4.507813419,-0.020938746,1.989903388,1.529442606,1.605148225,-1.663383487,2.806285333,1.641363189,4.818912166,-0.178652406,-0.213070454,-0.723001471,0.070985451,8,1
25282024,0.648438129,1.690915112,1.246884346,1.692433693,1.398997339,0.986831512,0.987611247,0.278917824,-0.021285258,0.721911896,0.313915011,-0.069983558,0.131640271,0.177646802,0.584328809,-1.598313375,0.028561309,0.253367542,0.195568314,0.260779722,0.242963882,-0.777883509,0.037331579,1.461545275,1.367957763,0.544854973,0.464782627,-0.006336945,-0.008818553,-0.005072989,0.219071765,0.988079629,-0.204022595,-1.597479857,-0.4442152,-2.040052423,-0.022597337,1.845690839,1.520744956,1.598200321,-1.655637107,2.819849521,1.582322191,4.818912166,0.579287379,0.535545035,-0.288527841,0.039378469,8,1
25302023,0.37794827,1.568348903,1.114572618,1.312832812,1.096811458,1.522808786,1.521118395,0.184399151,-0.108927336,1.072868543,-0.369614814,-0.548568578,-0.10665681,-0.667213356,0.956558496,-1.598313375,0.028561309,0.060217911,0.061664081,0.060736934,0.042878981,-0.87607231,0.101700121,0.40075994,1.125960088,0.337754984,1.220983588,-0.006336945,-0.016747004,-0.007348754,-0.135210839,-0.11341167,-0.218196071,-1.406204552,0.135989444,-2.059942183,-0.021816233,1.974378072,0.49837284,0.58305624,-0.562554994,2.07712935,0.797959703,-0.210824248,-0.191510688,-0.22169179,-0.923626025,0.088480649,7,1
25302024,0.246890228,1.708504633,1.258950928,1.536614369,1.304226256,1.522808786,1.521118395,0.184457962,-0.101182711,1.076644835,0.408857308,0.006569571,0.184780353,0.054155311,1.051002081,-1.598313375,0.124229463,0.324886195,0.210890367,0.331452739,0.313278782,-0.868700214,0.09313529,0.743253808,1.301421542,0.50409352,1.114127155,-0.006336945,-0.008818553,-0.004259401,0.339549858,0.578523005,-0.209067415,-1.832897879,-0.046567372,-2.587226326,-0.022738087,1.690615777,0.871778355,0.995667596,-0.998139559,2.095219728,1.066068745,-0.210824248,0.208461215,0.173182999,1.175247161,0.091741402,7,1
25342023,0.393646653,1.361421387,1.331801474,1.442449143,1.278881398,1.100437513,1.100904131,0.514362012,0.796663414,1.343264138,-0.191593645,-0.452109036,-0.053382335,0.061331926,0.127217984,-1.598313375,-0.243480393,0.065930149,1.195659028,0.051411441,0.065871907,-0.124033151,-0.132595163,0.351055908,1.356199204,0.552681506,-0.473503689,0.007063519,-0.01300776,-0.010038521,-0.186104438,-0.163084301,0.263049258,-0.542047392,-0.626633227,-2.484861331,-0.008090954,1.959562401,0.47737492,0.558487881,-0.536968781,2.804474182,0.864067193,-0.210824248,-0.031244006,-0.097990627,-0.967137551,0.092845307,6,1
25342024,0.432360288,1.357357593,1.331453561,1.287139027,1.281752015,1.100437513,1.100904131,0.51471154,0.779569108,1.33750021,-0.318937527,-0.539315999,-0.083559104,0.050524584,0.393440347,-1.598313375,0.028561309,0.034229891,1.411351389,-0.004136812,0.027148082,-0.015757088,0.114605214,-0.133528243,1.359058222,0.550408995,-0.238089116,-0.006336945,-0.008818553,-0.010266124,-0.267677606,-0.248573975,-0.100927146,-0.223885344,-0.263188176,-2.102443116,0.008821861,2.038865302,0.490091109,0.573333761,-0.55242509,2.745755497,0.874241344,-0.210824248,-0.11504581,-0.241590109,-1.247346761,0.216799453,6,1
25352023,1.411945319,1.526500102,1.121346302,1.307334388,1.169660388,0.603784538,0.604878442,0.514927906,0.330120314,0.949743504,1.045442794,0.921567719,0.047333062,0.128489561,0.829579478,0.227356248,0.028561309,0.167796867,0.551981299,0.216490123,0.204588079,-1.615890789,0.225179666,-0.093424189,0.93855452,-0.007451522,-0.352368754,-0.005548199,-0.018113348,-0.007966233,0.219071765,0.426806056,-0.163222445,-2.380417076,0.059384756,-0.508913953,-0.021405908,0.416019261,0.789405417,0.908214694,-0.904875287,1.175353074,0.629689163,-0.210824248,0.6822555,0.81365344,-0.425119577,0.048775959,5,1
25352024,1.485761629,1.642179711,1.231902303,1.417049875,1.29235341,0.603784538,0.604878442,0.524235878,0.419110947,1.015430252,1.054972963,0.940532992,0.031411412,0.258144503,1.03521886,0.227356248,0.028561309,0.134138041,0.892140823,0.233686452,0.231419481,-0.736678154,0.095691617,0.848949352,1.134665028,0.080724369,-0.104084326,-0.006336945,-0.008818553,-0.008967734,0.300503041,0.620976147,-0.152890943,-1.24709935,0.069216073,-0.521391476,-0.019899065,0.693720806,0.930041665,1.056695377,-1.063531706,1.278302814,0.87039281,-0.210824248,0.531566941,0.883395415,-0.604975193,0.061824938,5,1
25362023,0.361417144,1.901931602,1.509271883,1.870324726,1.58945982,0.797050533,0.798123774,0.428227626,0.633780912,1.194758263,-0.03232337,-0.223615114,-0.096517729,-0.536897219,1.038635571,-1.598313375,0.028561309,0.064896614,1.761186307,-0.022078136,0.048354808,-0.022687489,0.077694876,0.21700324,1.65361931,0.950133537,-0.323177603,0.074254379,-0.01601498,-0.010351829,-0.338272179,-0.293304847,-0.218694598,-0.115833352,-0.352532312,-2.894218349,0.028993781,2.056823715,1.253424232,1.370193756,-1.403614285,2.27430756,1.480639274,-0.210824248,0.110241597,-0.232640023,-0.526679417,0.056032034,6,1
25362024,0.560403843,1.952742633,1.553952373,1.944834121,1.643417604,0.797050533,0.798123774,0.428227626,0.638665322,1.199801025,-0.219273925,-0.321380697,-0.15981585,-0.498569313,1.057588707,-1.598313375,0.028561309,-0.005677974,1.567937598,-0.029056219,0.018051146,-0.157959318,0.29649286,-0.018738603,1.657325315,0.941342424,-0.412044331,-0.006336945,-0.008818553,-0.010341071,-0.349477031,-0.307764504,-0.216738958,-0.36673929,-0.401886453,-2.909043534,0.02524447,2.09570249,1.350831374,1.456483036,-1.498504678,2.277410294,1.480372517,-0.210824248,-0.152537079,-0.258568362,-0.766996935,0.074569038,6,1
25372023,-0.81901989,1.241895852,0.814621486,1.206101767,1.029724149,0.703123532,0.704240749,-0.064519868,-0.149034117,0.235589121,-1.168579903,-0.872112669,-0.23577354,-1.25451052,0.257301166,-1.598313375,0.028561309,-0.060150609,0.963596926,-0.106357127,-0.083894824,-0.199174516,0.0886066,0.044050925,1.090304241,0.350026983,-0.442546465,-0.064943788,0.004475859,-0.010489197,-0.439868524,-0.465986749,-0.227140216,-0.028261115,-0.330302768,-3.420855358,0.268531498,2.125236179,1.45932433,1.548535605,-1.600382809,2.582477376,1.664912729,-0.210824248,-0.355204135,-0.506419006,-0.233827799,-0.108730074,7,1
25372024,-0.242127846,1.312283233,0.876065458,1.306742953,1.081673518,0.703123532,0.704240749,-0.064459934,-0.104278254,0.301387712,-0.286510499,-0.414103264,-0.137767568,-0.632487943,0.256011952,-1.598313375,0.028561309,0.025032809,0.827717455,0.009622753,0.007102161,-0.113390573,0.09335222,0.123593284,1.113663329,0.356275846,-0.381988084,-0.006336945,-0.008818553,-0.009942738,-0.180214736,0.057733821,-0.22320981,-0.028261115,-0.410883753,-3.010100855,-0.010157152,1.949986678,1.471298648,1.558473741,-1.611423,2.649237072,1.63019775,-0.210824248,-0.001576789,-0.086072627,2.062557674,-0.108730074,7,1
25382023,0.32233498,1.39076353,0.974676439,1.433336319,1.11981387,1.036179912,1.036836655,-0.307928664,0.015393914,0.577588434,-1.388518716,-1.15671208,-0.212443294,-0.584696344,0.218776234,-1.598313375,0.028561309,-0.05866421,1.222708025,0.268320433,0.281900143,-0.475952237,1.174418236,-0.54963205,1.10111741,0.199295268,-0.210527625,-0.055003614,0.030296298,-0.009472261,0.475280182,1.383966288,0.005810245,-1.505512607,-0.534665157,-1.317221601,-0.018172735,2.146320841,1.181808828,1.304216152,-1.331444829,2.842611027,1.28708933,4.491008902,-0.361259087,0.504261234,-0.596110195,0.061159024,8,1
25382024,0.423718027,1.345496994,0.925895274,1.371824712,1.064684552,1.048500761,1.049123697,-0.307928664,-0.001039113,0.56502517,-0.808360396,-0.729454056,-0.201299298,-0.553952975,0.222030703,-1.598313375,0.028561309,-0.047945715,1.218050278,-0.018295287,-0.001202291,0.002526138,0.54471014,-0.439503485,1.035838538,0.185404477,-0.294406113,-0.006336945,-0.008818553,-0.010252343,-0.266524977,-0.179059217,0.127637321,0.088358226,-0.491120641,-1.450347872,0.005369985,2.072678726,1.095748458,1.222073026,-1.242045406,2.8432427,1.187077159,3.598051506,-0.330971916,-0.269706009,-1.175220423,0.152860343,8,1
25392023,0.189266728,1.613423341,1.159855556,1.250709704,1.116838505,1.536346465,1.534558984,-0.284532749,0.210354328,1.15762873,0.5142815,0.045116574,0.309222854,0.460362867,1.210379538,-1.598313375,0.028561309,0.404619594,-0.495769424,0.415573402,0.392552079,-0.014202755,0.096053594,0.111340111,1.06844614,0.304984757,1.49469101,-0.006336945,-0.008818553,0.021457872,0.611070739,0.749259287,-0.170655625,-0.067357279,0.358169489,-2.429514171,-0.023286386,1.41405541,0.425461585,0.498001057,-0.474140633,2.357628038,0.626202197,-0.210824248,0.313961816,0.279174415,1.321915246,-0.059519797,6,1
25392024,0.599145736,1.76474293,1.315312255,1.498555526,1.266511687,1.633242237,1.630704948,-0.284370447,0.358225468,1.319819751,0.691613041,0.16390982,0.501985634,0.487153596,1.380693649,-1.598313375,0.028561309,0.609098523,-0.500722023,0.626603537,0.601821346,-0.008505299,0.095674974,0.04468767,1.100217317,0.300159241,1.471428105,-0.006336945,-0.008818553,0.033736751,0.828659458,1.04191846,-0.172877994,-0.152045274,0.158385207,-2.139032023,-0.02331923,1.438374655,0.485384074,0.567703464,-0.546561625,2.3925161,0.516399509,-0.210824248,0.480017226,0.440935018,1.335479059,-0.060340908,6,1
25402023,0.687855229,1.774720594,1.398213849,1.82197975,1.526939803,0.940731485,0.941608408,0.479612122,0.168199189,0.92148981,0.613550364,0.179968752,0.32475764,0.718275018,0.549053438,0.187997246,1.20190803,0.368233058,1.72682957,0.321546163,0.380231623,-1.352455014,0.070872086,1.579108202,1.47500043,0.66839677,0.945133784,0.001547737,-0.013626736,-0.009904441,0.171760658,0.91872554,-0.199822378,-2.072794017,-0.55001767,-1.730498455,-0.010667932,1.79024611,1.500519587,1.582314657,-1.637941127,1.154682326,1.522745054,-0.210824248,0.989144907,0.759045257,2.062557674,-0.108730074,8,1
25422023,2.252067083,2.943292813,2.54304573,3.125973227,2.596531071,2.001503936,1.995163218,2.049459923,2.336481671,2.463488923,1.920967253,1.7497508,2.343632016,1.697584081,5.421754097,-1.598313375,0.028561309,2.087324772,2.434709831,1.946296587,2.119955867,2.134898296,-0.14192007,-3.879848883,2.992158148,5.165941299,0.020943367,-0.003182339,-0.017166448,-0.009469409,0.060668108,0.680393226,-0.185421524,1.609314554,-0.499351029,-2.211451997,-0.017351316,1.862323147,1.493924965,1.576852433,-1.631861334,0.96265001,1.70126316,-0.210824248,1.08308478,0.897682763,0.549685486,-0.013360918,8,1
25422024,2.390012769,2.981042426,2.586789434,3.154466632,2.634622846,2.049720986,2.042759598,2.138499838,2.767227862,2.552295873,1.777016579,1.545014182,1.943764653,1.669538228,6.219490772,-1.598313375,0.028561309,1.674607143,2.053007158,1.7598808,1.84818785,-0.016150363,-0.085084268,1.47528942,3.0532696,5.451375782,0.091992402,-0.006336945,-0.008818553,-0.009019603,0.005681595,0.461773743,-0.179169155,-0.327924616,-0.455604246,-2.146825588,-0.019645977,1.922287913,1.44442453,1.536109261,-1.586589949,0.869949269,1.655906769,-0.210824248,0.701828448,0.680565776,-0.335391192,0.042561991,8,1
25432023,-0.381511577,0.895967239,0.761873189,1.273422891,1.012721108,0.473913497,0.474872437,-0.322863683,-0.132258375,0.056154249,0.856350968,0.733685449,-0.078693373,-0.438201774,-0.42879805,-1.598313375,0.028561309,0.0787228,0.727215215,0.071314341,0.064961014,0.439624245,-0.417276386,-0.32920793,0.249668955,-0.120496458,-1.381965248,-0.002788083,-0.01064937,-0.009463709,0.09384595,0.829124016,0.050159235,5.855790836,-1.329117138,-0.939928838,-0.017481891,0.092103125,1.661683551,1.707237478,-1.777685997,-1.460364482,0.27956299,-0.210824248,0.372527804,0.296156947,1.292861918,-0.057764234,6,1
25432024,0.135356936,0.859718982,0.856679557,1.079781413,0.899638194,1.000330363,1.001078417,0.256822915,-0.048613673,0.735590749,0.929189051,0.665971721,0.266679399,-0.08092736,-0.17681133,-1.598313375,0.028561309,0.426415499,0.633416439,0.437582664,0.425689453,-0.03273999,-0.353878629,0.988929352,0.434949049,-0.057396573,1.49469101,-0.006336945,-0.008818553,-0.006866226,1.22997594,2.305295451,-0.023210015,-0.137796678,-0.891246074,-0.916917054,-0.022099052,-0.141693542,0.576696994,0.672963866,-0.656518423,-0.959450434,0.034045883,-0.210824248,1.068545464,0.993679319,1.776232468,-0.07494799,5,1
25452023,0.672152687,1.857700989,1.67569511,1.946185953,1.801745504,0.783089737,0.784173657,-0.339843849,0.869756477,1.134761845,0.232384098,-0.129356731,0.086921,0.381176133,0.503219085,-1.598313375,0.028561309,0.176295392,1.988218488,0.114139958,0.216289958,-0.386266986,-0.078118082,0.63703149,1.999195125,1.599806488,0.160262474,0.033032724,-0.013730056,-0.010246624,-0.232930418,-0.007529472,-0.164561715,-0.782604088,-0.643537988,-2.629229281,0.007832593,2.059041529,1.751241555,1.772020157,-1.850701713,1.115483531,2.108134047,-0.210824248,0.534581601,0.260106902,-1.084675532,0.107780534,8,1
25452024,0.89087309,1.867188254,1.693266509,1.794798142,1.791336969,0.783089737,0.784173657,-0.339843849,1.152089895,1.284347686,0.926838096,0.4411506,0.67222315,0.886416952,1.104632031,-1.598313375,0.028561309,0.700904425,2.13208966,0.578714451,0.699713108,0.537061466,-0.131876334,-0.733766191,1.961407366,1.459164191,0.289048467,-0.006336945,-0.008818553,-0.009941698,0.250318452,1.17620871,-0.133710706,0.741782869,-0.261806295,-2.019860646,-0.011560537,1.867782382,1.525139606,1.601674431,-1.659509961,1.286190702,1.848157554,-0.210824248,2.46576037,1.820254947,0.151741917,0.010943136,8,1
25462023,1.519260263,1.075960815,0.6428619,1.041346121,0.777840812,-0.289924492,-0.291930128,-0.083123971,0.171482451,0.381075426,1.034190475,0.921693945,0.009414375,-0.232759638,0.16433022,-1.598313375,0.028561309,0.160448221,-0.524593086,0.180510295,0.159064753,0.097538577,0.092249908,-0.256567329,-0.665266447,-0.604975119,-0.412044331,-0.007520183,-0.015389503,0.008780315,0.710458546,1.246657908,0.392001593,1.002088688,-0.305911034,-0.183815286,-0.023215627,-1.277700858,0.809144364,0.929467799,-0.927493145,1.582402017,-1.313207728,-0.210824248,1.864325697,1.867312354,0.183561374,0.008964173,5,1
25462024,1.427362964,1.097840462,0.672487493,1.037505581,0.774591119,-0.265126304,-0.266982006,-0.083052621,0.220907117,0.473664896,1.03110153,0.930779825,-0.023960185,-0.22448722,0.204067761,-1.598313375,-0.710871779,0.123730346,-0.60809751,0.150793064,0.12934304,-0.112742176,0.091391259,-0.155790752,-0.665266447,-0.543143584,-0.774244024,-0.006336945,-0.008818553,0.010606099,0.566097383,0.923006193,0.204070162,-0.866400261,-0.249635756,-0.228657106,-0.023234426,-1.314953382,0.68607307,0.795639569,-0.78557398,1.677529206,-1.342238421,-0.210824248,1.472070185,1.576271664,0.309158707,0.001222494,5,1
25472023,1.10351222,1.303072886,1.750201152,1.700258166,1.882338384,1.553960622,1.552044035,0.195195726,-0.120840529,1.156293681,0.55575003,0.136332897,0.273277976,1.20912326,-0.716324543,-0.585880616,0.102318275,0.141546096,2.234772986,-0.017160555,0.142239707,-0.682082882,-0.059721424,0.839359137,1.995849199,1.459333449,-0.352368754,0.20799408,-0.009021365,-0.010382038,-0.401278211,-0.401779886,-0.205103218,-0.460772212,-1.460473613,-1.249712217,0.070720922,1.967490638,1.883374461,1.861849543,-1.952602152,0.282695247,2.073368663,-0.210824248,-0.081898533,-0.345164068,-0.233827799,-0.108730074,9,1
25472024,0.986596601,1.434894876,1.77243789,1.736552651,1.901763821,1.607465695,1.605137404,0.084763194,-0.13160334,1.190037448,0.514359394,0.076939399,0.272906688,1.1773169,-0.444309532,-0.350079398,0.059300206,0.156046268,2.289918572,-0.01663183,0.156835684,-0.771159397,0.084688208,0.555404752,2.014417109,1.488968885,-0.323177603,-0.006336945,-0.008818553,-0.010383257,-0.403446165,-0.406399904,-0.229867915,-0.530791142,-1.205348991,-1.222848541,0.073600366,1.99890868,1.875804243,1.856919045,-1.946988678,0.531657903,2.057460314,-0.210824248,-0.085790172,-0.350909405,-0.233827799,-0.108730074,9,1
26012023,0.748891063,0.463535279,1.394527582,1.089190351,1.475678604,1.510474493,1.508870957,0.395586644,-0.681802994,1.094058676,0.336237737,-0.321049075,0.373674186,1.727379926,-0.605528219,-1.598313375,3.060107904,-0.160376909,2.247786662,-1.314480109,-0.876340298,0.175749398,-0.171026519,-0.419694538,1.051576423,0.241085192,-1.671771352,-0.038739825,-0.251355536,-0.010775142,-1.100146722,-1.28425274,0.012630119,0.183079524,-1.910826472,-1.256385368,-0.033834246,1.857499267,1.170692081,1.293708484,-1.319981187,-1.091607186,0.663004845,-0.210824248,-0.474120164,-1.527696411,-0.233827799,-0.108730074,8,1
26012024,0.384250929,0.346840028,1.38524125,1.202060831,1.460042399,1.510474493,1.508870957,0.038800664,-0.338515487,1.10600813,0.247534781,-0.354563657,0.284888267,1.562752122,-0.875164878,-1.598313375,1.141085587,-0.070644772,2.195215589,-0.30442402,-0.010535167,0.08225648,0.107032089,-0.532818165,1.00275298,0.240836245,-1.938288161,-0.006336945,-0.008818553,-0.01048527,-0.349477031,-0.315227407,0.044770059,0.034434329,-2.599661222,-1.853855998,0.459745519,1.86507497,1.12506863,1.250644519,-1.273084655,-1.326462368,0.577527534,-0.210824248,-0.390726611,-0.623466578,-0.233827799,-0.108730074,8,1
26052023,0.803228474,0.478561717,1.030345444,0.597251264,0.529149872,1.265081104,1.264900124,-0.244320406,1.199054155,1.409462502,0.118481976,-0.034153318,-0.13506398,-0.416327483,-0.110051576,-1.598313375,0.113722609,0.016405337,0.841610548,0.030768458,0.028518723,0.24525344,-0.386531354,-0.439496578,0.720276809,-0.061386211,-0.003384343,0.018874217,0.014191147,-0.009842029,-0.101794478,-0.203459475,0.204603117,0.3152277,-0.506431539,0.148465236,-0.013792068,1.244783886,-0.877020576,-1.016508511,1.021527659,-1.103679429,-0.088578085,-0.210824248,-0.203905995,-0.200949739,-1.083227796,0.107517439,5,1
26052024,1.134402666,0.701757363,1.071980356,0.588648104,0.376194653,1.265081104,1.264900124,-0.244328961,1.333483502,1.526166319,0.181516527,-0.077480569,-0.021766848,-0.203625917,0.073536019,-1.598313375,0.096226146,0.124515507,0.823241553,0.155466543,0.151433248,0.329976916,0.023256924,-0.444470845,0.607996993,-0.343524594,-0.266045982,-0.006336945,-0.008818553,-0.009177981,1.219357863,0.669186138,0.119907783,0.407110812,-0.03187905,0.470477087,-0.019693626,1.147512212,-1.250564937,-1.374817093,1.351103353,-1.088774657,-0.322671654,-0.210824248,0.029194334,0.058311733,0.116824495,0.013123961,5,1
26062023,2.191889769,1.620544797,1.933811861,1.617733216,1.860424742,1.526852444,1.525133246,-0.27017453,2.55211764,2.036184365,1.041016026,0.794325646,0.334927297,0.35551629,0.512514888,-1.598313375,0.287383386,0.449526546,2.593085021,0.449970464,0.701699891,0.690235005,-1.256832693,0.262899211,2.097632699,0.922989051,0.389100724,0.039320847,0.005545075,-0.010205821,0.120977007,0.250652814,-0.054970214,0.103761217,-0.434860063,0.193667461,-0.000595702,1.934569784,0.635290799,0.738690002,-0.72554053,-0.877937768,1.117887099,4.818878162,0.390292042,0.336534664,-0.580890478,0.060022016,5,1
26062024,2.388836423,1.706080083,1.98889232,1.46238935,1.870819611,1.526852444,1.525133246,-0.27192808,3.019082041,2.182208135,1.139245778,0.805773383,0.648443927,0.428130439,1.199580622,-1.598313375,0.040938745,0.778061734,2.600035727,0.849807568,1.095252852,1.005969377,-0.309518905,-0.696464721,2.106368423,0.801954267,0.329825617,-0.006336945,-0.008818553,-0.010051337,0.888696646,1.184183801,-0.048004971,0.307684989,0.109273392,0.530741405,-0.009281896,1.901246994,0.457851811,0.535948458,-0.513529568,-0.788392314,0.963361188,4.808601062,0.875945231,0.885528832,-0.108943971,0.027500569,5,1
26092023,3.331047352,2.969188165,2.838116285,2.376497691,2.377502075,2.291880569,2.281311429,5.442546136,24.91679351,3.691670882,2.912558927,4.155373724,0.820734743,2.26861602,15.91250744,-1.598313375,-2.154324481,-0.71167771,3.015437323,2.044669479,2.452178713,0.38670352,6.693607339,-24.19637868,1.224509935,-21.38671599,-1.475192366,-0.031219099,-0.301332243,-0.009916824,-0.273434661,-0.303729783,0.303332958,-1.173223604,1.037187659,1.209450733,-0.002518397,-0.797992738,-0.64661594,-0.769957681,0.788742836,0.074119198,-1.078795909,-0.210824248,-0.524542829,0.35832829,-1.223908806,0.194038215,5,1
26102023,2.759452088,2.284019832,2.67970777,2.755968901,2.725669187,2.5062461,2.491713886,0.927871393,1.216806073,2.703511299,3.15828379,4.530073329,3.713035872,2.63492071,-2.765542177,0.227356248,0.028561309,1.80811993,3.044156085,1.683577123,2.11434846,6.803985054,-5.222037108,-7.423678361,2.490412977,1.271387583,-0.602076308,0.006275718,0.013429459,-0.010013024,-0.141155941,0.14422225,0.13268353,1.098068564,-1.553153684,-0.562787732,-0.008038556,0.330535459,1.413903579,1.510746805,-1.558477614,-1.297861748,0.830723859,-0.210824248,0.029674349,-0.033731866,-0.216700336,0.034570948,5,1
26122023,1.310832331,0.462267889,1.105001007,0.657602889,1.033327655,0.281902639,0.2824545,-0.311435158,1.032819008,1.14706244,0.116117087,-0.064375132,-0.105697387,0.076482431,-0.158181702,-1.598313375,0.023438104,0.007196343,1.626644233,0.016851849,0.069030159,0.105426544,-0.632657231,1.007224545,1.15800494,0.208546606,-0.104084326,2.238340661,0.034435039,-0.010276513,-0.207241967,-0.211946267,-0.023434913,0.018465171,-0.694082672,0.009501972,0.014838525,1.902789864,0.290571646,0.338984247,-0.310079706,-1.163471401,0.77140771,-0.210824248,0.081383205,0.119988093,-0.183098018,0.032349031,5,1
26122024,1.383264315,0.43830866,1.217272568,0.971235974,1.129334883,0.281902639,0.2824545,-0.311435158,1.170845683,1.281428777,0.216266703,-0.014554638,-0.047418007,0.091111504,-0.46641617,-1.598313375,0.021402107,0.069138478,1.840181747,0.141220977,0.218494611,0.186768416,-0.451676561,0.498877409,1.258450557,0.302712601,-0.473503689,-0.006336945,-0.008818553,-0.010176734,0.679416542,0.756307522,-0.059073658,0.217747147,-1.618605491,-0.463797914,-0.00217453,1.950849967,0.288962154,0.336919684,-0.307960204,-1.325778919,0.784526014,-0.210824248,0.461640772,0.819658515,0.453033631,-0.007532334,5,1
26132023,0.038845321,-0.570998486,0.488077154,-0.072644336,0.724045487,-0.038837878,-0.039484201,-0.263605893,0.064190368,0.016045259,-0.050390052,-0.151603113,-0.176030914,-0.696058831,-0.247361944,-1.598313375,0.028762487,-0.01349793,0.981326633,-0.045650045,-0.041032033,0.036612662,0.029438245,-0.130365258,0.28912372,-0.021417594,-1.381965248,-0.001211212,0.041999461,-0.0102916,-0.284917599,-0.204066617,0.215793263,0.235978061,-0.929250082,-0.187182565,0.016473223,0.655979304,1.175983995,1.298712523,-1.325439463,-1.452964277,0.385890709,-0.210824248,0.061783195,-0.194408052,-0.969687607,0.09311161,7,1
26132024,0.085421134,-0.472074603,0.447950525,-0.132517767,0.669138221,-0.038837878,-0.039484201,-0.258822833,0.070004515,0.040856184,-0.021325402,-0.141082379,-0.160996267,-0.649237204,-0.216278321,-1.598313375,0.029288907,0.000681049,0.949555803,-0.037567051,-0.034573172,0.045549202,0.093762375,-0.23039783,0.21479879,-0.038075034,-0.738733718,-0.006336945,-0.008818553,-0.010246624,-0.238745033,-0.13585744,0.302943399,0.3421022,-0.573780232,-0.041367048,0.012108319,0.663672824,1.044767439,1.172393009,-1.188215146,-1.373417658,0.229032702,-0.210824248,0.177226731,-0.13029747,-1.187149204,0.162106848,7,1
26142023,0.685093357,0.270051215,0.89522221,0.498298991,1.110704182,0.702141761,0.703259095,-0.34089504,-0.166361798,0.266000176,0.378651871,0.089799858,0.045452171,1.146357428,-0.180246272,-1.598313375,0.028873383,-0.100380066,1.458493317,-0.220737386,-0.101549027,0.134592508,-0.246533678,0.019731353,0.725794211,0.019459485,-0.810316313,-0.006336945,-0.008818553,-0.010554056,-0.592085707,-0.731556683,0.021912717,0.577125455,-0.697429976,-0.10222824,-0.059677757,1.307654673,1.572767501,1.639373127,-1.701601735,-0.541686441,0.951087108,-0.210824248,-0.472964122,-0.784869488,-0.233827799,-0.108730074,7,1
26142024,0.969353812,0.352848245,0.971373338,0.626618157,1.152589282,0.702141761,0.703259095,-0.351726317,-0.039081948,0.446655151,0.367320463,0.054847048,0.070470834,1.017822415,-0.206967388,-1.598313375,-0.132218625,-0.002462181,1.533692237,0.015044635,0.057260797,0.230605859,-0.221316817,0.083739484,0.845525983,0.075902428,-1.162420504,-0.006336945,-0.008818553,-0.010259224,-0.166048416,0.095578783,0.01408235,0.890765652,-0.853336248,-0.263530066,0.012772958,1.508175837,1.414822008,1.511244273,-1.559028516,-0.762150584,0.979741958,-0.210824248,-0.11455719,-0.064280504,1.231092942,-0.054044822,7,1
26162023,0.761836165,0.163772171,0.534950668,0.473641423,0.601708586,-0.131726321,-0.132833973,-0.054908147,0.023259762,0.430558163,1.13984918,1.080570125,-0.041335552,0.860702978,-0.219192988,-1.598313375,0.028561309,-0.080600123,0.527151919,-0.054846418,-0.065103491,0.081350334,0.024570938,0.008574036,0.346058122,-0.063158087,-1.162420504,-0.030823515,-0.989838567,-0.010218221,-0.060951143,-0.03568692,0.04478806,0.510164483,-0.861370601,-0.232408066,0.001967055,-0.640048746,0.435917005,0.51031388,-0.486911116,-0.597683854,0.137126399,-0.210824248,-0.4614322,-0.255729097,-0.956433365,0.091741402,5,1
26162024,0.396309119,-0.224317158,0.365854359,0.396324793,0.496266022,-0.131726321,-0.132833973,-0.054677929,-0.046827646,0.193241239,0.827252401,0.718140326,-0.121776134,0.892176667,-0.332058879,-1.598313375,0.411338457,-0.269773303,0.63802289,-0.30842675,-0.308912684,-0.408953442,0.027337996,0.178942444,0.491779111,0.010377233,-1.039270233,-0.006336945,-0.008818553,-0.011587652,-1.482310559,-1.425927538,0.029025946,-0.922812719,-1.515944634,-0.663566144,-0.027396671,-0.124569846,0.547300383,0.639280652,-0.621254672,-0.952975599,0.596882594,-0.210824248,-1.591323356,-1.768571221,-0.233827799,-0.150634442,6,1
26172023,-0.192302077,0.097696265,1.139106903,-0.026049138,0.83911659,0.994831162,0.995592299,-0.162002441,1.067152502,1.413874664,0.111840832,-0.177309472,-0.002204782,-0.66816518,-0.074368429,-1.598313375,0.028561309,0.172924344,1.614270397,0.325202961,0.370710227,0.212232084,0.03802211,-0.552022036,0.899286507,0.122818888,-0.238089116,0.008638957,-0.011160192,-0.009809626,0.168035339,0.056433429,-0.064196021,0.120024351,0.218617857,0.421504602,-0.013621102,1.932351106,-0.377856846,-0.462768616,0.492532036,-1.033324074,0.149813578,-0.210824248,0.333428608,0.701589136,0.481402016,-0.009246914,5,1
26172024,0.10196393,0.291864458,1.231468359,0.170063561,0.915766935,0.994831162,0.995592299,-0.162002441,1.146851594,1.525933332,0.179602478,-0.175868359,0.06848224,-0.764192599,-0.036885142,-1.598313375,0.028561309,0.253094291,1.645454059,0.220827831,0.271283772,0.258571993,-0.288244085,-0.061159939,1.000152704,0.13249364,-0.536821459,-0.006336945,-0.008818553,-0.009982447,0.994855794,0.723917644,-0.070750683,0.250929486,0.132001927,0.472259989,-0.010240362,1.919583514,-0.387737237,-0.474530771,0.503994171,-1.110658802,0.189741584,-0.210824248,0.569798073,0.418019283,0.182889282,0.009005893,5,1
26182023,3.300057057,2.419363007,2.746921961,2.725598039,2.724105716,2.464931991,2.451225947,3.03635022,4.496208856,3.02787059,3.23179961,4.477726126,6.828604993,2.636798311,-0.227305565,0.227356248,0.028561309,5.244010391,3.282033898,5.154106936,5.668790335,8.264684004,-3.724569006,-11.60060842,2.158497548,-2.19673872,-0.774244024,-0.002393842,0.003208399,-0.00953724,0.472730306,1.057745752,0.260076608,1.339174235,-1.058025854,-0.159752459,-0.016645986,0.503594889,0.9414475,1.068283017,-1.075977067,-1.157286062,0.159564687,-0.210824248,0.914335702,0.819229676,0.310882055,0.00111697,5,1
26332023,2.377345686,1.925685593,2.851333591,2.309566649,2.967095631,2.480110089,2.466104169,-0.240390185,1.716327722,2.63793258,2.021846799,1.707003237,3.447766604,1.082802183,-1.222252102,0.227356248,0.028561309,3.65588772,3.881133464,1.762218631,2.935865731,3.432684726,-2.188004257,-3.509067375,3.746596454,11.91177388,0.519168976,0.012182912,-0.005994365,-0.010247767,-0.175497452,0.31255924,0.440551257,0.337897384,-1.40327355,-1.045263387,0.008741075,1.9646525,2.023463106,1.950497133,-2.053952661,2.626819618,2.358922327,-0.210824248,0.493730226,0.01204183,-0.562892756,0.058687293,6,1
26332024,1.370980561,1.634689559,2.826363192,2.014608683,2.933784138,2.480110089,2.466104169,-0.240390185,1.808649087,2.646122533,2.076158583,1.797634897,3.636340703,1.171745206,-0.92048439,0.227356248,0.028561309,3.82602803,3.856031339,1.452808896,2.604372419,2.07517282,-1.24596961,-5.637971693,3.690933672,11.80140854,0.48313129,-0.006336945,-0.008818553,-0.010273045,-0.210754645,0.162727435,0.366703573,0.038436201,-1.422644777,-1.947417007,0.012503885,1.945577679,1.939067489,1.897824134,-1.993634032,2.628915637,2.279967256,-0.210824248,0.533422168,-0.059936733,-0.977078377,0.093891151,6,1
26342023,1.195282186,1.743230709,1.540282452,1.744758854,1.530329833,1.598440714,1.596183947,-0.344990355,0.805499483,1.471289557,1.823361742,1.984466904,0.501812181,1.03707055,0.653793111,1.331511853,-0.461637211,0.464924725,1.410171936,0.486127453,0.510567394,0.451426532,-0.088940059,-0.754570488,1.341979455,0.437188938,0.983446456,-0.00357661,-0.01300776,-0.009289294,0.227811377,0.486532585,-0.025319144,0.385952858,-0.442269933,-0.736625237,-0.018194984,0.13355864,0.771753928,0.889480016,-0.884962715,-0.324579198,0.711697125,-0.210824248,0.333897401,0.309263619,-0.181255493,0.032227665,5,1
26462023,1.569313582,0.911505891,1.921614981,1.612392112,2.077429372,2.054114918,2.047095439,0.545977776,-5.508989631,1.103469716,1.382051507,1.275103372,0.427269769,1.641811313,-1.24616907,-1.598313375,0.028561309,0.027751973,2.148074716,-0.130117039,0.046389493,1.007777956,-2.783732413,5.086906934,1.675701721,0.751378141,0.020943367,-0.106426527,0.176308186,-0.010435273,-0.407772768,-0.428547042,-0.144246005,0.865248829,-2.308319422,-0.971801678,0.048170907,1.015272169,2.358433696,2.132618408,-2.264899656,-1.081835912,1.627045377,-0.210824248,-0.327611637,-0.449614384,2.062557674,-0.108730074,7,1
27022023,0.952286009,0.164234435,0.314614109,-0.458538071,0.515321776,0.023754485,0.023390748,-0.356169542,0.007160668,0.017133968,-0.569945907,-0.973512147,-0.050763432,0.750700165,0.027712293,-1.598313375,0.038179994,-0.052990586,1.569043289,-0.110536131,-0.039983317,-0.068656056,0.067357321,-0.06520816,0.722454486,-0.019014783,0.091992402,-0.057785284,0.023052987,-0.01044665,-0.362844937,-0.347437874,0.011992932,-0.193249636,1.168629649,1.34926819,0.058815763,2.077669929,0.799871752,0.919855043,-0.91725935,-0.469830189,1.205934402,-0.210824248,-0.268949755,-0.599206084,2.062557674,-0.108730074,9,1
27022024,0.964628099,0.125181308,0.310457274,-0.049284702,0.491872808,0.023754485,0.023390748,-0.356169542,0.012706047,0.056541632,-0.566059873,-1.039186016,-0.037058918,0.780089999,-0.057642959,-1.598313375,0.007551653,-0.045541389,1.533314482,-0.058013986,-0.013189795,-0.027140799,0.124240955,-0.14821478,0.701878774,-0.021135269,-0.183353814,-0.006336945,-0.008818553,-0.010389364,-0.200207712,-0.134614347,0.052470453,0.064135161,0.316220207,0.711210424,0.053515057,2.070291859,0.709469385,0.821537181,-0.812944492,-0.627096655,1.124122941,-0.210824248,-0.210364444,-0.300881839,2.062557674,-0.108730074,9,1
27052023,-0.500627708,-1.593314846,0.808335091,-0.190143952,0.98157875,0.247683034,0.248137278,-0.327883519,-0.454427695,0.384689071,-0.287293263,-0.435753214,-0.124453727,0.358808989,-0.340260438,-1.598313375,0.028561309,-0.052189665,1.255630465,-0.121409198,-0.073031639,-0.004530146,0.018110629,-0.039254177,0.76614579,0.150063733,-1.204855666,-0.071313085,0.065467904,-0.010480053,-0.458867064,-0.482589078,0.148996084,-0.018806466,-2.851098729,-1.184774931,0.254038183,1.726421116,1.17567932,1.29821215,-1.324893586,-0.548042443,0.902786999,-0.210824248,-0.284890408,-0.609101661,-0.233827799,-0.108730074,9,1
27052024,-0.565289115,-1.602345271,0.798053372,-0.330274136,0.967396829,0.247683034,0.248137278,-0.327883519,-0.415459706,0.390904122,-0.254129072,-0.417208577,-0.115844588,0.301994261,-0.313023487,0.227356248,0.028561309,-0.033470364,1.240509757,-0.054666711,-0.034961025,-0.000315013,0.027527426,-0.075364811,0.777982817,0.156900461,-1.204855666,-0.006336945,-0.008818553,-0.010362648,-0.373915109,-0.354652855,0.315815298,-0.008534849,-2.374769054,-0.981378352,0.030526137,1.74070815,1.141478968,1.266173634,-1.289980067,-0.481741186,0.917514393,-0.210824248,-0.163855,-0.301939672,2.062557674,-0.108730074,9,1
27392023,-0.464946766,-0.758147777,0.70371583,0.275082507,1.06741648,-0.653708276,-0.517160727,-0.067839702,-0.421846937,-0.882385346,0.244807612,-0.098210325,0.072242786,0.950270314,-0.400001967,-1.598313375,0.028561309,0.056136013,1.247961204,0.025116031,0.04335505,0.129420023,0.087938674,-0.350913818,-0.463653026,-0.145298459,-1.77546559,0.010607953,-0.000423043,-0.010140235,-0.008912372,3.099647462,0.874649848,0.767092783,-2.420104827,-0.864328632,-0.003135155,-1.004947591,3.013831347,2.39098543,-2.571825434,-0.9319453,-0.396556237,-0.210824248,1.071272077,0.672753303,2.062557674,-0.108730074,5,1
27392024,-0.923268283,-0.630665864,0.6582382,0.284484411,1.008799435,-0.653708276,-0.658288832,-0.108863292,-0.214038984,-0.644240728,0.273508879,-0.083948519,0.093609308,1.014212547,-0.381050753,-1.598313375,0.028561309,0.071479737,1.189038754,0.04312992,0.057301141,0.13425894,0.053205906,-0.397818906,-1.938877275,-0.187579917,-2.170065773,-0.006336945,-0.008818553,-0.010058834,0.095077317,2.460965257,1.229363882,0.852066484,-2.135486232,-0.723812417,-0.007486735,-1.170359437,2.577845654,2.232432127,-2.38227591,-0.725805225,-1.726119046,-0.210824248,1.419668663,0.990292452,1.565452746,-0.074462054,5,1
29052023,3.279042895,2.780925295,3.501795007,1.640743395,3.772797081,1.709078697,1.705885307,1.136099417,0.203621006,2.325762326,3.028016871,4.421197313,0.959548771,2.633446334,13.35463257,0.941917178,0.028561309,-2.70192368,1.390412567,-6.779227816,-7.14522033,-16.00736876,17.96066427,3.341898595,1.520671701,-4.985315444,-5.162745417,-0.006336945,-0.008818553,-0.020712335,-0.345001933,0.802921092,1.249384897,-0.367392532,1.797843187,1.269466206,-0.024287892,-0.973721154,4.41082471,2.662905232,-2.909498851,0.029330606,0.127676553,4.747284389,-2.218711157,-5.027432446,-0.233827799,-0.108730074,5,1
29052024,2.783813373,2.645188428,3.530949925,1.718864891,3.807254256,1.709078697,1.705885307,1.069365798,0.444136642,2.356346847,3.046974435,4.838232351,-9.877282796,2.672573056,10.00668127,0.946800084,0.028561309,-15.26380364,1.39887611,0.204777915,0.231645697,-16.25564573,2.151142899,-0.06528091,1.622070481,-1.009133918,-5.162745417,-0.006336945,-0.008818553,-0.009822763,-0.405610996,-0.505487771,-0.093784221,-0.360853534,1.464061549,0.64158411,-0.020253078,-1.004947591,4.448649495,2.666778468,-2.91447875,0.094371479,0.214588467,4.818284046,-11.24084556,-0.108481787,2.062557674,-0.108730074,5,1
29062023,0.160039519,0.364693125,0.56824322,0.360312745,0.490399254,0.342680107,0.343386894,-0.191494532,-0.075339852,0.64670134,0.604370475,0.284738929,0.163017429,1.200237675,-0.064828513,-1.598313375,0.151205473,0.023010334,0.62590251,0.027439005,0.018687704,0.007403494,0.000726008,0.009908262,0.453019306,0.004840902,-1.12068848,-0.001211212,0.001446326,-0.0096029,0.005681595,-0.024828648,-0.064680063,-0.061136013,-0.164749254,-0.029685524,-0.015172494,0.296411419,-0.020989588,-0.03639133,0.070844782,-0.41232555,0.134461555,-0.210824248,0.148529387,0.149650306,-1.122867976,0.120271315,5,1
29062024,0.125063039,0.44246148,0.665442233,0.622967003,0.634311167,0.342708298,0.343415152,-0.182257727,-0.072389277,0.681521288,0.679763101,0.360506191,0.199897498,1.282092899,-0.149575105,-1.598313375,-0.366775915,0.022561579,0.872654538,0.030044796,0.02894721,0.016055591,-0.116318101,0.137703218,0.594068478,0.045479162,-1.162420504,-0.006336945,-0.008818553,-0.009875685,0.104934688,0.083153252,-0.076005669,-0.02117258,-0.648101422,-0.353399919,-0.010291529,0.503594889,0.180641354,0.207044075,-0.175170946,-0.537010028,0.330958221,-0.210824248,0.145917297,0.163734594,-1.156604253,0.13967203,5,1
29082023,0.65069917,1.285441033,1.417763161,1.416849162,1.594221498,1.158401425,1.158666804,-0.357249032,0.066895417,0.683569024,1.743101266,1.660096546,1.265107544,2.295511966,0.000994076,-1.598313375,0.853050105,0.025940143,1.942558834,-0.018369321,0.080078534,0.220170026,-0.031417951,-0.718667049,1.242320192,0.40173052,-0.884196709,-0.197422209,0.177922638,-0.010363854,-0.302060436,-0.120285653,0.139661481,0.179787538,-0.745067525,-0.545922692,0.029636056,0.671292708,1.955342482,1.908167137,-2.005455483,-0.093941865,1.41113332,-0.210824248,-0.154012058,-0.289290112,-1.154545894,0.138313547,6,1
29082024,0.997763329,1.362243962,1.408794841,1.432298087,1.567104679,1.158401425,1.158666804,-0.355760975,0.074770344,0.785893914,1.774904925,1.695887639,1.362459468,2.330853436,0.149261136,-1.598313375,0.720362097,0.055913006,1.930901447,-0.007120097,0.088817333,0.254614982,0.006959616,-0.303595965,1.256263631,0.358048625,-0.884196709,-0.006336945,-0.008818553,-0.010351829,-0.265371946,-0.038875456,0.261968061,0.350518034,-0.599546198,-0.365394973,0.039320801,0.640367111,1.762409433,1.779925306,-1.859638101,0.016566126,1.31716068,-0.210824248,-0.079953487,-0.261411595,-1.208303206,0.179884768,6,1
29112023,-0.378242179,-0.380038287,-0.324548147,0.185713817,0.17248792,-0.106731248,-0.107709889,-0.261595867,-0.431064196,-1.131882214,-0.066800978,-0.335658521,-0.037823086,1.145623476,-0.282539156,-1.598313375,0.478708296,-0.278925029,0.711496669,-0.336609542,-0.333261202,-0.072168256,0.089947361,0.018062112,0.170299305,-0.030489879,-0.70377335,-0.012254621,-0.024117389,-0.011544217,-1.585325306,-2.172169339,-0.038604808,-0.149803505,-1.251208325,-0.948962485,-0.027336432,0.977044708,1.618590259,1.674558455,-1.740998105,-0.241983222,1.22229228,-0.210824248,-1.619768359,-1.904109876,-0.233827799,-0.108730074,9,1
29112024,0.133937304,-0.315125333,-0.322516407,0.284876418,0.253384379,-0.467628184,-0.470805248,-0.261595867,-0.45489979,-1.667918795,-0.128203963,-0.380350816,-0.054158942,1.04525294,-0.305683492,-1.598313375,0.46488209,-0.231218019,0.815721728,-0.285468407,-0.269841064,-0.095037244,0.093273349,0.149413006,0.332935713,-0.019348502,-0.569201668,-0.006336945,-0.008818553,-0.011123776,-1.365883807,-2.509426168,-0.106315963,-0.400525604,-1.394719156,-0.745073885,-0.029335977,1.294082739,2.441598684,2.172277692,-2.311374644,-0.451910562,2.255733694,-0.210824248,-1.668730665,-2.034127911,-0.233827799,-0.108730074,D,1
29132023,-1.152806788,-0.785500422,1.046141937,-0.780752788,0.859638302,1.481111693,1.479708815,0.473644576,0.14736176,1.22077074,-1.383515563,-0.996838334,-0.237046659,-0.448709574,-0.185170082,-0.42019383,0.033996032,-0.113118155,0.978758105,-0.220436401,-0.183813163,-0.089236138,0.108415934,-0.046764437,0.778974047,0.165219416,0.268268366,-0.027264274,-0.041587902,-0.010754356,-0.533381797,-0.49991385,-0.18492573,-0.214007451,0.414341466,-1.009200586,-0.036166127,2.109778546,-0.103802532,-0.136151124,0.170569303,-0.11321775,0.146306476,-0.210824248,-0.432294282,-0.557914622,-0.233827799,-0.108730074,8,1
29132024,-1.959870306,-0.828267822,1.039382145,-0.541352973,0.857607806,1.481111693,1.479708815,0.473644576,0.124333694,1.209269829,-1.306035495,-0.970264745,-0.232526966,-0.59554385,-0.212323032,-0.560746197,0.019240092,-0.089516512,0.996628092,-0.160327924,-0.119559643,-0.053527937,0.091862015,-0.082766494,0.770206279,0.165542633,0.137805198,-0.006336945,-0.008818553,-0.010601247,-0.482906184,-0.460720804,-0.173174292,-0.151298362,-0.201781324,-2.118286807,-0.05213538,2.101088861,-0.092965145,-0.123525767,0.1579838,-0.117138639,0.143491364,-0.210824248,-0.409228599,-0.505726614,-0.233827799,-0.108730074,8,1
29152023,1.749601097,0.785277996,2.156561047,0.112617915,1.290579197,1.699045008,1.695942011,5.473600232,10.39501259,2.889912138,-0.1589387,-0.358310139,-0.091567764,0.565803022,0.352367203,-1.598313375,-0.050020497,-0.054263615,1.47656869,1.38389586,1.403294447,-0.164858354,0.610414647,-0.920437107,1.366810834,0.287605646,-0.504925454,-0.058580281,-0.00269965,-0.007947408,1.714911978,0.927288086,-0.176004981,-0.343122376,1.066803688,1.210818689,-0.021806839,1.945801867,-1.448348073,-1.540875492,1.49989879,1.984751343,-0.480284453,-0.210824248,-0.372130457,1.158275487,0.601312723,-0.016460666,7,1
29152024,1.294417086,0.448566875,2.16666292,0.059548723,1.085770703,1.699045008,1.695942011,5.486352944,11.65273149,2.944812089,-0.107585535,-0.346069317,-0.062313582,0.586639256,0.08694621,-1.598313375,0.11767324,-0.025709937,1.133751853,2.537841061,2.520210487,-0.226506949,1.996482881,-2.107956787,1.098970865,0.187255728,-0.442546465,-0.006336945,-0.008818553,-0.003544633,0.622656272,0.202556591,-0.177504988,-0.379777195,0.633752027,0.770631105,-0.022928791,1.731026552,-1.823832296,-1.811150112,1.735774564,2.023501313,-0.756354698,-0.210824248,-0.338489955,2.329942869,2.062557674,-0.108730074,6,1
29452023,0.228758404,-0.048933377,0.030177298,0.312177817,0.357446425,-1.093061045,-1.101630365,0.097531174,-0.198186579,-0.453107053,1.020825636,0.74454478,0.379096036,1.658347539,-0.231769213,-1.598313375,-0.028732474,-0.042991085,0.180734129,-0.050765659,-0.066829026,0.075156529,0.069538172,-0.171375741,-1.938877275,-0.16176246,-1.291901897,0.002729924,0.039820935,-0.00993962,-0.237582834,-0.13585744,0.218848997,1.514699925,-0.886730503,-0.993239709,-0.00990704,-1.352979564,1.106067534,1.23210077,-1.252932488,-0.701909099,-1.726119046,-0.210824248,0.057954586,-0.02248295,-0.732877721,0.071780704,6,1
29452024,-0.271051284,-0.124718481,0.099466365,0.327410154,0.412884203,-1.093061045,-1.101630365,0.097531174,-0.189913294,-0.386293396,1.034442801,0.745942845,0.419779343,1.695978033,-0.263238669,-1.598313375,-0.053903337,-0.031695277,0.291335156,-0.040953642,-0.055644907,0.007289803,0.013901134,-0.178175112,-0.665266447,-0.107896792,-1.723149243,-0.006336945,-0.008818553,-0.009884907,-0.175497452,-0.029302909,0.274766208,0.506741363,-1.092364306,-1.606125549,-0.011447144,-1.352979564,1.121674676,1.247136994,-1.269270975,-0.724610495,-1.022911436,-0.210824248,0.255652368,0.13808126,-0.58562686,0.060375021,6,1
30062023,1.40933093,1.175896701,0.917222284,0.903390706,0.808862918,0.656813133,0.657928274,-0.096004516,0.698113102,1.009921423,0.895545002,0.833520919,-0.202238444,1.213231704,0.474877901,1.774151784,0.028561309,-0.700921424,0.762101841,-0.720312215,-0.738035065,-0.046450459,0.002532067,-0.005406385,0.674987441,-0.121631004,1.308676574,-0.009492573,-0.03340281,-0.013157398,-1.022861619,-0.887333221,-0.021114985,-0.366085903,0.210102685,-0.127827787,-0.025355723,0.13355864,0.072135181,0.075984087,-0.042253695,0.556070685,0.1733228,-0.210824248,-2.174858564,-2.17605263,-0.233827799,-0.179032062,5,1
30062024,1.403651282,1.243593092,0.899595046,0.766550645,0.745410309,0.656816791,0.657931933,-0.089117062,0.741280808,1.041029233,0.990310333,0.85513148,0.031589416,1.238203089,0.718726826,1.770952927,0.028561309,-0.215097673,0.685907533,0.036785323,0.029542543,-0.057877124,0.238200102,-0.170355237,0.631443853,-0.134515243,0.605581224,-0.006336945,-0.008818553,-0.00962235,-0.064566143,-0.092710509,-0.072919404,-0.237861606,0.616104081,0.066771616,-0.017048826,-0.091035337,-0.07498205,-0.101448352,0.135951381,0.659857843,0.083081505,-0.210824248,-0.796023635,0.041600822,-0.073982913,0.025238774,5,1
30132023,0.151752973,0.190723113,0.116829022,0.273166982,0.229567648,0.273445064,0.27397349,-0.141388627,-0.080395532,0.036809194,0.450476939,0.294611183,-0.122598125,0.163327856,-0.121665005,0.268243444,0.028561309,-0.021720551,-0.345040763,-0.011924891,-0.03191449,0.119966584,0.017812062,-0.171795824,-0.012909734,-0.072305969,1.056554608,-0.006336945,0.000266828,-0.006778006,-0.000402882,0.054483428,-0.014619791,2.171640486,-0.297041495,0.08197279,-0.022257885,-1.004947591,0.281961723,0.328659838,-0.299483259,-0.588197985,-0.172348067,-0.210824248,-0.095284825,-0.045010742,0.81687648,-0.029333946,7,1
30132024,0.280046004,0.510019339,0.349925331,0.525020474,0.394518866,0.322428611,0.323086418,0.012554362,0.009722401,0.312880323,0.722718913,0.531363375,0.002196593,0.341122556,-0.04790653,0.321357587,0.028561309,0.090275299,-0.19945317,0.113870945,0.093964352,-0.001901173,-0.025958925,0.077312879,-0.070301247,-0.097768855,2.159807597,-0.006336945,-0.008818553,-0.003333871,0.887389516,0.958010986,-0.023365717,0.376658734,-0.26585773,0.055248928,-0.022838432,-1.004947591,0.225059919,0.260417734,-0.229612774,-0.463685424,-0.455375303,-0.210824248,0.555440484,0.630557308,1.363869026,-0.062062916,5,1
30242023,0.08270006,-0.016210233,-0.081352239,0.162799827,0.015821769,0.626200557,0.627305874,-0.357047735,-0.144270007,-0.095149642,-0.529269434,-0.547084315,-0.184208509,-0.285173516,-0.168444328,0.057083634,-0.882969343,-0.0460374,-0.175570347,-0.041567931,-0.060679804,-0.083805081,0.056179283,0.068793988,0.133335462,-0.060156499,0.655038052,-0.003182339,-0.011364805,-0.009028576,-0.300920742,-0.310065011,-0.124675329,-0.383677779,-0.433156344,-0.633368719,-0.018980785,1.076879184,0.08399808,0.090580517,-0.057003048,1.529196703,0.191250732,4.818912166,-0.288444364,-0.281431199,1.026843561,-0.041832831,7,1
30282023,0.592841479,1.443761742,1.028994273,1.508597415,1.194119208,0.433533915,0.454175981,0.208014429,0.036976329,0.540919851,1.675925745,1.811740783,0.163956907,0.985920116,0.204643797,-1.598313375,-0.253427834,0.113205919,1.787573651,0.051722996,0.123451339,0.342987226,0.130110233,-0.803686169,1.120509067,0.314913264,-0.210527625,0.03342581,-0.014143792,-0.010264973,-0.100597269,0.213216844,-0.154497129,3.096468585,-0.59295933,-0.493396389,0.012660806,0.840584195,1.369464842,1.472919872,-1.516646016,1.16909922,1.362700685,-0.210824248,0.584840184,0.225929177,-0.986457481,0.094898083,6,1
30282024,0.700030238,1.400753361,0.987756733,1.430699842,1.125667605,0.472880989,0.473838393,0.213419533,0.057561063,0.609163006,1.766187708,1.963340208,0.14384217,1.023124962,0.249721991,-1.598313375,0.232569913,0.077351272,1.715391902,0.047851504,0.109987441,0.132698082,0.125304957,-0.425458251,1.051923398,0.252297023,-0.381988084,-0.006336945,-0.008818553,-0.010252343,0.076625847,0.48309017,-0.166187121,1.01716332,-0.504747814,-0.306034163,0.008557589,0.640367111,1.151519808,1.275688097,-1.300340399,1.213237213,1.166631178,-0.210824248,0.366212464,0.184456341,-1.105899337,0.113218075,6,1
30322023,0.7599267,0.606851914,0.314656839,0.622586865,0.374579693,-0.370615012,-0.373131643,-0.115053148,0.025785951,0.263744609,0.616400082,0.359069416,0.07364699,0.69826629,-0.029238166,0.63244542,0.620189869,0.09890943,0.165054158,0.117328787,0.10014723,0.081162471,0.05618544,-0.209449617,0.148077463,-0.144602643,0.369588644,-0.006336945,-0.015077429,-0.006984964,0.605924336,0.678291107,0.108574026,0.774082654,-0.301417168,-0.021239168,-0.022062382,-0.520170059,0.251312375,0.291975803,-0.261887235,0.152777904,-0.06368101,-0.210824248,1.369903007,1.428872512,-0.324846429,0.041842206,5,1
30322024,0.824868014,0.731214346,0.419721354,0.747509743,0.49477268,-0.370615012,-0.373131643,-0.115053148,0.042940585,0.325821211,0.548056299,0.304252742,0.029633818,0.782715662,-0.001670532,0.687682002,0.497741056,0.0284937,0.521323161,0.068888619,0.057432505,0.117092473,-0.164585142,0.038251235,0.329224651,-0.216503331,0.702805508,-0.006336945,-0.008818553,-0.009065461,0.719523094,0.818495138,0.144877221,0.811710086,-0.342368163,0.014458818,-0.019872822,0.173472634,0.380693482,0.445611324,-0.419911601,0.216984074,0.19476283,-0.210824248,0.636830751,0.980127015,-0.167096507,0.031296591,5,1
30332023,0.95049391,1.889536927,1.454972155,1.910556866,1.595876394,1.016233728,1.016942565,0.271100059,0.189358916,0.903825087,2.31735131,2.898024113,0.524502739,1.442711539,0.818241075,-1.598313375,0.885382838,0.288256509,2.259055165,0.13973376,0.298929971,0.07915989,0.078532516,-0.392514782,1.424161042,0.573364285,-0.473503689,0.033032724,-0.017376489,-0.010283464,-0.15302523,0.131695752,-0.161045627,-0.3338823,-0.47752201,-0.588733182,0.015957452,0.757346474,1.659016585,1.705257707,-1.775460645,1.941322851,1.459776499,-0.210824248,0.647445384,0.179397328,-1.140210216,0.12945141,6,1
30332024,1.107285129,1.958476818,1.524341553,1.947567227,1.634982553,1.100549049,1.101015307,0.570859995,0.227749786,1.09157439,2.518317724,3.294486188,0.635190923,1.434688122,1.082448318,-1.598313375,0.040790111,0.41545534,2.36037307,0.223909475,0.40747538,-1.602394992,0.083773723,1.624411807,1.550309883,0.711478402,-0.210527625,-0.006336945,-0.008818553,-0.010254635,0.045966218,0.614702558,-0.196881854,-2.154028441,-0.394163453,-0.384775814,0.010555152,0.671292708,1.480984562,1.566422374,-1.62025896,2.003603714,1.441492813,-0.210824248,0.879832316,0.331133152,-0.899966686,0.086225115,6,1
30472023,0.391990198,0.130881493,0.104774917,-0.021072737,0.261524356,0.364451407,0.365828108,-0.196128385,-0.215271831,-0.037791699,0.157205249,-0.056187166,-0.070349242,0.886847733,-0.061685387,1.140236925,-0.620358391,-0.156673214,0.377410105,-0.187815217,-0.195683128,-0.031408758,0.090353522,-0.244254514,0.314728703,-0.037188074,-0.238089116,-0.013043932,-0.088357022,-0.011380211,-0.696191557,-0.689145107,0.044356075,-0.126467076,0.265373318,0.133479355,-0.027427757,0.37424091,0.42698821,0.500053566,-0.476268761,-0.536162444,0.480694841,-0.210824248,-0.719245227,-0.822175167,-0.233827799,-0.108730074,7,1
30472024,0.710697672,0.313691866,0.209890848,0.158372124,0.310488684,0.41291363,0.413769555,-0.17957567,-0.197220624,0.124755408,0.488642597,0.202087063,0.072527418,1.009052424,-0.02157156,1.162139994,0.421440813,0.003172186,0.445045502,0.040462201,0.027717904,0.061881071,0.078690886,-0.099917973,0.226323618,-0.096790544,0.427406912,-0.006336945,-0.008818553,-0.00915062,0.415484547,0.501693173,0.032941427,1.143562346,0.197038258,0.259027773,-0.018921024,0.077926772,0.312136413,0.364262276,-0.336052291,-0.410807095,0.180805607,-0.210824248,0.006125436,0.181007452,-0.161540217,0.03093197,7,1
30482023,0.777158371,1.680308222,1.27559099,1.820532062,1.485392436,0.600327303,0.601419131,0.002066251,-0.009708069,0.409404605,2.673189542,3.660079426,0.324929951,1.149974856,0.143698724,-1.598313375,-0.008385051,0.225658496,2.640587371,-0.064867616,0.226913096,0.584682561,0.066231555,-1.132237486,1.02117638,0.21380126,-1.428173818,-1.190166903,-0.017481591,-0.010414016,-0.401278211,-0.403323774,-0.056317416,6.074211483,-0.784307873,-0.566227851,0.067656534,0.852572389,2.111371653,2.002120671,-2.11335831,0.822438779,1.334055691,-0.210824248,0.94514865,-0.386073289,-3.543073926,5.408406232,6,1
30482024,0.992384557,1.599918881,1.22478979,1.761315444,1.442855846,0.600327303,0.601419131,0.002066251,-0.125023386,0.340034031,2.721319639,3.760805701,0.370950809,1.213892407,0.032293989,-1.598313375,-0.107252238,0.247059678,2.579475979,-0.432776991,0.05923815,0.193699284,-0.027847937,-0.357786966,0.964422079,0.149125194,-1.12068848,-0.006336945,-0.008818553,-0.010478753,-0.437746477,-0.501774152,0.029561848,2.065944844,-0.839584897,-0.441942487,0.178889902,0.736722856,2.120640941,2.007033877,-2.119027552,0.644777139,1.308415034,-0.210824248,1.040811889,-1.43596696,-0.233827799,-0.108730074,7,1
30492023,0.747666362,-0.043124081,0.725947848,-0.451166677,0.447564372,1.491442591,1.48997009,-0.171413474,-0.136371196,0.966487032,-0.616870335,-0.261207402,-0.59011198,-0.506350576,-0.053867138,0.034241642,0.025070932,-0.475098254,0.614446711,-0.56804491,-0.587290053,-0.085352908,0.101384193,-0.012339067,0.620471436,-0.009470473,-0.266045982,-0.009887101,-0.028330963,-0.013244844,-1.020056208,-0.806658658,0.191738259,-0.209035842,0.859886678,1.034402983,-0.025271929,1.569224965,-0.479139627,-0.580717859,0.607045087,-0.985883865,0.128572126,-0.210824248,-0.780435751,-0.864876557,-0.233827799,-0.108730074,6,1
30492024,0.197524542,-0.364450171,0.658854684,-0.338484272,0.456858629,1.491442591,1.48997009,-0.168283276,-0.337022664,0.844704271,-0.555187893,-0.265710464,-0.526869083,-0.412415914,-0.158228401,0.00668589,0.029807579,-0.425425432,0.641333391,-0.532386803,-0.547274779,-0.175662174,-0.027001729,-0.032254971,0.620851174,0.037212231,-0.156560177,-0.006336945,-0.008818553,-0.012863825,-1.297727351,-1.007333487,0.069207799,-0.284436774,0.118392487,0.466742962,-0.02548844,1.552476225,-0.317227674,-0.391810591,0.423185989,-1.056232969,0.231767272,-0.210824248,-0.7319975,-0.832719569,-0.233827799,-0.108730074,6,1
30522023,-0.79396795,0.686067729,0.245901475,0.560100811,0.402793939,0.444369877,0.445282035,-0.18476579,-0.083886021,0.06072744,0.018652416,-0.075093058,-0.19062314,-0.855749314,0.075219926,-0.651739051,0.028561309,-0.022899343,0.131924665,-0.015836392,-0.032640125,0.100313028,-0.184236225,0.073349664,0.562337111,0.074802433,-0.323177603,-0.003182339,-0.01064937,-0.009177067,-0.120914867,-0.02034994,2.615349232,2.33825769,0.001834383,-2.490346167,-0.018582016,1.376898709,0.548933888,0.640812538,-0.622856849,1.622506257,0.854246149,-0.210824248,-0.144431327,-0.119249558,0.323306859,0.000356688,6,1
30522024,-0.72505767,0.922835311,0.465475114,0.884399966,0.669718728,0.46433131,0.46527572,-0.179883625,-0.075149211,0.097128377,-0.16417874,-0.229074214,-0.195564086,-0.833448422,0.101908916,-0.624800527,0.028561309,-0.029085694,0.306385356,-0.019869055,-0.034487775,-0.019024527,-0.137840411,0.321975523,0.685002363,0.102660677,-0.669351206,-0.006336945,-0.008818553,-0.009596108,-0.108972383,-0.004318836,1.180520383,0.383417156,-0.263978537,-2.202315563,-0.01608762,1.565117732,0.974607248,1.1020155,-1.112259649,1.7841704,1.049416826,-0.210824248,-0.181616834,-0.145333254,-0.128640916,0.028781437,6,1
30562023,1.105678395,1.495720948,1.071773235,1.416800193,1.200194885,0.822361652,0.823411792,0.185833189,0.087065706,0.696426242,-0.531146495,-0.629637538,-0.144544597,-0.359232794,0.542134525,-1.598313375,0.028561309,0.00250844,0.075404581,0.01276292,-0.004730995,-0.661330195,0.565289798,0.234682687,1.212887853,0.235453752,0.115050335,-0.005548199,-0.016747004,-0.008413178,-0.237582834,-0.145785216,-0.171263152,-1.851788035,-0.253254375,-1.047063437,-0.020621753,2.015315802,1.176593115,1.299212888,-1.32598535,1.614051947,1.345768263,-0.210824248,-0.12898687,-0.114350949,0.286463728,0.00261381,6,1
30582023,-0.360733672,-0.093120917,-0.221322448,0.188311883,0.12970574,0.092852856,0.092774099,-0.35447357,-0.212057411,-0.613939845,0.073015123,-0.053169434,-0.161250836,0.280294097,-0.202380325,0.699641028,0.140270521,-0.092178502,0.569113747,-0.063829439,-0.072914639,-0.069866475,0.169216829,-0.062891508,0.179125101,-0.028647504,0.329825617,-0.02568296,-0.042449448,-0.010318548,-0.171956307,-0.043972254,-0.127840513,-0.143059955,-0.651871654,-0.323750411,0.019052142,0.840584195,0.903591717,1.028969437,-1.033791197,-0.623350116,0.73426925,-0.210824248,-0.504047889,-0.351183711,2.062557674,-0.108730074,8,1
30582024,0.01162697,-0.031921381,-0.112723998,0.160830512,0.162462725,0.307964904,0.308586109,-0.220343955,-0.310759458,-0.389857011,-0.054006548,-0.150693182,-0.179943753,0.52517305,-0.173326031,0.738716614,1.152499526,-0.209492046,0.476395444,-0.269413389,-0.277482721,-0.064384329,0.055054798,0.12805197,0.145159324,-0.04390091,-0.003384343,-0.006336945,-0.008818553,-0.011804188,-0.83754509,-0.890985666,-0.162769299,-0.086707882,-0.459191995,-0.239954563,-0.026729433,0.764096808,0.686531803,0.796147573,-0.786110451,-0.42664836,0.46198853,-0.210824248,-0.94967209,-1.158155622,-0.233827799,-0.108730074,8,1
30592023,1.589252755,0.962389126,0.818039745,0.77061497,0.686558407,0.631876174,0.632983816,0.429418754,0.402896506,0.93808455,0.69812926,0.400116485,0.175876849,1.266159419,0.246787163,1.753135107,0.054476957,0.004001392,0.630623923,0.051473996,0.042649103,0.144254052,-0.039951053,-0.124641129,0.53545979,-0.378545759,-0.156560177,0.001153645,0.037361687,-0.009431501,-0.186104438,-0.205887178,0.061812203,0.605571351,0.075796385,0.337479188,-0.01636182,0.160333989,-0.047593755,-0.068372258,0.10288402,0.187098862,0.024877121,-0.210824248,-0.065624343,0.114176995,-0.027506563,0.022253825,5,1
30902023,0.842501077,0.790621728,0.412701783,0.41630092,0.198224366,0.360334266,0.361081581,0.302096943,0.129434244,0.61438013,0.814421139,0.628751315,0.033272742,0.464176288,0.249057949,-1.598313375,0.053331176,0.103771668,0.735201151,0.115106148,0.108624109,0.062280598,0.27825298,-0.236724964,0.229904553,-0.183503423,0.983446456,-0.003970896,-0.01445458,-0.009214605,0.614931643,0.366096986,-0.021028346,-0.42692426,0.502139049,0.587486667,-0.018554519,0.224436298,-0.462161931,-0.561366389,0.588322916,0.895639663,-0.191615428,-0.210824248,0.599872024,0.602625967,-1.108588258,0.114190636,5,1
30902024,0.207967874,0.890264725,0.529824526,0.629390427,0.394437117,0.360038801,0.360785454,0.302920319,0.184611224,0.665585219,0.911525378,0.727830065,0.086688425,0.529072936,0.250178751,-1.598313375,-0.08232591,0.14998967,0.831333737,0.173322305,0.169409549,-0.128376177,-0.104414962,-0.019513611,0.398101919,-0.071504916,1.091448332,-0.006336945,-0.008818553,-0.009107028,0.929260291,0.693715071,-0.091384735,-1.0065297,0.241995799,0.372045402,-0.019083728,0.272987968,-0.20382528,-0.256452772,0.289972898,0.944276175,0.032259254,-0.210824248,0.861764285,0.902583845,-1.02279692,0.09903084,5,1
30922023,-0.249352425,-0.101101426,-0.075805645,-0.010597655,0.18731566,-0.449969522,-0.453022675,0.045206301,-0.175454246,-0.344733042,-0.303028127,-0.332860969,-0.20430929,0.104883942,-0.14951401,0.464969535,0.036484124,-0.137219396,0.418579607,-0.172669738,-0.177797395,-0.005131509,-0.050366522,0.046275467,0.425731311,-0.002196372,0.571630298,-0.013833312,-0.028105642,-0.01116099,-0.767289879,-0.805418609,-0.085144776,0.553042943,-0.17387605,0.116722843,-0.030360972,1.08517689,0.674314786,0.782428533,-0.771628597,-0.70009084,0.989667631,-0.210824248,-0.917802655,-1.142584818,-0.233827799,-0.108730074,8,1
30922024,0.26675219,-0.147596245,-0.092115135,0.147610577,0.202751624,-0.449969522,-0.453022675,0.045213907,-0.208563194,-0.421377669,-0.375619378,-0.369397631,-0.219337379,0.240013332,-0.20648665,0.508635054,0.023919897,-0.169122528,0.440568158,-0.185260645,-0.190056307,-0.034477531,0.200498016,-0.043754717,0.421464966,-0.005778502,0.309566028,-0.006336945,-0.008818553,-0.011225385,-0.739154514,-0.772627228,-0.097006718,0.34967608,-0.657005999,-0.215318034,-0.028780209,1.206733171,0.79478965,0.914288447,-0.911335963,-0.898174606,1.058480861,-0.210824248,-1.165507061,-1.237651075,-0.233827799,-0.108730074,8,1
31492023,-0.143875602,-0.557779052,-0.27903879,-0.038756348,0.115770357,-0.071864475,-0.070392755,-0.33498844,-0.460891106,-0.751612297,-0.401389107,-0.345077921,-0.251478513,-0.451427927,-0.252697972,0.474149583,0.050859444,-0.140970611,0.510754204,-0.131427742,-0.129837935,-0.070439862,0.084178528,-0.049959222,0.386429322,0.009605738,0.89210764,-0.015807073,-0.123781804,-0.010749585,-0.686377651,-0.770125616,0.163735796,-0.142309021,-0.995618772,-0.493396389,-0.036104573,1.336164664,1.047876641,1.175405953,-1.19147474,-0.463574106,1.327708763,-0.210824248,-0.795411899,-0.723008877,-0.233827799,-0.108730074,9,1
31492024,0.296475961,-0.350279907,-0.16498832,-0.067319177,0.11088191,0.218407842,0.218772703,-0.117206503,-0.563273076,-0.420275981,-0.301784414,-0.264063312,-0.25895536,-0.293907665,-0.203929238,0.551347481,-2.356169725,-0.17485979,0.469142238,-0.192773324,-0.196567085,-0.072752973,0.065470379,0.200578597,0.344272529,-0.021528263,1.289832152,-0.006336945,-0.008818553,-0.011228984,-0.930745721,-1.004156183,0.012364597,-0.177952933,-0.505709667,-0.119544931,-0.028659011,1.165628171,0.634971426,0.738690002,-0.72554053,-0.179909412,0.896380654,-0.210824248,-0.848762796,-0.904746575,-0.233827799,-0.108730074,9,1
32092023,-0.316197205,1.343441861,0.952905174,1.340552923,1.140507826,0.451377359,0.452301143,0.046186754,-0.004185517,0.41158903,2.119353289,2.576104768,0.149112482,0.738533048,0.271944601,0.580701259,0.116832589,0.171581504,1.869212451,0.081336056,0.164383952,-0.18309898,0.012779257,0.167314709,0.923855392,0.227741796,-0.294406113,0.022808626,-0.009325865,-0.010250054,-0.042844947,0.401518198,-0.126142761,-1.128575842,-0.420508596,-0.583137023,0.009233618,0.465718486,1.438053287,1.530640374,-1.580523668,0.614427877,1.156210508,-0.210824248,0.871828915,0.359674403,-0.680566619,0.067623156,6,1
32092024,0.079126922,1.294046035,0.909683681,1.199409693,1.068367354,0.454790159,0.455719487,0.046641972,0.02881076,0.492574564,1.954285637,2.281421916,0.14837661,0.759920148,0.377402128,0.642053639,0.034319566,0.165260454,1.511709686,0.134991954,0.172783107,0.007452819,0.086345525,-0.161183936,0.934501737,0.218167533,-0.210527625,-0.006336945,-0.008818553,-0.010037455,0.210339627,0.786658352,-0.135801193,-0.146809708,-0.199906609,-0.179832053,-0.005960857,0.13355864,1.196773691,1.318221553,-1.346737222,0.733912872,1.08803969,-0.210824248,0.835212892,0.613981958,-0.646624597,0.06499173,6,1
32662023,0.360941417,1.074971114,0.676141386,0.96357271,0.721512209,0.848209442,0.849230978,0.026469989,0.013813881,0.580499735,0.154258475,-0.091756801,-0.037598802,0.095568182,0.24465047,-0.63603914,0.028561309,0.079319872,0.30157751,0.07583218,0.06056859,0.168553869,0.085458914,-0.312525363,0.655003127,0.059247951,-0.266045982,-0.005548199,-0.014350937,-0.008298549,0.149430826,0.27347406,-0.135786851,1.890548415,-0.127524975,-1.643194564,-0.021250085,1.328566365,0.457758944,0.535948458,-0.513529568,1.764917764,0.521711593,-0.210824248,0.134274879,0.089237382,0.534962477,-0.012475324,5,1
32662024,0.785029618,1.049587921,0.640833067,0.858984076,0.62606112,0.848209442,0.849230978,0.026470357,0.070573242,0.63855216,0.222519761,-0.055618339,0.003229661,0.184873754,0.301431077,-0.65163456,0.028561309,0.113102906,-0.646097083,0.112817334,0.091503624,0.156991656,0.12171548,-0.258542569,0.575779889,-0.011037531,-0.442546465,-0.006336945,-0.008818553,0.009194374,0.24155997,0.296362792,0.037976783,1.530141804,0.055037534,-1.036058143,-0.023211853,1.113306323,0.219714249,0.254205103,-0.223266537,1.943370372,0.339054604,-0.210824248,0.252589637,0.211294543,0.526360623,-0.011957565,5,1
33052023,0.805928629,0.477016316,0.301748531,0.252702357,0.262804336,-0.158854635,-0.160106329,0.254714693,0.081002762,0.367851001,0.411577507,0.238034046,-0.100467156,0.109840459,0.047001793,0.363138515,-0.294320631,0.009111456,0.54738333,0.005218281,-0.005209673,0.028083197,0.069704494,0.021981928,0.48438558,-0.032107007,1.032688921,-0.001211212,-0.016956621,-0.009673228,-0.101794478,-0.138342222,-0.039391019,0.347150712,0.285517465,0.38605131,-0.012784301,0.395363039,-0.062517308,-0.086741971,0.121257563,0.071490861,0.425111712,-0.210824248,0.309971749,0.259652295,-0.873212583,0.083754159,6,1
33052024,0.656270693,0.660006921,0.432181737,0.648551246,0.452754915,-0.158854635,-0.160106329,0.236328772,0.109728158,0.412583746,0.623153141,0.451211878,-0.06570654,0.120364589,-0.000313615,0.407219453,0.110135909,0.045864369,0.716556191,0.054185863,0.047665618,-0.421053261,0.053903667,0.276158397,0.634010315,0.035667207,0.733751055,-0.006336945,-0.008818553,-0.009553589,0.281657073,0.25467511,-0.130587807,-1.397093761,-0.254234259,0.014117799,-0.015047276,0.436224594,0.201907324,0.232967395,-0.20159055,-0.051588359,0.643203174,-0.210824248,0.636830751,0.659068269,-0.499450123,0.054060434,6,1
33122023,0.598637606,0.571251074,0.146006493,0.588624653,0.366679676,0.067012791,0.06683081,-0.214678893,-0.11194031,-0.12816157,1.084684345,1.030380631,-0.104215913,0.029067095,-0.037441541,0.111655138,-2.028632005,0.013964572,0.711496669,0.008641596,0.002381578,0.132346763,0.082491136,-0.377547852,0.279655413,-0.059583844,-0.352368754,0.001153645,-0.006899128,-0.009841013,0.07908367,0.318641239,-0.040961905,3.309770188,-0.293187755,0.085221207,-0.012610736,-0.141693542,0.719324568,0.832194647,-0.824220956,0.856927856,0.494753337,-0.210824248,0.228300566,0.171340533,-0.194744197,0.033117274,6,1
33122024,0.848324172,0.765151309,0.493515642,0.910804707,0.730300455,0.067012791,0.06683081,-0.173563661,-0.084809741,0.015914511,1.197569693,1.174338857,-0.089878731,0.253768639,-0.102471571,0.245786307,0.14985181,0.002299525,0.735851906,0.023976517,0.018296937,-0.071731775,-0.106136038,0.63172684,0.585793702,-0.004612363,0.536865261,-0.006336945,-0.008818553,-0.009768424,0.329460766,0.752782925,-0.072075739,-0.481071548,-0.671984066,-0.098379917,-0.013504829,-0.212683934,1.187555493,1.30971893,-1.337451524,-0.309802919,0.943627439,-0.210824248,0.141641776,0.277133871,-0.145439027,0.029877704,6,1
33462023,0.398289824,0.734210027,0.425128536,0.787178391,0.640946823,-0.367946342,-0.355473816,0.281277565,-0.111352921,0.043544543,0.646042773,0.463488462,-0.040651587,0.564145025,-0.028532959,1.048253381,-0.049140377,0.003214584,0.73997899,-0.007435032,-0.012673672,-0.047971589,0.019921398,0.003892917,0.525552076,0.013020364,0.091992402,0.003911982,0.008446652,-0.009971959,-0.060951143,0.140263814,-0.132591995,0.008119102,-0.431908434,-0.224263031,-0.011956102,0.363500253,0.990582876,1.118114629,-1.129603907,-0.202512297,0.801688838,-0.210824248,0.370189058,0.252147068,-0.037421035,0.022888578,7,1
33462024,0.942125782,0.824919956,0.507738718,0.852235289,0.717677254,-0.349639388,-0.352019806,0.292329435,-0.0972699,0.104821939,0.717145537,0.540428214,-0.027272494,0.667999714,0.013223496,1.074413665,0.145256421,-0.005092408,0.824681761,-0.009798744,-0.012199231,0.0326627,0.089498306,0.135203351,0.61236193,-0.009745079,-0.473503689,-0.006336945,-0.008818553,-0.010047059,0.030070611,0.28154482,-0.125215219,0.56593811,-0.395704191,-0.040102099,-0.008287198,0.446162698,1.051428245,1.178920721,-1.195278061,-0.097091653,0.904489372,-0.210824248,0.273780258,0.220673527,0.024379754,0.018948686,7,1
34812023,3.109319016,2.682485672,2.789050028,2.736062114,2.441391695,2.641793561,2.624319495,15.37277425,4.921931517,3.54503241,3.282367281,5.110583071,0.287981616,2.952859205,4.27019527,3.242422746,0.028561309,-7.764427864,2.70531572,-9.52941333,-9.1726178,1.181316596,-4.157409488,-0.786258285,2.010055003,-2.542543033,-1.571739127,-0.006336945,-0.008818553,-0.012075053,-0.940191988,-0.770959667,0.015216626,-0.12570938,-0.338788554,-0.024697515,-0.02597084,0.272987968,-0.331571231,-0.40886004,0.439878995,-0.636735159,-0.407503872,-0.210824248,-1.006159655,-1.113974856,-0.233827799,-0.108730074,6,1
34812024,3.171097338,2.764042584,2.789871194,2.810976865,2.423100682,2.600971069,2.584421884,15.65619187,5.913467679,3.560354393,3.302805737,5.039237323,2.138915152,2.961224941,5.249698623,3.268908826,0.028561309,-3.253909577,2.401000626,1.48708147,1.658442024,2.17902691,1.324959748,-4.398332028,1.855668362,-3.584279313,-1.883009975,-0.006336945,-0.008818553,-0.009642842,0.003247181,-0.077582994,0.024690646,-0.055681351,-0.286624192,-0.021504747,-0.01576477,-0.107685413,-0.386181588,-0.472926421,0.502431296,-0.481627509,-0.542179558,-0.210824248,-0.677783831,-0.15746335,-0.99322926,0.095638485,6,1
35282023,-0.061143693,0.582831664,0.097955898,0.694245526,0.442265513,-1.11284361,-1.121613806,-0.17702743,-0.110786839,-0.489308562,0.431984908,0.282644154,-0.13417693,-0.282640449,-0.094470497,0.245009814,0.403383102,0.00853161,1.039981609,-0.041440765,-0.034081484,-0.013091321,0.092164271,-0.113294538,0.341983797,-0.003835557,-0.104084326,0.014938595,-0.017691956,-0.010286947,-0.199034196,-0.029941724,-0.161054203,0.431713424,-0.52656882,-0.837820228,0.016564349,1.179691246,1.30358109,1.41510952,-1.452934961,1.868664423,0.959716791,-0.210824248,0.97023203,0.136923117,-0.919474392,0.088079567,6,1
35282024,0.77095135,0.631818506,0.143886245,0.726002638,0.471174604,-1.112542288,-1.12130941,-0.17694118,-0.08556909,-0.417251723,0.308717188,0.15651011,-0.136375089,-0.178892981,-0.076379931,0.352412512,-1.585721434,-0.001813671,0.588203557,-0.001641634,-0.01107376,-0.019108394,0.116510853,0.300259328,0.510778209,-0.019429703,0.068625784,-0.006336945,-0.008818553,-0.009783458,0.04719032,0.441189064,-0.158799435,0.941919026,-0.500548318,-0.396648055,-0.01382255,0.608211251,1.265274497,1.380679064,-1.415114011,1.917966424,1.242233344,-0.210824248,0.789144665,0.774979923,-0.527761495,0.056110813,7,1
35452023,1.397123885,1.098197916,0.931701261,0.684459156,0.877941412,0.385686795,0.386488749,1.440684397,-0.013833561,0.955901023,0.994944224,0.780457185,0.218915656,1.42540213,0.509798972,1.8964475,0.028561309,-0.04271282,0.562800207,0.015457606,0.005294442,0.368575069,-0.183063854,-0.786801197,0.295245005,-0.373540105,0.918905095,0.025562015,0.0066114,-0.009605813,-0.214264316,-0.191286899,-0.033688168,1.630285562,0.514219038,0.254742836,-0.016251164,-0.268700735,0.259601973,0.301797635,-0.271944893,0.254800106,-0.338137674,-0.210824248,-0.243052274,0.064886935,-0.178489842,0.032045581,5,1
35452024,1.841959021,1.182674689,0.939952183,0.860367254,0.83590159,0.391987394,0.392802272,1.467567741,0.035336135,1.027127354,1.047135348,0.812587438,0.313782655,1.56120419,0.525312116,2.004587245,0.028561309,-0.033847005,0.562577256,0.046849375,0.036442637,0.250845605,1.460709403,-0.617064936,0.039820914,-0.855051426,0.389100724,-0.006336945,-0.008818553,-0.009342294,0.116037763,0.115908946,0.007768628,1.113221327,0.313794023,0.412221864,-0.019045844,-0.307454587,0.097262107,0.106730725,-0.073338227,0.226196383,-0.731580965,-0.210824248,-0.193739503,0.225700755,-0.353460146,0.043800249,5,1
35502023,0.351471447,-0.070927207,-0.250737935,0.256965007,0.118177733,-0.71514078,-0.720223097,-0.141476831,-0.146743562,-0.671207375,0.049125232,-0.043549078,-0.19509403,0.414916049,-0.218512143,0.635021101,0.170243806,-0.202102331,0.476405828,-0.25290118,-0.259937998,-0.063538784,0.022392812,0.037245126,0.291102202,-0.036541747,-0.536821459,-0.012254621,-0.046050787,-0.011673274,-1.298638512,-1.370884561,-0.036020427,-0.118116648,-0.785800358,-0.119839507,-0.026975137,0.341649623,0.953600964,1.080873727,-1.089510322,-0.707092699,1.031766986,-0.210824248,-1.657203128,-2.071378592,-0.233827799,-0.108730074,7,1
35502024,0.199893912,-0.085134643,-0.236216626,-0.039548648,0.138658755,-0.71514078,-0.720223097,-0.141476831,-0.171828627,-0.682052541,0.006028296,-0.092471644,-0.18438428,0.3313343,-0.137664317,0.564612018,0.032117893,-0.153595997,0.522223798,-0.153512992,-0.152322321,-0.127974325,0.052977418,-0.013176591,0.312904947,-0.022477446,-0.323177603,-0.006336945,-0.008818553,-0.010878185,-0.473529006,-0.493851316,-0.098348376,-0.494341006,-0.076435187,0.297748023,-0.031460314,0.599971549,1.002661037,1.13018396,-1.142618655,-0.371259231,1.090730872,-0.210824248,-1.193144357,-1.132355991,-0.233827799,-0.108730074,7,1
35572023,-0.19259312,-0.146363018,-0.1059679,0.283175438,0.095156043,-0.83724588,-0.843380554,-0.018676855,-0.094755049,-0.252953916,0.233316045,-0.10720444,0.067131232,0.903038645,-0.251990886,0.617052209,0.603453416,0.034142211,0.570628573,0.030959621,0.020854746,0.055247731,0.022332249,-0.125945408,0.282941011,-0.011702351,0.764003086,-0.002393842,-0.003495208,-0.009488445,0.502082027,0.588252177,0.021823749,1.304948066,-1.01687777,-0.578842111,-0.016778757,0.632446265,0.40562565,0.474900017,-0.450207021,-0.187876723,0.613687268,-0.210824248,1.120312678,1.013349668,-0.249661518,0.036766868,6,1
35572024,-0.455050366,-0.089151631,0.041480056,0.246953735,0.218147758,-0.83724588,-0.843380554,-0.018676855,-0.051686231,-0.114005931,0.364327022,0.009196472,0.11756648,0.942637127,-0.220905556,0.629125917,-2.481445238,0.076965095,0.761510716,0.071496763,0.06618144,-0.011985336,-0.040908024,0.005431614,0.378298087,0.016476654,0.793582924,-0.006336945,-0.008818553,-0.009517102,1.039577308,1.267044835,0.024797571,0.163353772,-0.797499577,-0.565914604,-0.016645986,0.764096808,0.445810546,0.522108653,-0.499153368,-0.404241156,0.67120256,-0.210824248,1.740720213,1.535120995,0.611834583,-0.01709141,6,1
35762023,1.402021138,0.976027814,1.250554634,1.177594881,1.20689808,1.923807338,1.918403665,-0.220546235,-1.834107598,1.247043479,0.934298413,1.0221837,-0.983981734,0.832931392,-0.15295492,0.435136995,0.519602714,-1.236830333,1.596714385,-2.095566964,-2.048968432,0.523961126,-0.430595678,-0.524165076,1.152476961,0.195876053,0.554351221,-0.006336945,-0.008818553,-0.012259146,-1.485006842,-1.376176739,-0.021859861,0.716518151,-0.871839606,-0.563880981,-0.025918656,1.346097579,0.471974267,0.55234252,-0.530574869,-0.784643605,0.663004845,-0.210824248,-0.934501663,-1.30654634,-0.233827799,-0.108730074,7,1
35762024,1.701660089,1.002291235,1.222924072,0.993619183,1.232550343,1.923807338,1.918403665,-0.127254427,-2.818015117,1.122887688,0.371640358,0.227263613,-0.145135383,0.562108696,0.104294813,0.410046601,-0.236899319,-0.152030572,1.744335084,-1.070557057,-0.900926082,0.140214312,0.438210536,-0.090257465,1.147721572,0.078757454,0.115050335,-0.006336945,-0.008818553,-0.011064102,-0.991953526,-0.993818111,0.031224086,0.167458083,-0.352532312,-0.003873551,-0.029026709,1.833510015,0.679478247,0.788018507,-0.777527893,-0.528630868,0.780360024,-0.210824248,-0.427199454,-0.851126936,-0.233827799,-0.108730074,8,1
35832023,1.431524109,1.31355171,0.950142261,1.492508627,1.17901818,-0.836753659,-0.842883945,-0.017240159,0.122723682,0.216703068,0.498749552,0.170108112,0.131783256,0.993799589,-0.089718522,1.008895466,0.028561309,0.073888176,-0.506601802,0.102742243,0.081775766,0.068567328,0.104101823,-0.137874402,-0.360343817,-0.514721289,-0.003384343,-0.007125754,-0.001806959,0.002932797,0.100004576,0.828415168,-0.077618483,1.028699506,-0.869930098,-1.068664154,-0.023115988,-1.241198968,1.768692683,1.784371264,-1.864666626,-0.194156228,-0.846313706,-0.210824248,1.695571729,1.930777376,0.161766947,0.010318806,5,1
35922023,1.535247594,1.345334664,0.972497559,1.018146334,0.817320264,-0.919571447,-0.926456165,1.131754272,0.559054857,1.114944089,1.224750556,0.938972182,0.663656807,1.741418773,0.717225408,2.234042417,0.558366646,0.20005763,-0.28805975,0.237444208,0.216380311,0.160322035,-0.250714776,-0.760482867,-0.135975097,-0.625405647,1.114127155,-0.007520183,-0.015597797,0.002994588,0.418023571,0.328787883,0.058367865,-0.886629475,0.302717183,0.095134799,-0.02316619,-1.241198968,-0.04428787,-0.064700074,0.099208472,1.450260776,-0.9960039,-0.210824248,3.726364072,3.816079904,-0.728791249,0.071451039,5,1
36052023,0.834032713,0.585108716,0.622091957,0.714410817,0.711581281,-0.157226277,-0.158469207,0.094724407,0.196458419,0.459767974,0.647178418,0.410235998,0.052489101,1.258940768,-0.106512046,1.303598406,-0.007891269,-0.190651408,0.908462963,-0.208715958,-0.179583873,0.021347532,-0.103042795,-0.008248879,0.647993822,0.020396069,-0.70377335,-0.017386408,-0.042943158,-0.010771933,-0.655828329,-0.659546435,-0.02963086,0.200390402,-0.572131512,-0.075986946,-0.03526369,0.693720806,0.591869745,0.6897912,-0.674162864,-0.55778744,0.622594403,-0.210824248,-1.130703022,-1.19761299,-0.233827799,-0.108730074,5,1
36052024,0.813181794,0.678592702,0.702201063,0.536288882,0.723951745,-0.092436868,-0.037193961,0.290037266,0.24272389,0.640056143,0.750415929,0.483361562,0.151889523,1.244223043,0.08138841,1.279259787,-0.224660115,-0.011648387,0.881973016,0.00760031,0.007111856,0.070705272,-0.11543426,-0.032673245,0.575893889,-0.003459936,-0.381988084,-0.006336945,-0.008818553,-0.00999507,0.069256818,0.146202396,-0.033413501,0.35557147,0.040753777,0.285870418,-0.010016151,0.521940858,0.387420741,0.453321859,-0.427881874,-0.403877874,0.337902002,-0.210824248,0.076128168,0.215413768,0.762433326,-0.026090295,5,1
36172023,1.15709271,0.8631631,0.655562696,0.706945539,0.560933924,-0.670240918,-0.666142638,0.543570931,0.321806925,0.745139381,0.885880374,0.345257048,0.711394388,1.711724926,0.167744084,1.134754586,0.167806026,0.282302308,0.791150056,0.312972143,0.306522681,0.221420006,0.04083261,-0.232057636,0.441444082,-0.155645872,1.168874035,-0.005548199,-0.017061508,-0.008303584,1.088348875,1.153029122,0.042557097,1.417728711,0.020493911,0.10834746,-0.020858758,-0.176679028,-0.02267828,-0.038487093,0.072946372,0.336621682,0.036422616,-0.210824248,4.13491684,4.010567009,0.156083456,0.010672661,5,1
36792023,1.230700391,0.446999305,0.336252083,0.292456496,0.371779206,-1.197747991,-1.207400352,0.08781682,0.21797506,0.313367835,0.023477166,-0.168729677,-0.095238946,0.006055103,0.012636445,0.403434159,0.060643651,0.026147262,0.561398636,0.064942869,0.054376151,0.02940134,0.047225006,-0.219881618,0.41812527,-0.185532176,0.289048467,-0.002393842,-0.013110811,-0.009191696,0.179215656,0.181948863,0.096292718,-0.118877193,0.144960944,0.526302189,-0.018289383,0.915016494,0.185936057,0.213268059,-0.181510203,0.161722059,0.358306672,-0.210824248,1.368100363,1.916890346,-0.958666258,0.091969882,5,1
36792024,1.191908487,0.520893979,0.373306928,0.263192772,0.351019696,-1.1981902,-1.207847239,0.076307025,0.274832746,0.412999775,0.157082468,-0.10227673,-0.024230178,0.093265823,0.074018391,0.467301008,-0.039780243,0.094113131,0.521361515,0.179184109,0.166929222,0.080630649,-0.006469044,-0.248692328,0.345832689,-0.250723091,0.50125885,-0.006336945,-0.008818553,-0.008133457,1.021151338,1.002418648,0.087476424,0.358099287,0.34139343,0.662320609,-0.020858758,0.686315691,0.029753897,0.024827356,0.009332024,0.147295533,0.151037989,-0.210824248,2.609349664,3.704622004,-0.539896864,0.056996638,5,1
37012023,1.055887731,0.877640728,0.5949252,0.529433789,0.445389698,0.46187197,0.462812551,0.128213632,-0.04503643,0.739700855,0.978961675,0.80864861,0.105558502,0.948825576,0.291688157,1.013700118,-1.425181768,0.061568884,0.425381038,0.08693441,0.073529495,0.137495194,-0.004006156,0.17029882,0.048459051,-0.270346594,0.671144254,-0.004759516,-0.010445322,-0.008621605,0.16927695,0.120509216,-0.023832719,0.991455442,0.427390965,0.399794271,-0.020479163,-0.770508679,-0.209124455,-0.262802952,0.296249465,1.103166746,-0.547374011,-0.210824248,0.292356527,0.378944285,0.159760221,0.010443716,6,1
37012024,0.960639844,1.034290226,0.737763096,0.972253773,0.77150636,0.469830261,0.470783085,0.306601264,-0.062899445,0.651233361,0.968607068,0.81453083,0.060234957,1.026968469,0.173098521,1.227970886,-1.998283492,-0.017533268,0.330246001,-0.007854483,-0.022195359,-0.002049555,-0.164322334,0.130784667,0.06196524,-0.315307978,-0.504925454,-0.006336945,-0.008818553,-0.009472261,-0.023475836,-0.029302909,-0.04892043,0.081078545,-0.23334152,-0.011990496,-0.01708318,-0.943073834,0.456643959,0.534411033,-0.511931952,0.804899834,-0.471528561,-0.210824248,-0.12213488,-0.086558322,-1.280983605,0.252310645,6,1
37032023,1.711954716,2.022385213,1.916330798,2.08889292,1.870627511,1.509192524,1.507597927,1.616870849,1.160715706,1.958845444,1.626070271,1.651982154,0.487823478,1.266607417,0.874502519,-1.598313375,0.028561309,0.349571746,2.120486087,0.269167862,0.39344343,-0.010178612,0.314835808,-0.018622519,1.819070233,0.985522227,-0.70377335,0.014151321,-0.01064937,-0.010158981,0.015427475,0.162065623,-0.128567067,-0.448671864,-0.568334879,-1.290119808,0.000312207,1.374606369,0.759311704,0.875801801,-0.870439347,0.335363505,0.845773128,4.818912166,0.257772349,0.093907538,-0.524242734,0.055854756,5,1
37032024,1.73313021,2.133696278,1.983817536,2.245939819,1.981840045,1.509192524,1.507597927,1.631632231,1.154546813,1.930600187,1.628533257,1.679660722,0.394155726,1.393009385,0.863972651,-1.598313375,0.028561309,0.1754451,2.108019214,0.133013807,0.257892997,-0.422592655,-0.443799599,1.596328285,1.946669809,1.232884706,-0.63545589,-0.006336945,-0.008818553,-0.010258076,-0.302060436,-0.259265005,-0.143758689,-0.523899668,-0.657683086,-1.494839974,0.014717862,1.434423799,1.011771483,1.139233147,-1.15238343,0.258654177,1.042327651,4.818912166,-0.009285522,-0.107993136,-0.568733581,0.059119315,5,1
37042023,1.676412104,1.377786517,1.055235483,1.088151655,0.977184919,0.972424863,0.97966703,0.857783053,0.297238762,1.107147851,1.620130612,1.533892847,0.894578051,1.973933472,0.717437558,1.938318131,0.256875121,0.183120921,0.791694782,0.239377627,0.233584266,0.420381544,0.031740077,-0.739023457,0.478491337,-0.46854768,0.349831699,-0.004759516,0.01901852,-0.008676045,0.266603268,0.422016587,0.428043557,1.43491951,0.220817008,0.394116257,-0.020616678,-0.566934294,0.242404123,0.281115835,-0.250773624,0.707415837,-0.188288542,-0.210824248,0.377204351,0.48460135,0.284062505,0.002761201,5,1
37082023,1.126682019,0.842629475,0.73921881,0.76791606,0.573089906,-0.553222825,-0.557023476,0.847046421,0.234132384,0.893875156,0.537534566,0.32505696,-0.020898166,0.75850863,0.100402018,0.864697791,0.161499558,-0.021225439,0.502100998,0.218251331,0.205319536,0.262962039,0.012029866,-0.399741787,0.420138511,-0.133987839,-0.183353814,0.003123957,-0.006195184,-0.007725748,0.61621882,0.51894845,-0.051002813,1.332865474,-0.159306946,0.08711755,-0.021788029,0.330535459,-0.184334298,-0.233184883,0.266952189,-0.300998849,-0.111630251,4.818881277,0.185989227,2.72002729,0.258064351,0.004359326,6,1
37082024,0.834909253,0.843194015,0.765402748,0.680142582,0.537400681,-0.404487354,-0.407228915,1.087377535,0.194017205,0.970652301,0.592591341,0.341244865,0.055582825,0.93286774,0.162718359,0.90244555,-0.302316603,0.01140092,0.372545482,0.030842576,0.01691846,-0.049438547,-0.029326612,-0.168845211,0.206784153,-0.129650618,-0.442546465,-0.006336945,-0.008818553,-0.009080799,0.101236837,0.014990337,-0.064830233,-0.428848228,0.040829832,0.166487862,-0.018877488,-0.074614845,-0.336951216,-0.415257333,0.446137519,-0.253490759,-0.472254414,-0.210824248,0.479319701,0.647542292,-0.919870903,0.088117772,6,1
37122023,1.719732554,1.71362291,1.546741811,1.621941397,1.548138615,0.510296349,0.511304792,1.201536703,-0.129214172,1.452120031,1.185053807,1.076902159,0.144109272,0.93545912,0.867860282,0.963733267,-0.011691626,0.131273921,1.252696942,0.15050224,0.167333992,-2.089214569,-0.240127335,3.288777603,1.622692965,0.513558662,-0.569201668,0.001941813,-0.004292751,-0.009811645,-0.064566143,0.030492385,-0.225515641,-1.330303629,-0.226425745,-0.489338941,-0.0133331,0.809692794,0.830525952,0.952223419,-0.951743744,0.091760563,1.134258673,-0.210824248,0.605419678,0.632300587,-0.32983074,0.042182178,6,1
37122024,1.813715424,1.948847526,1.816385052,1.595992005,1.862553136,0.510296349,0.511304792,1.230768579,-0.022387571,1.600579065,1.523562803,1.514075463,0.37689769,1.171569374,2.138762705,1.088571033,0.0453908,0.273211929,1.95768544,0.315551629,0.408216638,-1.084503032,-2.075815203,6.442968194,1.986116776,0.962460173,-0.323177603,-0.006336945,-0.008818553,-0.010052407,0.236558386,0.648201027,-0.214762699,-0.59858621,0.348353912,-0.083046255,-0.004947666,1.213277717,1.231846603,1.350712976,-1.382271065,0.13334965,1.484474606,4.818028154,1.299311893,1.362184816,-0.349681132,0.043540757,6,1
37142023,2.292166978,1.748497162,1.788706029,1.288486289,1.180000245,1.447879085,1.446693055,8.181545077,-3.114250058,2.339555227,1.376245577,1.410268037,-0.050410869,1.947612758,1.69383212,2.126965877,-2.734737421,-1.649592843,1.229325082,-4.219699596,-4.427638892,0.254391363,-0.300888353,-0.225556101,0.832724629,-1.203423362,-0.884196709,-0.006336945,-0.008818553,-0.018646267,-1.456220764,-1.012492992,-0.044386728,-0.023537068,0.550886195,0.717511957,-0.024194526,0.272987968,-0.954927524,-1.096274334,1.095831187,-0.185013523,-0.623316589,-0.210824248,-2.041304535,-4.715067134,-0.233827799,-0.108730074,6,1
37142024,2.250905835,1.728220121,1.740523876,1.206537951,1.042344398,1.433807157,1.432709705,7.028408255,-0.824494958,2.312757194,1.446125567,1.406839962,0.323860843,1.92301723,1.726765775,2.087261084,0.207928125,-0.695260988,0.985915122,-0.972359787,-0.982556293,0.365908522,0.251263414,-1.260944301,0.483792391,-1.37465334,-1.12068848,-0.006336945,-0.008818553,-0.012868017,-0.353942732,-0.365096769,-0.044386728,-0.006160287,0.668916049,0.7782787,-0.025419913,-0.24975275,-1.144153351,-1.278634611,1.263724076,-0.027194048,-0.948309087,-0.210824248,-1.04975378,-1.314044416,-0.233827799,-0.108730074,6,1
37152023,1.196884823,1.021306919,1.074381877,1.228875997,1.202891924,0.627992168,0.629098243,0.691916963,-0.02596711,0.697949356,1.106148565,0.860664356,0.404082847,1.281541219,-0.160776357,1.301306172,-2.206918711,0.249724624,1.697570183,0.221643632,0.278228377,0.344624613,-0.42506748,0.539435966,1.023058283,0.15667828,0.932089485,0.005487862,-0.003594791,-0.010013024,0.138286044,0.550079918,-0.044386728,0.978172892,-0.8975608,-0.285713758,-0.006094388,1.341159037,1.179634125,1.30221493,-1.329260906,-1.30641525,1.021881628,-0.210824248,1.013737138,0.805928396,0.433258198,-0.006335046,5,1
37152024,1.073137102,1.127827436,1.301265219,1.613647953,1.435102691,0.627992168,0.629098243,0.693644069,0.060763379,0.833654162,1.200926554,0.982313997,0.459578369,1.421580243,-0.854342482,1.390235088,0.00320682,0.230076951,1.778469763,0.24149495,0.308167145,0.163423939,-0.839073555,1.061759325,1.219171713,0.338729794,0.020943367,-0.006336945,-0.008818553,-0.010034259,0.313084447,0.999549788,-0.044386728,0.255088167,-1.692579179,-0.788461163,-0.004812812,1.312973447,1.440916272,1.53312633,-1.583280874,-1.778763014,1.20149584,-0.210824248,0.928262564,0.884462166,0.499558706,-0.010342562,5,1
37162024,-0.104341258,0.549063468,0.654089028,0.506831428,0.52800166,-0.033964778,-0.034588276,1.426937477,-0.178390658,0.774947005,0.683478651,0.27238656,0.33916517,1.564898229,-0.009871652,1.194858438,-0.006167749,-0.007525649,0.632041628,0.007317983,-0.00110785,0.033504525,0.070114877,-0.152950117,0.481511289,0.029003895,-0.810316313,-0.006336945,-0.008818553,-0.009763423,-0.1908106,-0.215574645,-0.044386728,0.161712827,-0.145094978,-0.251162014,-0.014314272,0.106098302,-0.114439026,-0.149310092,0.183675779,-0.390034748,0.074582637,4.818912164,0.108574101,0.211981257,1.287300835,-0.057428679,6,1
41422023,0.964618828,0.370117925,0.421253041,0.079313227,0.310798129,1.019032345,1.019734068,0.038445357,-0.135769399,0.542472444,-0.427889227,-0.46041289,-0.186405693,0.779541247,0.033095303,0.943984918,5.610906852,-0.341377774,0.312943952,-0.472534017,-0.501742759,-0.401272622,0.02429119,0.312103409,0.527211535,-0.04291998,1.354275498,-0.009098063,-0.030150276,-0.014966946,-1.195237219,-0.935011819,-0.132548294,-0.742193356,0.463012267,0.617733952,-0.024678951,1.479347701,-0.193300958,-0.244286865,0.277940648,-0.395411161,0.343508392,-0.210824248,-0.889092596,-1.110303434,-0.233827799,-0.108730074,7,1
41422024,0.930041172,0.157644763,0.33169789,-0.201910085,0.157847842,1.019032345,1.019734068,0.036292475,-0.171281378,0.50918625,-0.516586044,-0.545296006,-0.179618564,0.44027423,-0.013053318,0.936362351,0.018801929,-0.17858562,0.354145941,-0.243301038,-0.255579147,0.022068506,0.034855356,-0.151189561,0.437320365,-0.069778189,0.764003086,-0.006336945,-0.008818553,-0.011999811,-0.757603456,-0.65350438,-0.08289471,0.316904809,0.682889182,0.690056755,-0.026412136,1.627390013,-0.4024277,-0.491652137,0.520662034,-0.51405464,0.223378191,-0.210824248,-0.589315948,-0.710828179,-0.233827799,-0.108730074,7,1
41642023,0.771587751,0.305004635,0.703159305,-0.068236311,0.697450462,0.093238271,0.093161024,0.884578728,-0.014818769,0.681232355,0.092029828,-0.127185164,-0.068094409,0.025113125,0.032429167,-1.598313375,0.036510093,0.053757618,0.800928843,0.042555939,0.038777139,0.062849148,-0.000962096,-0.035921299,0.754896757,0.06721036,0.408372117,0.002335876,-0.002798988,-0.009734511,-0.022263398,-0.004318836,0.005863144,0.10051462,0.653212596,0.629669093,-0.013962574,1.029017585,0.289820828,0.337951986,-0.309019942,-0.547551884,0.592724325,-0.210824248,0.502557346,0.386773792,-0.727587034,0.071354058,6,1
41642024,0.666757926,0.381617848,0.736090545,0.521823648,0.758581443,0.096267208,0.09620179,0.888686466,-0.037737543,0.667924631,0.041171759,-0.121125237,-0.123317311,0.139267967,-0.130261857,-1.598313375,-0.14748308,-0.019518817,0.854252328,-0.026275921,-0.027366928,-0.059400316,-0.00929275,0.047611029,0.798719858,0.102110175,-0.130139395,-0.006336945,-0.008818553,-0.010153455,-0.235257348,-0.222815158,-0.048038891,-0.311965907,-0.521687034,-0.26273095,-0.001040642,1.128771069,0.412983112,0.483629307,-0.459246921,-0.692709529,0.677779067,-0.210824248,-0.030036046,-0.082431929,-1.230190966,0.199967678,6,1
43062023,0.691671934,1.39869105,1.306612745,1.363803728,1.306620094,1.352137639,1.358819955,0.620476496,0.186360019,1.22090604,0.975575432,0.79475447,0.126944165,1.005513376,0.368690062,0.287591508,0.540117657,0.065170558,1.212037468,0.129482782,0.143957628,-0.400782614,0.095881326,0.125589854,1.371126427,0.42247025,-0.156560177,0.007457399,-0.009935895,-0.009829852,0.074168763,0.222557744,-0.073844823,-0.570080252,-0.349665089,-0.62534006,-0.013584407,1.235539032,0.687295963,0.796655569,-0.78664693,-0.386062977,1.016637477,-0.210824248,-0.12947658,-0.039967481,-0.759727726,0.073969392,7,1
43062024,0.935126304,1.530815695,1.390995181,1.38713974,1.396570196,1.374839664,1.374092733,0.630628674,0.267774006,1.289817957,1.114687158,0.954631199,0.204622452,1.052199573,0.705714555,0.124876761,-2.729904346,0.133448796,1.480807657,0.158775,0.19331867,-0.512754733,0.047318196,0.877783063,1.489937948,0.5073154,-0.183353814,-0.006336945,-0.008818553,-0.00997615,0.244061653,0.463147607,-0.135944548,-0.583731767,-0.107441866,-0.497471057,-0.008899553,1.285745474,0.762757095,0.879348571,-0.874204066,-0.198787629,1.119945626,-0.210824248,-0.010008554,0.001117584,-0.759962875,0.073988741,7,1
44142023,-0.667360278,0.644715857,0.598530287,1.009794423,0.767587301,1.555480026,1.553552155,0.480836947,-3.550650618,0.26896674,0.992109489,0.814032071,0.133905057,1.375881726,-0.327175929,-1.598313375,0.079496468,-0.143371027,1.76622327,-0.362916188,-0.150952138,0.174839939,0.219100082,-0.637706656,0.626014254,0.080824613,-1.039270233,-0.034780426,-0.218599109,-0.010582414,-0.776960553,-0.901522029,0.109794103,1.7922131,-1.21693233,-0.809595706,-0.060369145,1.381446425,0.933089726,1.059718627,-1.06677784,-0.524441338,0.76719252,4.818912166,-0.453679284,-0.656915466,-0.233827799,-0.108730074,9,1
44142024,-0.535127917,0.790167671,0.684042036,1.12700258,0.866475022,1.609166539,1.606824673,0.287072624,-3.516031898,0.283898115,1.065170819,0.893918662,0.182505049,1.339536674,-0.324322653,-1.598313375,1.902626523,-0.029926882,1.485976862,-0.045008271,-0.005596466,-0.045037327,0.00296426,0.049012229,0.656174496,0.085280969,-1.291901897,-0.006336945,-0.008818553,-0.010361443,-0.25034672,-0.169238821,0.201140255,-0.016438741,-1.186049652,-0.717011126,0.037143432,0.981953053,1.093739227,1.220067131,-1.23986849,-0.502857918,0.80688898,4.818912166,-0.336672358,-0.390640994,2.062557674,-0.108730074,9,1
45262023,0.23393311,0.780305435,0.646984517,0.926299734,0.759528835,0.544333508,0.545380074,0.172205749,-0.029989725,0.433074695,0.569070788,0.337114846,0.017840221,1.105807414,-0.101347183,0.845433776,0.360320749,-0.124913416,1.045441099,-0.053737001,-0.045739031,0.02507828,0.015214094,-0.167451777,0.653534615,0.07586034,-0.669351206,-0.026078256,-0.008818553,-0.010336309,-0.299780586,-0.266950468,0.439333297,0.374969917,-0.67733617,-0.652366506,0.015049829,0.936357069,0.710593434,0.822552334,-0.814018283,-0.08687546,0.657505181,-0.210824248,-0.564662258,-0.328357672,-1.104872558,0.112862532,6,1
45262024,0.188144958,0.756373473,0.625628958,0.913295542,0.786106998,0.544333508,0.545380074,0.172205749,-0.162413977,0.308135755,0.366130669,0.238614265,-0.16965977,1.039997554,-0.113714044,0.809813568,0.712438526,-0.477830621,0.985450231,-0.59217139,-0.576728221,-0.039245505,0.053135628,-0.033659176,0.653241118,0.078275948,0.182427521,-0.006336945,-0.008818553,-0.011748139,-0.896644646,-0.96269222,0.288862718,-0.03533465,-0.697988694,-0.769710722,-0.027177658,1.064206005,0.916700906,1.042583245,-1.048387552,0.084677575,0.777795934,-0.210824248,-1.685389034,-2.001319456,-0.233827799,-0.108730074,7,1
45402023,-0.073907985,0.258052427,0.259758341,-0.088218834,0.434342377,-0.600585503,-0.604747384,0.33290387,-0.144289496,0.037078364,-0.186873506,-0.260851166,-0.185095532,0.086719631,0.012268725,0.416003926,-0.234839559,-0.093353463,0.682926375,-0.146480103,-0.134754883,-0.180259431,0.054210488,0.139978705,0.571986711,0.060661626,-0.238089116,-0.027264274,-0.069449992,-0.010708647,-0.538483279,-0.544424891,-0.148447412,-0.553901874,0.617293441,-0.073458395,-0.048965238,1.232418717,0.632973383,0.736145137,-0.722862814,-0.439862323,0.896037981,-0.210824248,-0.603923964,-1.013018932,-0.233827799,-0.108730074,6,1
45402024,0.062303078,0.104374419,0.187238684,-0.007214822,0.330555472,-0.538979922,-0.421565143,0.444409193,-0.216227313,0.042575819,-0.262813335,-0.203749174,-0.311002304,0.124881577,-0.076069469,0.403545406,0.479833209,-0.308059936,0.673957865,-0.362688956,-0.363947294,0.016523399,0.077772285,-0.136210882,0.435630214,0.013912014,0.733751055,-0.006336945,-0.008818553,-0.01177709,-1.04900413,-1.040594588,-0.104962114,0.47512922,0.188950644,0.03009819,-0.027336432,1.277257893,0.446748429,0.523134054,-0.500218091,-0.590125682,0.633815342,-0.210824248,-2.209937149,-2.564786006,-0.233827799,-0.108730074,7,1
45512023,1.072722618,0.704379744,0.653689709,0.659648239,0.47925052,-0.348936322,-0.351312215,0.879481657,0.235246687,0.817508794,0.520248925,0.279812866,0.016707424,0.523220146,0.032830422,0.791953054,1.850693137,0.074617008,0.487509717,0.072644906,0.06048241,0.137442476,-0.018360364,-0.232833657,0.405018976,-0.122604909,0.793582924,-0.004759516,-0.008818553,-0.008944576,-0.013770288,-0.07505601,0.009110801,0.301823309,-0.189834081,0.048941484,-0.019283159,0.119915702,-0.247447531,-0.308898799,0.341731585,-0.738747141,-0.075929313,-0.210824248,1.09353095,0.993044343,-0.049221946,0.023645503,5,1
45662023,0.799939486,0.344916365,0.316698628,0.116632812,0.41913033,-0.66100525,-0.665644422,0.447845073,-0.077963694,0.203540081,0.148697494,-0.043748717,-0.092602824,0.398399272,0.008141662,0.632791143,-0.325500423,-0.023117117,0.539664656,-0.009188905,-0.019669755,0.021815169,0.03123544,0.174553826,0.460401198,-0.03812256,-0.028044568,0.005093913,-0.009122827,-0.0097925,-0.072992894,-0.013944149,-0.085600468,0.324456035,0.341855051,0.469374181,-0.014199284,0.632446265,0.401247259,0.469763872,-0.444890385,-0.47100829,0.530824077,-0.210824248,0.206806654,0.38520848,0.1437374,0.011442202,5,1
47372023,-0.414364565,-0.520265287,-0.057645158,0.01063248,0.237881962,-1.253581501,-1.246900642,0.16826018,-0.201656772,-0.405861078,-0.438756464,-0.569524622,-0.131135661,0.420150034,-0.257761557,0.852037125,-4.141223146,-0.072663558,0.48852684,-0.089219675,-0.092117432,-0.044036649,0.011309878,0.138412239,0.483095741,0.043154566,0.86472421,-0.038739825,-1.089549948,-0.010502383,-0.341639585,-0.322649504,-0.020525733,-0.091330591,-1.055293021,-0.646729935,0.052767151,1.428422097,0.836872962,0.95929968,-0.959292033,-0.83173219,1.171808565,-0.210824248,-0.449097724,-0.612041559,-1.006926748,0.097174767,8,1
47372024,-0.567163611,-0.439620404,0.015830603,0.248332414,0.341914724,-1.247964906,-1.253520202,0.136873148,-0.222405219,-0.454707239,-0.37559327,-0.526205197,-0.121654177,0.613909185,-0.323089888,0.981948553,0.511227607,-0.124495928,0.615155605,-0.165689021,-0.159488827,-0.071630706,0.02991518,0.058908937,0.538514375,0.063266588,0.622259608,-0.006336945,-0.008818553,-0.010854976,-0.402362582,-0.399715083,-0.076499727,-0.336525677,-1.569384439,-0.875699201,-0.038709848,1.53180377,1.080459604,1.207527668,-1.226266524,-0.964334808,1.341618715,-0.210824248,-1.154212238,-1.62946465,-0.233827799,-0.108730074,8,1
47392023,1.055402532,0.395386466,0.45692814,0.270841007,0.284171164,-0.307700209,-0.309815386,0.802917745,-0.08477965,0.626863726,0.300725986,0.215781355,-0.229869798,-0.425697287,-0.0119523,-0.186446859,-0.230430618,-0.101636059,0.800612956,-0.105228032,-0.09036931,0.085003451,-0.02111127,-0.228249284,0.474904859,-0.077544812,0.605581224,-0.006336945,-0.008818553,-0.010511706,-0.478743037,-0.458799783,-8.63E-05,0.430014682,0.097695874,0.313954549,-0.294902038,0.981953053,-0.338067546,-0.416323748,0.447180535,-0.82464613,0.185873993,-0.210824248,-0.615876345,-0.621989491,-0.233827799,-0.456116433,5,1
47392024,1.087524041,0.379594388,0.451485319,0.24467143,0.237585123,-0.307700209,-0.309815386,0.800966503,-0.071638284,0.651355419,0.129859298,0.001741913,-0.162556475,-0.138368072,-0.012185427,-0.064340273,-0.018460333,-0.033934877,0.507737192,-0.011820802,-0.022964127,0.036665723,0.041867535,-0.133248839,0.423667724,-0.11773617,-0.05304363,-0.006336945,-0.008818553,-0.009779444,-0.108972383,-0.17046819,-0.006311641,0.308522721,0.126733163,0.315070541,-0.013369937,0.693720806,-0.442574057,-0.538815119,0.566472369,-0.739201889,0.084021014,-0.210824248,-0.03825359,0.182157289,-0.377466082,0.045455227,5,1
47462023,0.612456486,0.456996757,0.704435854,0.472063954,0.552357911,-0.294782104,-0.296817503,0.842310975,0.167743296,0.847403204,0.173318803,-0.200096913,0.082491819,0.856689344,-0.057541038,1.464016323,-2.899988127,0.065643313,0.330949917,-0.043218567,-0.057298549,0.044060576,-0.141249888,0.248903817,0.65310146,0.001006109,0.554351221,-0.005548199,0.005447995,-0.009957322,-0.439868524,-0.426062792,-0.071446589,0.201215885,-0.246417537,-0.020708233,-0.047596883,1.019888531,-0.162144332,-0.206774522,0.240779568,-0.669089058,0.27941005,-0.210824248,0.945833019,-0.119494673,-1.297504826,0.270868313,7,1
47462024,0.529222566,0.545310589,0.718805412,0.260985952,0.531411716,-0.294782104,-0.296817503,0.899064869,0.156498139,0.892023501,0.230164778,-0.15126751,0.104372363,0.902862463,0.092720139,1.434150743,0.477835019,0.075463269,0.393235346,-0.031471291,-0.044629384,0.030135144,-0.098622687,0.025866367,0.624831616,-0.019134745,-0.130139395,-0.006336945,-0.008818553,-0.009864439,-0.39257417,-0.38874622,-0.043705969,0.041640398,0.38911839,0.394913254,0.001557026,0.967112358,-0.251404185,-0.313673115,0.34643434,-0.566262686,0.197596534,-0.210824248,1.042176393,-0.007450022,-1.095544398,0.110070893,6,1
47642024,0.464343202,-0.119932262,-0.129987022,0.15326131,0.100877463,-0.747584032,-0.752938865,-0.151981154,-0.073257035,-0.317258057,-0.153498786,-0.221597715,-0.194190401,-0.094042467,-0.199801004,0.280307151,0.000325859,-0.077454173,0.404684517,-0.089333214,-0.093961108,-0.074208288,0.072562623,0.026123157,0.346289954,-0.037434511,0.588705866,-0.006336945,-0.008818553,-0.010519762,-0.336024476,-0.326628394,-0.105371796,-0.192526023,-0.615703685,-0.112794762,-0.217803679,0.870176351,0.493068475,0.576916106,-0.55615685,-0.845555486,0.800571393,-0.210824248,-0.477012439,-0.559707715,-0.233827799,-0.108730074,5,1
49062023,1.097420425,1.174482636,1.059116334,1.012483359,0.852598987,0.959170686,0.971591488,1.278453246,0.165111292,1.252861214,1.500685084,1.518216268,0.229716717,1.338084747,0.364821829,1.595802047,0.900327094,0.024659362,0.936411761,0.088488161,0.089310188,0.284942428,0.078710759,-0.162027652,0.372354021,-0.204896903,-0.504925454,0.005487862,-0.003694405,-0.009675195,-0.428167692,-0.418562999,-0.029062514,0.711296701,-0.03058249,0.241702606,-0.013944328,-0.212683934,-0.155634666,-0.198857663,0.232925126,0.275849238,-0.436426738,-0.210824248,-0.099915028,0.062539608,-1.101375665,0.111720386,6,1
49302023,1.067905831,0.847981192,0.583878803,0.4124002,0.562475162,-0.842617754,-0.848800382,0.351508214,-0.087292665,0.596688253,0.498004814,0.28537405,-0.029767314,0.546326136,0.31366533,0.894834564,0.201590892,0.018925453,0.956664057,0.089051429,0.090715685,0.0673993,-0.05883249,-0.125114302,-1.043679744,-0.759236047,-3.141348052,0.007457399,-0.013213907,-0.009696868,0.109867631,0.120509216,0.091072791,0.214437631,0.609913916,0.815597062,-0.014543583,-0.307454587,0.162574868,0.185248179,-0.152990707,0.768062393,-1.641380526,-0.210824248,0.903600649,1.766006082,-0.290606715,0.039518869,5,1
49302024,0.987018204,0.735134922,0.639628874,0.482109074,0.612659244,-0.842617754,-0.848800382,0.351508214,-0.083178539,0.653167593,0.599158554,0.404947102,-0.03420369,0.601302963,0.162072492,0.933418265,-0.535886178,0.002408893,0.867693738,0.03952594,0.038142565,0.273555344,-0.420461348,-0.06840834,-0.516240659,-0.609076029,-3.222076409,-0.006336945,-0.008818553,-0.009823775,0.310567062,0.311883742,0.233760212,1.113221327,0.265621276,0.553298664,-0.012821437,-0.409652283,0.178634782,0.204450302,-0.172529858,0.805104858,-1.240355368,-0.210824248,0.661513892,1.129777239,-0.178182409,0.032025347,5,1
49602023,1.345276597,0.919899286,0.735993235,0.600198903,0.504965032,1.248069446,1.247966377,-0.052850354,0.232211484,0.943403655,0.709191296,0.616371972,-0.194827073,0.59066804,0.304362315,1.071618429,0.028561309,-0.267880473,0.839773595,-0.405972862,-0.395326224,-0.430518453,0.000451588,-0.073183701,0.561880894,-0.159069075,-0.412044331,-0.013438613,-0.054545248,-0.011521646,-0.827007365,-0.67845449,-0.11093174,-0.54579388,0.358794118,0.412891966,-0.027906643,0.548753211,-0.357406662,-0.439265561,0.469600443,-0.22148466,0.060048548,-0.210824248,-0.659394138,-0.843677771,-0.233827799,-0.108730074,8,1
49672023,0.255311455,0.804283355,0.348344379,0.90701026,0.660174591,-1.005648414,-1.01335153,0.14261889,-0.162194224,-0.309633357,1.14644478,1.084560153,-0.02752086,0.668678598,-0.057829749,0.26001927,0.035384679,-0.005635623,0.36481047,-0.010527248,-0.024310983,-0.227308667,0.063074214,0.358674518,0.260382086,-0.046116129,-0.003384343,-0.001999617,-0.004692283,-0.00956612,0.020305305,0.286929959,-0.18150514,-1.364021436,-0.575176968,-0.447879006,-0.016309436,-0.690887742,1.474124976,1.560461055,-1.613631671,0.709406433,0.620840807,-0.210824248,0.648829545,0.567387134,2.062557674,-0.108730074,6,1
49672024,0.967520159,0.916425909,0.4628545,0.868030957,0.615099742,-0.757123562,-0.762559507,0.485211822,-0.090179122,0.218950417,1.289003073,1.228658217,0.135249719,1.095621682,0.108130611,0.335432095,-0.027022398,0.039028709,0.279449516,0.064516462,0.049019961,0.057775282,0.10623289,0.194319346,0.065937959,-0.228001959,-0.442546465,-0.006336945,-0.008818553,-0.008359947,0.280401804,0.709860832,-0.137769604,1.344583151,-0.239038635,-0.555014738,-0.020873783,-0.883454209,0.723777214,0.837268356,-0.829591993,1.078414581,-0.168845918,-0.210824248,1.10805929,1.351632662,2.062557674,-0.108730074,5,1
52582023,0.769743503,0.558452244,0.173978064,0.37867101,0.209471539,-0.471160316,-0.47436236,-0.002839541,0.047753205,0.179572777,0.608348342,0.254268416,0.214283531,1.015787334,0.056958446,1.313001872,0.60078709,0.157858833,0.207844755,0.174362885,0.157287247,0.087968357,0.05821099,-0.047981299,0.077186499,-0.165454144,1.502311242,-0.006731341,-0.001509929,-0.006421186,1.363081475,1.474324432,0.071921132,1.835366822,0.161664636,0.240697141,-0.022230845,-0.543360684,0.075758649,0.080676747,-0.046994042,0.901951961,-0.121024759,-0.210824248,2.161631372,2.123160635,1.483172667,-0.069358849,5,1
52582024,0.687496517,0.681636313,0.318663159,0.519171728,0.336531474,-0.404248312,-0.406988264,0.010950159,0.118100393,0.320426856,0.58829754,0.23787933,0.199238553,1.158014529,0.093149374,1.45374385,-4.120045787,0.083197264,0.277554621,0.130158601,0.114227495,-0.078392739,0.012098705,0.05023901,0.199321829,-0.123452473,0.702805508,-0.006336945,-0.008818553,-0.007482493,0.835176148,0.81070588,-0.03869029,-0.374568764,0.084607837,0.149869571,-0.021588788,-0.474901572,0.117871724,0.131716679,-0.098642969,0.99582627,-0.020727799,-0.210824248,1.247355773,1.594261157,0.497776175,-0.010235055,5,1
55192023,0.558025667,1.11858332,0.683764033,0.44036081,0.784426809,0.391894686,0.392709376,-0.313404024,0.213912537,0.485131753,0.174134732,-0.096105321,-0.011551168,-0.036287292,0.678937011,-1.598313375,0.028561309,0.121244299,-0.826479616,0.125613254,0.103977701,0.014968021,0.035353731,-0.143693162,0.806577699,0.12019995,-0.028044568,-0.001211212,-0.012904753,0.022502445,0.366074155,0.593815521,-0.121795354,-0.084393334,1.008633063,-0.743378237,-0.023297384,1.405609662,0.689127934,0.798687468,-0.788792929,2.211364568,0.872056262,-0.210824248,0.667738265,0.627287895,-0.168021692,0.031357345,6,1
55192024,0.563801419,1.153010018,0.717285013,0.340009645,0.801540019,0.391894686,0.392709376,-0.313404024,0.263817701,0.543810127,0.426878903,0.169082965,0.017644897,0.037713077,0.781492205,-1.598313375,0.028561309,0.145555861,-0.825230854,0.150324748,0.128555511,-0.058527992,0.055895727,0.015925147,0.870430626,0.153055052,0.137805198,-0.006336945,-0.008818553,0.025925831,0.361017441,0.589642753,-0.114328424,-0.424357399,1.234940108,-0.634377021,-0.023301039,1.216518717,0.645307011,0.74988488,-0.737324847,2.274157263,0.922800893,-0.210824248,0.801299662,0.751069997,-0.653722589,0.065538068,6,1
55212023,0.582750319,0.7579149,0.356614958,0.457131616,0.245704266,1.130474885,1.130840784,-0.358995543,-0.163746677,0.483380758,0.315963615,0.212336588,-0.203580755,-0.41546021,0.196660046,-1.598313375,1.411052543,-0.0586145,-0.003963421,-0.05867524,-0.076528486,-0.054460094,-0.083887114,0.129737862,0.014248629,-0.39994589,0.020943367,0.015332213,-0.018429978,-0.00993962,-0.235257348,-0.271075913,3.077699965,-0.024324868,0.359928854,0.247047009,-0.012418077,-0.543360684,-0.22922098,-0.287162911,0.3203025,0.980379806,-0.434003958,-0.210824248,-0.363900905,-0.389782453,2.062557674,-0.108730074,8,1
55212024,0.779767824,1.030035131,0.611090239,0.938111179,0.684937419,1.130474885,1.130840784,-0.358995543,-0.161370552,0.479395796,0.517949968,0.416266471,-0.205416283,-0.126489656,0.200297924,-1.598313375,1.929504704,-0.094185792,0.21073766,-0.069638779,-0.085085902,0.31151324,-0.350177869,-0.0081233,0.083073755,-0.676776144,-1.381965248,-0.006336945,-0.008818553,-0.010323269,-0.423894273,-0.416550452,5.176790954,4.225956049,-0.163295509,0.021930326,0.035631313,-0.431059233,0.520322035,0.608115003,-0.588691837,0.989517191,-0.324777002,-0.210824248,-0.429744864,-0.419335652,2.062557674,-0.108730074,8,1
55222023,1.61614223,2.402316533,2.042494982,2.324655587,1.906700922,1.473758853,1.472404887,1.974311408,3.430736229,2.276719785,1.359906243,1.084540635,0.876964714,1.194142012,3.219231587,-1.598313375,0.028561309,0.817249773,0.94487911,0.851383873,0.845148735,0.154122964,-0.448771152,-0.823068249,1.874807784,1.038678598,-0.323177603,-0.006336945,-0.018535635,-0.006787194,0.054538978,0.106718944,-0.062474843,-0.028261115,-0.148497361,-1.768333052,-0.022112768,1.621707098,0.397634881,0.465654276,-0.440637584,2.420532289,0.582996108,4.818911616,1.036490576,0.985422421,0.057590136,0.059099681,5,1
55222024,1.383320184,2.452975403,2.086513075,2.404518021,1.974974027,1.473758853,1.472404887,1.987144603,3.509365472,2.292466075,1.379507906,1.087243926,0.963023727,1.321202375,3.348596213,-1.598313375,0.028561309,0.842498057,0.725745562,0.784087222,0.771310126,-1.350892429,0.587701221,0.10421578,1.939136953,1.316224139,-0.028044568,-0.006336945,-0.008818553,-0.005580351,0.020305305,0.079235013,-0.115238893,-0.028261115,-0.197473902,-2.285894891,-0.022471209,1.622852508,0.504545915,0.590218088,-0.570020842,2.43406619,0.642880809,4.818911472,1.076497451,0.887448613,0.186923256,0.055677446,5,1
55252023,-1.000395555,1.176971686,0.857937886,1.236711405,1.023635122,0.637590754,0.638700506,-0.168117383,0.059589339,0.438359283,0.271857861,0.017306432,-0.014675375,0.086908006,0.08659968,-1.598313375,0.028561309,0.105203473,0.189434504,0.103321797,0.086490784,0.067017262,0.093932341,-0.329949374,0.990086189,0.281733804,-0.028044568,-0.006336945,-0.012595993,-0.007359794,0.075397213,0.47139483,-0.181400113,0.540162219,-0.551014556,-3.595594402,-0.021834999,1.586438186,1.184080506,1.30621726,-1.333628928,1.459287064,1.245696943,-0.210824248,0.375333883,0.323023862,0.153411261,0.01083912,6,1
55252024,-1.468368557,1.209727698,0.883425418,1.260891102,1.040100309,0.692880319,0.693998413,-0.162962946,0.071661622,0.482738351,0.197746534,-0.039892925,-0.04192801,0.089957279,0.112527073,-1.598313375,0.028561309,0.075240927,0.322180422,0.074213681,0.059252054,0.026550564,0.093556394,-0.22776048,0.961893261,0.267457702,0.137805198,-0.006336945,-0.008818553,-0.008398791,0.010552896,0.313910405,-0.168298278,0.228514163,-0.53491131,-3.589164594,-0.020943733,1.661316346,1.156999201,1.28069468,-1.305794766,1.495684808,1.146949865,-0.210824248,0.210351898,0.171340533,0.481402016,-0.009246914,6,1
55312023,-0.471702134,1.499426431,1.495897991,1.625343878,1.608705217,1.622440339,1.619991485,-0.343015263,-0.095123614,1.060470826,0.07434046,-0.132048508,-0.080995108,0.87385685,0.089060312,-1.598313375,-0.471904679,-0.17134123,2.144028483,-0.285738216,-0.015488786,-0.333041812,-0.16663356,0.67988192,1.618731916,0.927896973,-0.323177603,-0.036759803,-0.0521138,-0.010483964,-0.512889442,-0.586996775,-0.145387097,-0.384327405,-0.747821756,-2.366279796,0.251327857,2.105451386,1.471896301,1.558970579,-1.611975148,-0.326752447,1.5885355,-0.210824248,-0.468921968,-0.57845668,-0.233827799,-0.108730074,8,1
55342023,0.707545994,2.005348224,1.566710938,1.868310228,1.501588488,0.670498361,0.671615726,0.222469603,1.81698646,1.607721465,0.752465246,0.422725506,0.259714778,0.332178325,1.690849996,-1.598313375,0.028561309,0.371448689,0.05251306,0.392951505,0.372768874,0.318859631,0.077990219,-0.642994968,1.484694233,0.678804971,-0.05304363,-0.007125754,-0.017061508,-0.0009414,0.069256818,0.171999801,-0.162996134,0.298475707,-0.10148388,-2.514838573,-0.022993456,1.55390508,0.537971748,0.628555222,-0.610041348,2.311749328,0.770929511,-0.210824248,1.460381223,1.400410378,-0.88742809,0.085057355,5,1
55342024,0.832704048,2.020228965,1.581403329,1.86412023,1.497889038,0.670498361,0.671615726,0.222469603,1.901926756,1.655035538,0.907183317,0.51154488,0.497653364,0.618228458,1.807968953,-1.598313375,0.028561309,0.578931155,0.463145774,0.589654029,0.572892024,0.142464052,0.103335752,-0.350349598,1.496746722,0.680235817,0.020943367,-0.006336945,-0.008818553,-0.004392198,0.321899608,0.456280217,-0.163656874,-0.216838309,-0.05754246,-2.179427133,-0.022738087,1.459413114,0.468850657,0.54875712,-0.526845573,2.327701281,0.73861075,-0.210824248,2.316319774,2.123360255,2.062557674,-0.108730074,5,1
56072023,-0.280099787,-0.745944797,1.157546253,0.332800032,1.190096692,0.80670128,0.807766283,1.033163324,0.071733461,1.015914408,-0.104139943,-0.430148805,-0.004025094,0.069743372,-0.42468975,-1.598313375,-0.098220134,0.118650242,1.317150584,0.083899582,0.106089315,0.098145343,-0.608910901,1.058413421,1.158522667,0.37145982,0.554351221,0.00469995,-0.001410977,-0.010026813,0.045966218,0.219887669,0.014755739,0.080270358,-2.587584278,-0.844902183,-0.012187453,1.898428934,0.740911309,0.855526915,-0.848934661,0.615322566,0.907207963,-0.210824248,0.301988617,0.139933817,0.706572465,-0.022757821,6,1
56072024,-0.197417699,-0.701779234,1.200650198,0.459673959,1.234139526,0.875371939,0.876357908,1.044418844,0.117379276,1.052182005,0.01485484,-0.336828594,0.032045822,0.094774663,-0.484552566,-1.598313375,0.056910994,0.155042631,1.563056099,0.096309671,0.139854625,0.125561516,-0.287853547,0.246558645,1.212931451,0.418854929,0.204305575,-0.006336945,-0.008818553,-0.010129261,-0.069382851,0.044095446,0.036039988,0.138787328,-2.920946088,-0.980897273,-0.003680965,1.867782382,0.774382952,0.892012373,-0.887652913,0.62303297,0.954188093,-0.210824248,0.375801519,0.140628376,-0.045079719,0.023379641,6,1
56082023,1.198905805,0.265205537,1.031451335,0.785408591,1.016393247,0.93558168,0.93646841,0.768184942,0.110676492,0.991043372,0.014137363,-0.035792242,-0.237417619,-0.322880804,-0.386909071,-1.598313375,0.028561309,-0.128980811,1.96406201,-0.325580377,-0.069204464,-0.014101244,0.304939783,-0.793228526,1.133749757,0.239599733,-0.183353814,-0.038739825,-0.260314339,-0.01052111,-0.660769005,-0.667296197,0.455925667,-0.233684224,-1.500274427,-0.487028077,-0.119748178,2.042041994,0.459336685,0.5374858,-0.515127249,-1.47202772,0.894237277,-0.210824248,-0.510769135,-0.899203437,-0.233827799,-0.108730074,7,1
56082024,0.884319327,0.072973232,1.021572359,0.351149426,0.968362459,0.93558168,0.93646841,0.778138074,0.073378366,1.040300575,0.020359157,-0.060420141,-0.204513064,-0.344041957,-0.202408398,-1.598313375,0.028561309,-0.064537792,1.84418969,-0.292058846,-0.077070893,0.045714423,-0.158921853,-0.288498512,1.093097991,0.260599315,-0.442546465,-0.006336945,-0.008818553,-0.010526523,-0.145907032,-0.120909891,0.159466691,0.000972616,-0.732098787,-0.23884103,12.69746195,2.011265384,0.311610052,0.363746635,-0.335522077,-1.266257864,0.780265162,-0.210824248,-0.37694012,-0.834674668,-0.233827799,-0.108730074,7,1
61082023,1.293421084,0.661437205,0.370338916,0.762899938,0.541801299,0.047664461,0.047402565,-0.124787048,0.006048342,0.116442746,0.391821084,0.255125271,-0.155482509,0.326299443,-0.077632795,-1.598313375,-0.601261839,-0.09304453,0.968892654,-0.056726058,-0.05235706,-0.059770821,0.071069618,0.049238682,0.642784666,-0.118631153,-0.238089116,-0.032405993,-0.42508569,-0.010338688,-0.365064211,-0.352992653,0.090687226,-0.188173889,-0.528404357,0.088458493,0.030868474,1.121092376,0.722591478,0.835746329,-0.827980594,-0.532117463,0.949860767,-0.210824248,-0.513109966,-0.293496047,-1.225668774,0.195686312,6,1
61082024,1.029522978,0.500510187,0.20074979,0.421711537,0.273590946,0.047664461,0.047402565,-0.124787048,0.015359585,0.155604657,0.282159713,0.199006017,-0.230986083,0.324033518,-0.004221633,-1.598313375,-0.076348214,-0.247257911,0.794916809,-0.040140108,-0.043140644,-0.000983186,0.093110644,-0.4404032,0.345499498,-0.221685564,-0.774244024,-0.006336945,-0.008818553,-0.010208071,-0.052508005,0.003395566,0.073160461,0.180610373,-0.043860389,0.39462869,0.000810357,0.986823432,0.21216552,0.244883374,-0.213748922,0.016291487,0.367305778,-0.210824248,-1.299012181,-0.16964231,-1.124683418,0.121145662,7,1
61122024,0.538153223,0.91785529,0.691433183,1.018163093,0.82106093,0.230775174,0.231178452,0.172947606,-0.091044773,0.427544696,1.226044437,1.128782774,0.162611007,1.405555272,-0.035762709,0.371250723,0.104967571,-0.11741701,0.927935526,-0.095503614,-0.080664648,0.012331219,0.069978453,-0.034768832,0.613562291,0.038517812,0.160262474,-0.006336945,-0.008818553,-0.010468395,-0.362844937,-0.350219205,-0.083841226,-0.134027742,-0.599157798,-0.608661817,0.087872556,-0.159061541,0.827814799,0.949190262,-0.948509297,0.538448731,0.593624783,-0.210824248,-0.597360571,-0.511624426,-1.090180311,0.108851138,5,1
61162023,1.099304819,1.076493146,1.660915265,1.008932295,0.980981301,2.216652247,2.207295739,0.047152005,1.068300438,2.209136901,0.92446627,1.061316208,-1.311662401,1.339333426,0.200450915,1.573593555,0.030150737,-1.996844402,0.300819684,-2.669789529,-2.859847819,-1.153180818,-0.057954926,0.479364231,0.49697508,-0.563437873,-0.569201668,-0.007914629,-0.034346294,-0.048426667,-1.388523882,-0.943852826,-0.063945558,-0.359543961,-0.228822515,0.163799059,-0.023610455,-0.367827818,-1.116566616,-1.25274291,1.240060227,-0.40559186,-0.880285409,-0.210824248,-0.879228759,-1.031569294,-0.233827799,-0.108730074,6,1
61162024,1.391920393,0.946229651,1.56948732,0.937162849,1.033266661,2.216652247,2.207295739,0.047024697,0.391689852,2.041931706,0.76486676,0.974719443,-1.761519044,1.211948531,0.083574586,1.495120701,-0.884283313,-2.283891493,1.127087305,-2.898780765,-3.026927515,-1.238837434,1.096835827,0.65562043,0.782260924,-0.151280944,-0.810316313,-0.006336945,-0.008818553,-0.016995962,-1.829963721,-1.225617524,-0.090028123,-0.382378124,-0.338998828,0.095995353,-0.024309643,1.132570836,-0.829273785,-0.966879547,0.975042545,-0.428355683,-0.478452043,-0.210824248,-0.953079958,-1.08668226,-0.233827799,-0.108730074,6,1
61172023,-0.01656202,-0.432649353,-0.381467834,-0.019533991,0.039913846,-0.697781251,-0.702719882,-0.096917463,-0.257765814,-0.856734719,-0.241558562,-0.340278202,-0.160488275,-0.007819368,-0.232937607,0.423601117,0.197171648,-0.044097907,0.345365997,-0.053640543,-0.067389085,-0.00867831,0.073333225,-0.091335784,0.227863558,-0.028793529,1.691600157,0.01021418,0.000463683,-0.010116144,-0.138778727,0.02273538,-0.049665801,0.936620022,-0.792687447,-0.369980058,-0.005840544,0.846603939,1.043804785,1.171388636,-1.187128695,-1.088883454,1.076920611,-0.210824248,-0.060288136,-0.151021033,2.062557674,-0.108730074,8,1
61202023,1.528817926,1.067738377,0.922441725,0.879587011,0.868558136,1.360159976,1.359495187,0.652969116,-0.086704874,0.947351494,1.200191041,1.183301338,-0.106622075,0.776666377,0.31176345,1.022358834,0.028561309,-0.170433398,0.573051025,-0.084602681,-0.087872201,-0.027496412,0.967006498,-0.352590978,0.504186959,-0.370720313,-0.810316313,-0.006336945,-0.008818553,-0.010467106,-0.400193043,-0.395041611,-0.104835992,-0.124951394,0.046140922,0.390464176,-0.002415328,-0.452806315,0.253971518,0.295077829,-0.265063082,-0.35612465,-0.028771426,-0.210824248,-0.506968574,-0.442548069,2.062557674,-0.108730074,5,1
61282023,0.519333972,0.140297564,0.306574001,0.484164716,0.370372993,-0.221036281,-0.222633764,0.169919605,0.001520776,0.251987888,0.311785546,-0.073741711,0.13257643,1.093702171,-0.234866737,0.628674744,0.216051247,0.036845398,0.559384021,0.039296776,0.028874864,0.044555894,0.038024586,-0.026998302,0.383891478,-0.04193828,-0.294406113,-0.003182339,-0.010955742,-0.009399445,0.285423732,0.313234795,0.043870198,0.560778323,-0.940928199,-0.367557414,-0.017651559,0.272987968,0.25850012,0.30076393,-0.27088608,-0.406059916,0.351930435,-0.210824248,0.60426403,0.584912194,-0.569793702,0.059197843,6,1
61412023,-0.298933588,-0.151925024,0.2021108,0.637111905,0.55024324,-0.369841122,-0.372352685,-0.220171004,-0.132952081,-0.486143782,-0.187147596,-0.146749944,-0.315090469,-0.058882325,-0.46072796,0.506604076,0.328635078,-0.273683155,0.773617359,-0.36287911,-0.355853525,-0.170641321,-0.098994496,0.386501713,0.579956424,0.059918038,-0.536821459,-0.012649268,-0.036969517,-0.011510384,-1.063909931,-1.309799707,-0.094362616,-0.484234585,-2.08521945,-0.916691919,-0.028393053,1.750702838,1.496348403,1.578838787,-1.634071979,-1.968567195,1.465616995,-0.210824248,-1.885300372,-2.480178624,-0.233827799,-0.108730074,8,1
61412024,-0.926420451,-0.531308963,0.051198929,0.585165809,0.481807466,-0.369841122,-0.372352685,-0.11511372,-0.340352564,-0.888807542,-0.264435502,-0.166622092,-0.385681617,0.043047129,-0.531013427,0.521028547,0.265819521,-0.363328908,0.981567318,-0.583059646,-0.56752486,-0.007457539,0.038887392,-0.096536491,0.527403033,0.053834769,-0.294406113,-0.006336945,-0.008818553,-0.011732734,-1.757635323,-2.806598953,-0.094972567,0.485371483,-2.910557916,-1.255747869,-0.026821718,1.857906501,1.881343025,1.860863492,-1.951479318,-2.472056947,1.809457956,-0.210824248,-2.549415037,-4.14642626,-0.233827799,-0.108730074,8,1
61532023,1.135695378,0.603253465,1.023979167,0.617675727,0.847779842,1.226116,1.227666957,1.425716697,-0.105152667,1.188070096,0.75519884,0.77412578,-0.641008218,0.94105526,-0.02919343,1.281282767,0.059569394,-0.976821514,0.973508418,-1.901240377,-1.979418386,-0.032512362,-0.160793322,0.101444125,0.815209838,0.043931586,-0.05304363,-0.006336945,-0.008818553,-0.01596637,-1.519117437,-1.229847385,-0.020525733,-0.160237942,-0.297041495,0.173284576,-0.024488891,0.701056316,-0.083269438,-0.111433091,0.145919659,-0.907910846,0.226128808,-0.210824248,-1.677379104,-2.945930014,-0.233827799,-0.108730074,6,1
61532024,1.071784772,0.499569738,0.906015236,0.551800038,0.759379684,1.278890112,1.27864398,1.497909324,-0.980119767,1.039884123,0.536299737,0.551123737,-0.61145107,0.787495562,-0.069692981,1.156744382,0.028561309,-0.851146397,0.934393444,-1.448126813,-1.498585829,-0.074593439,0.075607469,-0.083637851,0.74071058,0.019872182,-0.266045982,-0.006336945,-0.008818553,-0.014800832,-1.693000939,-1.371262675,-0.026130807,-0.199019831,-0.351363372,0.132802744,-0.024689224,0.904082888,-0.049899176,-0.07152031,0.106034267,-0.83189956,0.245483716,-0.210824248,-1.421886089,-2.165032223,-0.233827799,-0.108730074,6,1
61662023,0.751916651,0.744167042,0.67167269,0.691924645,0.763952129,0.383812241,0.384610299,0.19795178,0.068930925,0.492688444,0.865494729,0.461978452,0.471351457,1.726830578,0.049902204,1.862929368,0.100846558,-0.002862938,0.818906256,0.021749224,0.018789861,0.008441191,0.049271889,-0.158424346,0.734657069,0.06469801,0.86472421,0.008245118,-0.007907731,-0.009868525,-0.144719678,-0.078845878,-0.101641387,-0.180150581,-0.184182625,-0.143505094,-0.00949506,0.284768666,0.643088528,0.747849753,-0.735181956,-0.484759079,0.74008693,-0.210824248,-0.017000897,0.099040123,-0.362161321,0.044398787,6,1
61662024,0.833052422,0.707329257,0.646700736,0.692856905,0.733141864,0.383812241,0.384610299,0.195159602,0.047771977,0.484571,0.773244417,0.361351274,0.4058203,1.702706923,0.013798496,1.86545699,-0.148618606,-0.055110116,0.870014083,-0.068506294,-0.067881659,0.091098652,0.068895711,-0.255430605,0.667913708,0.026438955,1.190024335,-0.006336945,-0.008818553,-0.010386919,-0.243390166,-0.207706438,-0.107368184,0.566798296,-0.261806295,-0.098379917,0.05295192,0.484858236,0.598724725,0.697946507,-0.682720787,-0.52893089,0.633273324,-0.210824248,-0.313712723,-0.396679446,-1.538255618,0.60443277,6,1
61772023,0.916016718,1.729234059,1.388842797,1.742037253,1.508908889,0.975236604,0.976042381,0.053722039,0.324426468,0.950699358,1.092061766,0.830301031,0.425299832,0.919835653,0.600606818,-1.598313375,0.028255541,0.421636373,0.735413721,0.449215588,0.439885319,0.74837221,0.260152147,-1.289365746,1.477870963,0.644814943,-0.003384343,-0.006336945,-0.016747004,-0.007366896,0.286679568,1.269959093,-0.172142962,3.480878011,-0.469783665,-2.140585902,-0.02182562,1.448080127,1.426327335,1.521192242,-1.570049231,0.771122243,1.492429252,-0.210824248,1.096255496,1.064410911,-0.152260056,0.030323906,7,1
61772024,0.478281144,1.827818814,1.475111054,1.853546677,1.587933428,1.01775762,1.018462592,0.060701253,0.419465529,1.044480948,0.922476952,0.563263532,0.446800034,0.698496454,0.698498083,-1.598313375,0.033779198,0.457358078,0.819478754,0.490311544,0.483165243,-1.378605791,0.078144919,0.911322482,1.594508423,0.849490967,0.225901753,-0.006336945,-0.008818553,-0.007574894,0.330721432,1.151581425,-0.173392313,-2.004516091,-0.494454019,-2.731299159,-0.021607897,1.434423799,1.453111086,1.543565558,-1.594864685,0.851439597,1.569010419,-0.210824248,1.127571845,1.10311791,-0.555434214,0.058137171,7,1
62352023,0.104424935,0.181336373,0.312831702,0.484564807,0.408870128,0.25795094,0.258642159,-0.134077756,0.020376379,0.210444771,0.370421556,0.067169307,0.060535841,0.582228739,-0.216626065,0.971467288,0.028561309,0.110719365,0.365343958,0.133220457,0.118520725,0.059869387,-0.245539797,0.255330854,0.215169635,-0.036587522,1.9665959,0.008245118,-0.013936832,-0.007891893,0.905697193,0.980915085,-0.098093057,0.896050034,-0.852394174,-0.348518863,-0.021434942,0.147030351,0.375124036,0.438927128,-0.413005299,-1.002510308,0.092247814,-0.210824248,0.738629637,0.800131468,0.469683329,-0.00853905,6,1
62352024,0.202361528,0.255060771,0.431036672,0.487478137,0.480871513,0.294401805,0.295030885,-0.03533387,0.057406626,0.372062325,0.377339831,0.099263943,0.03209936,0.683271915,-0.18244819,1.027278434,0.028561309,0.056854477,0.570144615,0.081871352,0.071375696,0.062228369,-0.144228355,0.123908215,0.331451985,-0.018568891,1.158141435,-0.006336945,-0.008818553,-0.009075383,0.715637705,0.823454255,-0.085665543,0.449567883,-0.701346024,-0.362223766,-0.019170138,0.632446265,0.299756491,0.349820597,-0.321208845,-1.058025209,0.160430448,-0.210824248,0.377671937,0.479956473,0.448790305,-0.007275572,6,1
62822023,1.696144953,1.58293844,1.605240356,1.480188172,1.485915587,1.540235609,1.538419893,2.357917538,0.403906908,1.737018241,1.55080573,1.444594558,0.782650622,1.985529218,0.696224263,2.048245381,0.028561309,0.039225597,1.307452481,-0.003224086,0.019754344,0.451777069,-3.327497894,6.088934292,1.238191089,0.153512949,0.137805198,0.019661194,0.081948753,-0.010236363,-0.387108393,-0.379706915,-0.091884688,0.551324675,-0.201687518,-0.006397186,0.049153239,0.199266888,0.339388887,0.396727916,-0.369469394,0.084510734,0.315449878,-0.210824248,-0.227549717,-0.322177264,-1.959066918,1.374582619,5,1
62882023,-0.241481023,0.214357163,0.098899123,0.287097712,0.274060509,0.309603496,0.325496459,0.034375581,-0.193281113,-0.072258825,0.167705244,0.02835641,-0.151387256,0.336383589,-0.115671276,0.798918275,0.04459841,-0.087704701,0.340443756,-0.076416166,-0.088766701,-0.163851,0.053733088,0.084015369,0.371888692,0.008997126,0.836736926,-0.022916467,-0.073852794,-0.010432756,-0.396932676,-0.391378375,-0.141842867,-0.564485625,-0.284310222,-0.504056077,0.0402506,0.272987968,0.490452405,0.573845551,-0.552958176,-0.569587686,0.620072709,-0.210824248,-0.464022231,-0.43873814,-1.527382881,0.587282143,7,1
62882024,-0.359471293,0.314909185,0.218903859,0.395031466,0.372824755,0.371035669,0.371806561,0.112369104,-0.185690214,0.047160737,0.341336384,0.174970937,-0.116078691,0.491025629,-0.107700252,0.86407469,0.31046842,-0.067019479,0.607697574,-0.053633654,-0.06198294,-0.219380894,-0.003116239,0.291332186,0.480637273,0.040588886,0.48313129,-0.006336945,-0.008818553,-0.010236363,-0.166048416,-0.128391919,-0.172088104,-0.685732192,-0.345852559,-0.426514894,0.004549005,0.436224594,0.513877729,0.600957554,-0.581222343,-0.594252117,0.713713382,-0.210824248,-0.382046007,-0.309364285,-0.551694592,0.057861993,7,1
64382023,0.786089195,0.487161762,0.278845576,0.279679707,0.336311165,-0.930656877,-0.937645046,0.372148775,-0.016315458,0.238156772,0.374840329,0.092735559,0.036421112,0.585098774,0.044282569,1.007407451,0.410415534,0.083703634,0.266849941,0.094808013,0.078961239,0.012174452,0.017982506,0.082282868,0.215385764,-0.128634783,0.536865261,-0.005942564,0.004767755,-0.007895968,0.603351766,0.690207916,-0.056502519,-0.25445126,0.245917001,0.169024285,-0.021425271,-0.074614845,0.217660397,0.25161607,-0.220622546,-0.189711428,0.070589537,-0.210824248,1.980068234,1.968572991,0.888731879,0.036344244,5,1
64432023,0.429800549,0.303797923,0.61036485,0.162484969,0.422407128,1.16289299,1.163141578,0.40553595,-0.117902773,0.786287148,0.627591543,0.436604354,-0.031549611,0.074473532,-0.028181955,0.338856012,0.068848366,0.026413595,0.691246071,0.034977926,0.027899535,0.118694707,-0.190657133,0.176174478,0.55889684,0.022439215,1.032688921,-0.001211212,0.033609499,-0.009641864,0.134574149,0.070754858,-0.094202004,0.676538237,0.170226765,0.256788858,-0.017260232,0.566173559,-0.303426036,-0.375307706,0.407009613,-0.738216884,0.185199764,4.818912021,-0.154012058,-0.160441345,0.526002478,-0.011936002,6,1
64432024,-0.061435219,0.068826296,0.488360229,-0.123075966,0.272126964,1.16289299,1.163141578,0.405537733,-0.259512354,0.688641906,0.197399561,0.09922863,-0.203300523,-0.243787203,-0.064949812,0.360448396,-1.640868528,-0.286702393,0.729191518,-0.380952333,-0.378941954,0.028174037,-0.024945021,-0.197435048,0.49445353,0.029646758,0.50125885,-0.006336945,-0.008818553,-0.011703916,-0.930745721,-0.765952643,-0.092061999,0.107822316,0.37791936,0.323459861,-0.026964526,0.986823432,-0.431186731,-0.52540461,0.55346197,-0.754258053,0.165608452,4.818912127,-0.721065834,-0.859372476,-0.233827799,-0.108730074,6,1
64462023,2.456366075,1.548135005,1.213578399,0.201422396,0.240548292,0.817060902,0.818116281,4.81759924,-0.482100064,1.752057512,0.28356355,-0.750863686,0.52516493,2.099686287,1.79099253,2.030736334,0.028561309,-0.81004204,0.472623792,-0.589311364,-0.618908945,-0.332208741,0.001633811,4.233702347,-0.675446751,-2.134217975,2.356215023,-0.006336945,-0.008818553,-0.014536393,-0.641965825,-0.528043328,-0.301404243,-0.384976897,1.983357741,2.049897232,-0.025526067,0.160333989,-1.705762393,-1.732846101,1.668315723,1.179412043,-1.613127202,-0.210824248,-2.141430335,-1.572314051,-0.233827799,-0.108730074,7,1
64462024,2.503961723,1.620276324,1.304843463,0.315121381,0.290838497,0.821089374,0.822140791,4.727933836,0.189605854,1.865373539,0.747693052,-0.522269781,1.209281864,2.144740382,1.998555526,2.127006658,0.028561309,0.267596095,0.126378107,0.515125218,0.49459015,0.276665315,-0.155452782,-0.074153625,-0.779572129,-2.287731752,2.614061155,-0.006336945,-0.008818553,-0.000335085,0.989600571,0.408345936,-0.223846288,0.501608708,1.924139873,1.997971064,-0.023100394,-1.314953382,-1.759286176,-1.768930835,1.69949778,1.010258481,-1.657592571,-0.210824248,0.823760451,1.535325937,1.545838287,-0.07323917,6,1
64642023,0.754648709,-0.161222634,0.940804737,0.242418179,0.957494012,-0.2208003,-0.22239643,0.82005737,0.249690102,0.855307822,0.143425733,-0.291762165,0.123628061,0.506880419,-0.241579651,-0.566472004,0.028561309,0.194489637,1.330087026,0.129373363,0.151888326,0.120097656,0.017973058,-0.201010827,1.010565948,0.218571451,0.225901753,0.000365419,-0.014869622,-0.009929242,-0.075398396,-0.014585129,0.116439891,0.128174373,-0.937247163,-0.152610056,-0.010067451,1.720140086,0.527518836,0.6162928,-0.597230199,0.838945528,0.837777658,-0.210824248,2.060270192,1.336310549,-0.588777952,0.060610287,5,1
64722023,1.123752463,0.995849188,1.155739826,1.096348921,1.111543826,-0.515135166,-0.517528478,0.781478278,0.421737594,1.155522693,1.029289171,0.459310248,0.947033712,1.120061542,-0.020364585,0.945879769,0.028561309,0.918222935,1.162994025,0.716856958,0.722217588,0.548127041,-0.359339359,-0.654396329,0.665106258,-0.036540537,1.920961806,-0.006336945,-0.015702018,-0.008173292,1.224666327,2.154221339,0.379318622,1.643058628,-0.617934729,-0.194802778,-0.02101837,0.616369485,0.418662976,0.490302817,-0.466161166,-0.384743216,0.038201105,-0.210824248,10.81087986,7.416104756,0.462592517,-0.008110452,5,1
64722024,1.593019004,1.5681045,1.566196254,1.448439235,1.609764417,-0.493458488,-0.493896294,1.057608205,0.730801243,1.361800106,1.261656882,0.831754756,1.067619508,1.812549064,0.710501128,1.361537967,0.028561309,0.574778677,1.798396946,0.883380488,0.943725715,0.065358738,-1.807860491,4.903142278,1.48315,0.489591509,1.568028053,-0.006336945,-0.008818553,-0.009346028,1.129292989,1.823112045,0.239632504,-0.245488111,-0.162841581,0.103084561,-0.018105904,1.250852142,1.067809702,1.194983674,-1.212671004,-0.231352855,1.030468951,-0.210824248,6.842045277,8.814942908,0.603125592,-0.016569363,5,1
64772023,-0.216711409,-0.57518958,0.270825284,-0.132627627,0.41491494,-0.259156965,-0.260411798,0.214539848,-0.106068508,0.100916301,-0.539849381,-0.559146048,-0.182426431,-1.179350829,-0.235460408,-0.031531982,0.028561309,-0.00401954,0.593604037,-0.041465308,-0.050357579,0.022145312,-0.034148195,-0.191929887,0.588881982,0.066279219,0.289048467,0.001547737,0.01381046,-0.010124883,-0.13640041,-0.073791913,-0.113168175,0.446164563,-0.775239861,-0.441804865,-0.004380271,1.716937625,0.520322035,0.608115003,-0.588691837,-0.646203942,0.864331459,2.768992158,0.239860656,-0.11117059,-0.364476995,0.04455833,6,1
65042023,0.360703438,0.328713746,0.493045468,0.674955356,0.701486206,-0.984014727,-0.991508904,-0.110112928,0.154238301,0.101052528,0.418577355,0.263790144,-0.127126997,0.191393239,-0.251888649,0.369612221,-0.161532338,-0.030360237,0.807212409,-0.030396124,-0.033129289,-0.003092506,-0.04074066,-0.071021428,0.795701385,0.099528063,0.309566028,0.030280819,0.036905268,-0.010154559,-0.320230866,-0.276366446,-0.021270922,0.115140193,-1.037569169,-0.399145562,0.005536065,0.936357069,1.026918578,1.154812233,-1.169208062,-1.211142877,1.256221199,-0.210824248,0.233727895,0.260106902,-0.375737803,0.045335693,6,1
65042024,0.472711449,0.384108442,0.482928418,0.640812791,0.676217553,-0.984014727,-0.991508904,-0.110112928,0.157633743,0.135977903,0.478063352,0.316193569,-0.110200517,0.348139744,-0.197299505,0.486437111,0.230849674,-0.034396354,0.849201398,-0.020796479,-0.022158097,0.008285414,0.102083107,-0.143465835,0.777119253,0.087186675,0.115050335,-0.006336945,-0.008818553,-0.010121603,-0.154210602,-0.024828648,0.003184998,0.149420125,-0.821670784,-0.267421036,0.011074149,0.834512504,0.937183042,1.063749202,-1.071106548,-1.079569486,1.182907208,-0.210824248,0.167984212,0.402857236,-0.523700871,0.055815357,6,1
66552023,-1.303505448,-0.559613638,0.144322832,0.060670249,0.414581265,-0.804204232,-0.810046991,-0.148719971,-0.062472741,-0.245333679,-0.239849809,-0.492033157,-0.061734614,0.474467758,-0.281351251,-0.199585198,0.190153355,-0.002433263,0.608076882,-0.010918966,-0.019784258,0.017379131,0.001956645,-0.075108693,0.616326481,0.098476326,1.502311242,0.001547737,-0.014558269,-0.009880806,0.038625673,0.307831925,-0.033138774,0.102137664,-1.281615931,-1.43149682,-0.011862107,1.420275843,0.948889265,1.075838011,-1.084096306,-1.26187436,1.277383528,-0.210824248,0.565399183,0.442934536,-1.090719883,0.412443545,7,1
66552024,-1.361338115,-0.464294838,0.327467058,0.01599369,0.611505448,-0.804204232,-0.810046991,-0.29478685,-0.088695841,-0.20952996,-0.204754959,-0.514105998,-0.026774548,0.536601844,-0.24813858,-0.274125897,0.312445987,0.024189183,0.68699639,0.024990616,0.017880166,-0.007174778,-0.024354578,0.034479171,0.759675575,0.157391365,1.371933103,-0.006336945,-0.008818553,-0.009703783,1.35240771,2.673573867,-0.067628958,-0.615867989,-0.953721272,-1.404065306,-0.015029364,1.508175837,1.257561242,1.373689196,-1.407446963,-0.624352122,1.532424865,-0.210824248,0.945604898,0.907057181,2.062557674,0.086110307,7,1
66912023,1.270902466,1.066438236,0.617765201,0.923461984,0.673935408,-0.703599456,-0.708586078,0.417206748,0.181048346,0.514726346,1.096380527,0.92404577,0.216344578,0.144725709,0.269886196,-1.598313375,0.773445328,0.349081472,-0.690883642,0.367492218,0.344454554,0.173920115,0.468202949,-0.34489149,-0.412096478,-0.465155124,1.703539988,-0.007520183,-0.009732398,0.036179844,1.470052497,1.837322383,0.015801768,0.459784744,-0.054313329,-0.099340537,-0.023322851,-1.314953382,0.456829864,0.534923517,-0.512464484,1.251763549,-1.059587549,-0.210824248,5.106535408,4.710260553,-0.709642943,0.069917696,5,1
67432023,-1.159767812,0.182429669,0.294334852,0.720731663,0.552281643,-0.026439335,-0.027027857,0.112634978,-0.149222482,-0.1405611,0.089210066,-0.068868108,-0.128624525,0.191396269,-0.377589394,0.710488304,0.005901312,-0.032023842,1.160956146,-0.072737482,-0.057108133,-0.06944664,0.01005604,0.092273408,0.665076136,0.097039856,0.970810275,0.69652784,0.056981025,-0.010412774,-0.482906184,-0.508266994,-0.151079643,-0.259941883,-1.511450773,-1.033516487,0.075154384,1.608807207,1.063359024,1.190466724,-1.207778184,-1.255333128,1.262872769,-0.210824248,-0.092605569,-0.417236052,-0.233827799,-1.511694417,8,1
67432024,-0.458245401,0.440612043,0.417255892,0.859480783,0.665275879,-0.026439335,-0.027027857,0.090739248,-0.107425139,-0.054556223,0.495569879,0.285016106,-0.03337055,0.353674975,-0.337387421,0.705374147,0.10370532,0.049458111,1.290121262,0.01142338,0.032838955,-0.016882524,0.014926954,0.066776797,0.715034345,0.102738681,0.48313129,-0.006336945,-0.008818553,-0.010193478,0.081542228,0.411761709,-0.144029704,0.277585499,-1.288675164,-0.835333019,0.003724591,1.401320198,1.158751498,1.282697115,-1.307976815,-1.135299694,1.26898642,-0.210824248,0.561925742,0.238708586,2.062557674,-0.108730074,8,1
67532023,1.144888704,0.504196501,0.385345811,0.715416398,0.619168708,-0.435374001,-0.438325973,0.06911947,-0.074427631,-0.027299804,0.267116599,0.075616343,-0.088408253,-0.951674556,-0.168025328,-0.045711555,0.028561309,0.090604276,0.490899746,0.075792619,0.063674539,0.275972706,0.063343806,-0.059128135,0.139355063,-0.291803769,0.48313129,-0.00515385,-0.016119402,-0.008925025,0.48676042,1.173309576,0.055652379,4.23274602,-0.75130902,-0.371641198,-0.019704202,0.307918598,1.040912192,1.16837534,-1.183869585,-0.783132416,0.147535446,-0.210824248,1.366072288,1.11382914,1.214537282,-0.053050564,6,1
67532024,1.068120974,0.561659412,0.475663711,0.65181535,0.662589102,-0.372292761,-0.374820389,0.092961491,-0.00076791,0.147727959,0.285414586,0.063914762,-0.051002859,-0.894598775,-0.083143269,-0.050817608,0.028561309,0.129030019,0.553279175,0.106625821,0.095575625,-0.105516331,-0.078826699,0.246020362,0.343166849,-0.210154508,0.793582924,-0.006336945,-0.008818553,-0.008833137,0.494419146,0.997398489,0.015287542,-0.41278384,-0.466398549,-0.237395379,-0.02000375,0.539908058,0.897910881,1.023421466,-1.027846474,-0.688395242,0.36996193,-0.210824248,1.684165945,1.332374351,1.238197928,-0.054471835,5,1
67572023,1.53639757,0.582020104,0.915008219,0.932152994,1.131570037,1.055830559,1.05643279,0.093609633,-0.748545831,0.268288032,0.931426672,0.630284397,0.344399933,0.732181831,-0.29461564,-1.598313375,0.028561309,0.386201994,1.371141447,0.380429595,0.403021217,0.731069976,0.037544466,-0.833251517,-0.326267356,-0.586067744,-0.183353814,-0.003182339,-0.002898356,-0.009434337,0.993541866,4.822863372,0.311286778,3.996504771,-1.152696773,-0.224811183,-0.017425171,-0.566934294,1.609539237,1.667623025,-1.733224057,0.282967653,-0.822228424,-0.210824248,0.868626922,0.766799883,2.062557674,-0.108730074,6,1
67702023,2.959051603,2.208019679,2.43990008,2.062268179,2.269105318,2.357031725,2.345783873,5.252198985,3.103761503,2.854419639,1.920136553,2.12378612,0.660473729,2.362716235,2.522038975,2.478478948,0.028561309,-1.308031032,1.977317141,-1.192679317,-0.921735628,0.136454697,-8.081562417,9.797613044,2.155402573,0.212707328,-0.078388004,-0.014228029,-0.17920703,-0.010911625,-0.489137841,-0.474552969,-0.053756243,-0.193972739,-0.048211079,0.266887475,-0.034409525,1.046871564,0.29346311,0.342080794,-0.31325916,-1.086384084,0.320157252,-0.210824248,-0.611989189,-0.608734424,-0.233827799,-0.108730074,7,1
67762023,-0.530363513,0.522920737,0.144488388,0.642160989,0.414261523,-0.814633168,-0.820567495,-0.038879954,-0.114644927,-0.243988831,1.392994798,1.415522062,0.01637387,0.719508023,-0.105994156,-1.598313375,-0.118384855,0.030539531,0.615237032,0.031788921,0.022736814,0.000375211,0.09623382,-0.223098945,0.000915539,-0.046219045,-0.294406113,-0.001999617,-0.013317047,-0.009553589,0.301760559,0.712670934,-0.004945919,0.504174731,-0.524491759,-0.379474526,-0.016599712,-0.590900304,0.94661859,1.073319869,-1.081389655,1.212419498,0.061781733,-0.210824248,1.046042173,1.003200588,-0.448755003,0.050441724,5,1
67762024,-0.048196195,0.679761004,0.412874048,0.904132294,0.706437503,-0.814633168,-0.820567495,-0.035959571,-0.107625807,-0.219692226,1.481641589,1.54071031,0.037313965,0.832148238,-0.178721187,-1.598313375,0.157546429,0.022907951,0.835987484,0.019309271,0.016977822,-0.064793069,-0.10186561,0.45965241,0.443873877,0.020842882,-0.352368754,-0.006336945,-0.008818553,-0.009897234,0.081542228,0.472770038,-0.066930072,-0.640469812,-0.848475955,-0.479126649,-0.011232507,-0.367827818,1.444628191,1.536109261,-1.586589949,-0.118085531,0.901679109,-0.210824248,0.936706805,0.842794273,-0.55329813,0.057979936,5,1
67902023,0.912754715,0.397766204,0.369986832,0.220281866,0.219881571,0.590555741,0.591641248,0.170025223,0.04302989,0.527478075,0.786776989,0.502254807,0.204161669,0.998997997,0.007080962,0.17305911,0.028561309,0.152831387,-0.234213009,0.171121802,0.150714992,0.148784774,-0.06205324,-0.129239458,-0.045698295,-0.225896484,0.82251106,-0.007125754,-0.014247341,-0.000757175,0.946295132,0.697924978,0.104972396,0.528153415,0.213165445,0.336692353,-0.023013472,-1.004947591,-0.324008813,-0.399800714,0.43101149,-0.629715112,-0.553008748,-0.210824248,0.628520254,0.641665888,-0.800200333,0.07735009,5,1
67902024,0.801510273,0.421043547,0.455653989,0.25546032,0.373767199,0.590555741,0.591641248,0.170025223,0.035664482,0.547708311,0.830994716,0.57500377,0.180069754,1.034299887,0.00941502,0.176859636,0.028561309,0.113210132,0.149397666,0.120130004,0.10276768,0.058189071,-0.181919305,0.024470792,0.282363794,-0.09554491,0.733751055,-0.006336945,-0.008818553,-0.006832428,0.833872631,0.66148731,0.017966678,-0.121916567,0.178655294,0.227119175,-0.022117336,-0.743504611,-0.09551466,-0.126155466,0.160606046,-0.629513421,-0.059268909,-0.210824248,0.44837096,0.428483409,-0.978328548,0.094024191,5,1
68052024,1.65303543,1.066216362,0.653397263,0.940530412,0.730678678,-1.069652098,-1.077986018,0.550507921,0.105571957,0.506783564,0.621115305,0.369966748,0.065641495,0.298654107,0.253334877,1.135677604,0.134180772,0.165665934,-0.147153165,0.22729661,0.206970897,0.123899473,-0.031497035,-0.136262089,-0.241961147,-0.674623268,2.366332585,-0.006336945,-0.008818553,-0.000777112,1.120041146,1.356865034,0.002533732,1.102524021,-0.093330551,0.149943425,-0.023021453,-1.069203664,0.566415483,0.661230112,-0.644225754,0.725959934,-0.826381023,-0.210824248,3.572909402,4.082616091,0.322615824,0.00039895,5,1
68062023,1.304525544,1.546877973,1.263794139,1.35859285,1.256558914,0.37734674,0.378131184,1.915446783,-0.095031082,1.194560396,0.854667267,0.718787303,-0.050450593,0.09917861,0.808237032,-0.334502559,-0.015356893,0.087680704,0.416721605,0.085217234,0.071674314,-2.226358859,0.032262109,3.189026528,1.332318009,0.306194606,0.687065767,-0.00515385,-0.017376489,-0.008610404,-0.149467405,-0.129014681,-0.277373841,-2.088183918,-0.009001564,-0.600998037,-0.020520007,0.272987968,0.630090237,0.733091019,-0.719649817,0.049153585,0.986183321,-0.210824248,0.494659579,0.433821966,0.110534571,0.013517875,7,1
68692023,0.36786115,0.015610376,0.35899553,0.265043942,0.450068665,-0.338078137,-0.340384488,0.123450649,0.012795536,0.253657579,0.485290747,0.266617918,-0.023608927,-0.001816984,-0.191194138,-1.598313375,0.034934361,0.095830705,0.647112918,0.172790582,0.163436486,0.116782278,-0.269175513,0.0613738,0.404295613,-0.03714281,1.032688921,-0.003970896,-0.011569584,-0.008628503,1.092307994,1.571733262,-0.075709092,1.194532282,-0.627823945,-0.239508993,-0.020591284,0.319292522,0.392735419,0.459488749,-0.434259224,-0.663557667,0.386302893,4.818912166,1.296377171,1.880220959,-0.471329979,0.052045171,6,1
68732023,1.317907512,0.936464147,0.672819304,0.64352434,0.732601412,-0.533818567,-0.537474535,0.796704251,-0.057679475,0.553447858,0.378337347,0.118706447,0.009583132,0.033129171,0.299474252,0.262994743,0.028561309,0.126356965,0.568999092,0.130933852,0.1200496,-0.74164184,-0.213746054,2.173705344,0.702143376,-0.049452272,0.793582924,-0.00515385,-0.016956621,-0.008687312,0.61621882,0.72532419,-0.15630939,-1.655908419,0.299119219,-0.121018727,-0.020397231,0.548753211,0.511130348,0.597889539,-0.578021579,0.277815323,0.626093047,-0.210824248,1.913548163,1.792944724,0.14073927,0.011629261,5,1
80112023,0.256318685,-0.13160568,0.264662124,-0.138807414,0.369404196,0.123354125,0.123392022,0.180666858,-0.220993235,0.160417535,-0.3419925,-0.364920345,-0.203715812,-0.44682003,-0.131126131,-0.555934029,-0.302516724,-0.056785373,0.695074739,-0.067169644,-0.072716545,-0.21592595,0.031705317,0.424823186,0.571559248,0.043409839,0.091992402,-0.006336945,0.029557566,-0.010363854,-0.339395204,-0.335674381,-0.121795354,-0.538923198,0.068622685,-0.177220567,0.027957631,1.486339521,0.368926602,0.431726958,-0.405569056,-0.146248847,0.773700223,-0.210824248,-0.306284376,-0.377578661,2.062557674,-0.108730074,8,1
80112024,-0.237767996,-0.38251482,0.203576034,-0.502071985,0.240570859,0.089844617,0.08975405,0.171948519,-0.166034675,0.202183538,-0.209044643,-0.293124893,-0.174550165,-0.310249709,-0.14114875,-0.539194251,0.719881189,-0.033578222,0.736190285,0.026401909,0.02071006,0.014542911,0.173977919,-0.361565353,0.421111566,0.020399983,-0.078388004,-0.006336945,-0.008818553,-0.009754433,0.333243168,0.359980758,-0.048734009,0.41728357,0.445721479,0.046884532,-0.015362748,1.411960408,0.10030137,0.110376081,-0.077027625,-0.169643446,0.461605823,-0.210824248,-0.131680746,0.280534461,-0.088195576,0.026156498,8,1
80282023,0.624585628,-0.061209241,0.395578211,-0.198456945,0.53140679,0.134493035,0.134572123,0.24668887,-0.112728314,0.204670241,-0.012696007,-0.17302228,-0.123786111,0.150002522,-0.097596898,0.584319981,0.028561309,-0.021361809,0.608192275,-1.31E-05,-0.00897431,0.024604402,-0.03247428,0.155170942,0.69055932,0.061213908,0.945133784,0.006669625,0.069943439,-0.0097925,0.014208525,0.164051259,-0.089947286,0.07623144,0.32093828,0.381559836,-0.014531536,1.247827397,0.594434715,0.692849699,-0.677371851,-0.994954148,0.949042491,-0.210824248,-0.054713256,0.08222461,-0.668579843,0.066688316,6,1
81042023,0.266936715,-0.184991591,-0.103172316,0.025196951,0.162529001,-0.942963812,-0.950067508,0.050249538,-0.177269893,-0.365379611,-0.158543984,-0.214821211,-0.203841468,-0.110875595,-0.183421685,0.637810401,0.250903241,-0.093624133,0.47235192,-0.07632929,-0.086214042,-0.006680586,0.080506297,-0.017896474,0.358193425,-0.024768727,0.044944734,-0.006336945,-0.042696177,-0.01042899,-0.800108012,-0.802937402,-0.063477848,0.075424062,-0.419610101,-0.005091018,-0.029645655,0.996452014,0.656807699,0.763109903,-0.751256762,-0.791354004,0.871443692,-0.210824248,-0.668432495,-0.449937902,-0.233827799,-0.108730074,7,1
81042024,0.634131677,0.117287125,0.188256029,0.39368854,0.396274592,-0.651823858,-0.656389319,0.224225227,-0.174177045,-0.075993669,-0.261590384,-0.333067061,-0.178580267,-0.021510509,-0.20227739,0.646285155,-0.091437475,-0.063072665,0.460652164,-0.05616152,-0.06780181,-0.062364562,-0.022924008,0.42698663,0.439761037,-0.034762259,-0.003384343,-0.006336945,-0.008818553,-0.010205821,-0.320230866,-0.297367362,-0.090626018,-0.153538053,-0.749854873,-0.256702129,0.012369466,1.072685329,0.706466688,0.817983883,-0.809186484,-0.867021361,0.75367365,-0.210824248,-0.321423003,-0.191394247,2.062557674,-0.108730074,7,1
81052023,1.015263751,0.508721104,0.58578547,0.419388609,0.32194897,1.042010389,1.042651289,0.592909316,-0.082708412,0.816168702,0.693517607,0.563389827,-0.123873623,0.32186498,0.002628027,0.732396999,-5.820209537,-0.045541592,0.076464764,-0.014545216,-0.031902341,0.064028265,0.046142094,-0.231539487,-0.028604701,-0.256080448,-1.079643575,0.001153645,0.16545346,-0.009000789,-0.184927116,-0.229432853,0.06097783,0.145328268,-0.022833851,0.132276155,-0.019725342,-0.690887742,-0.502618554,-0.607628762,0.633037652,-0.78791292,-0.701681691,-0.210824248,-0.323483789,-0.257793626,1.290080941,-0.057596412,6,1
81052024,0.950914082,0.509303129,0.568384026,0.415552664,0.265197554,1.042010389,1.042651289,0.592909316,-0.078283137,0.822928902,0.670935413,0.566463263,-0.179679363,0.407249285,0.004762388,0.732656495,0.563033585,-0.167609036,-0.089616853,-0.052489288,-0.071024861,-0.033287125,0.058570348,-0.109463927,-0.177270221,-0.259501008,-0.884196709,-0.006336945,-0.008818553,-0.009628197,-0.295215398,-0.319229119,0.170177912,-0.113547587,-0.012982125,0.201391064,-0.014380743,-0.883454209,-0.601604575,-0.720014759,0.741038251,-0.777743848,-0.902617196,-0.210824248,-0.564069677,-0.366935876,2.062557674,-0.108730074,6,1
81102023,0.888958207,0.550909992,0.883995869,0.543296505,0.682660763,1.170448168,1.17066812,-0.142383651,0.33964814,1.068715601,0.5356801,0.452731437,-0.238179354,-0.112839198,-0.027665768,0.34502581,0.028561309,-0.161857335,1.236182569,-0.147696143,-0.085881531,0.286507124,0.021133943,-0.630664181,0.609018089,-0.013625148,-0.738733718,-0.024497196,-0.265271101,-0.01051707,-0.089811075,-0.117787583,-0.006819104,0.17403073,-0.226808905,0.030768692,0.397941258,1.200103902,-0.215115916,-0.27021389,0.303571151,-0.781227024,0.027877108,-0.210824248,-0.528949176,-0.529478106,-0.233827799,-14.90627165,6,1
81102024,0.981964439,0.590496775,0.833581674,0.498071462,0.573685682,1.170448168,1.17066812,-0.106754943,0.343902596,1.063467793,0.591420894,0.474631892,-0.170486072,-0.044640907,0.026638293,0.464836063,0.085872862,-0.051512235,1.099756257,-0.0648357,-0.053428121,0.219116599,-0.057004098,-0.283323106,0.507404181,-0.061483777,-0.884196709,-0.006336945,-0.008818553,-0.010383257,-0.637004453,-0.566941636,0.015677631,0.106197498,-0.043778459,0.207802505,0.100649866,0.909572077,-0.389684847,-0.477204984,0.506598863,-0.588711629,-0.114203625,-0.210824248,-0.347607839,-0.407453835,-0.614315345,0.062529537,6,1
81122023,1.184277919,2.081043743,1.653801846,1.943481299,1.663382112,1.164742944,1.209111751,1.575231223,0.564314033,1.540669118,2.982875912,4.319474169,0.863932567,1.23422176,1.951808047,0.48494516,1.403866637,0.777142449,2.521622668,0.564671629,0.78910593,-0.432291042,0.075278453,0.958168698,1.654180758,0.852448769,0.289048467,0.009426595,-0.01601498,-0.010135841,0.185432563,0.527241192,-0.172385699,-0.958860579,-0.089317892,-0.164063788,-0.000679231,0.395363039,0.929605593,1.056191475,-1.062990717,1.93153154,1.08029643,-0.210824248,1.538769735,0.957015783,-1.093693546,0.104337113,6,1
81122024,1.439210009,2.143939814,1.713914281,1.857521487,1.727272529,1.181020868,1.224161247,1.725096274,0.527073991,1.592795418,3.386142629,5.339802588,0.997338796,1.306052749,2.784558248,0.577725436,3.3886627,0.886781497,2.905141502,0.50898607,0.893016346,-0.892693977,0.0810394,1.084918512,1.770131313,0.989728251,0.268268366,-0.006336945,-0.008818553,-0.010256928,0.235308363,0.57782839,-0.183380992,-1.097748789,0.237169615,0.055983422,0.012376931,0.446162698,0.981130494,1.108556695,-1.119304555,2.033198948,1.185867978,-0.210824248,1.744071098,0.819229676,-1.058752144,0.097534843,6,1
81142023,1.134277608,0.696741784,0.769966378,0.465154128,0.835362102,-0.924571732,-0.931503042,0.017043433,0.093505391,0.622082052,0.757528045,0.341575154,0.399725756,1.436461697,0.133931561,1.29737264,-4.69939088,0.154056395,1.238247321,0.133874894,0.14996273,0.208131968,0.215006909,-0.435088106,0.822035731,0.045686982,0.204305575,0.000759539,-0.000817873,-0.009842029,0.158108325,0.317289294,0.069007609,0.541020481,0.230786295,0.22942976,-0.011447144,-0.543360684,0.606358459,0.706099602,-0.691280709,0.05212507,0.761515249,-0.210824248,3.042474915,2.478290877,-1.170345513,0.080662557,6,1
81632023,1.554706065,1.508804879,1.385008254,1.486244794,1.328451918,0.635994877,0.637104063,0.990901613,0.388308979,1.403257011,1.490202839,1.412910707,0.543154915,1.640643638,0.442630767,1.583986806,0.751624691,0.159409896,1.439810213,0.505461186,0.532105347,0.53668027,0.023236478,-0.575240172,1.10338425,0.021213312,-0.602076308,0.00469995,0.00056207,-0.009303205,0.61364457,0.859638793,-0.075890346,0.800324327,-0.385614422,-0.076549762,-0.016939852,0.521940858,0.489277784,0.572310152,-0.551358939,-0.368518656,0.442156649,-0.210824248,0.612121268,1.891106955,-0.410659622,0.047763127,5,1
82152023,-0.064481737,0.822087892,1.010851366,0.938604803,1.035276161,0.763180796,0.764277426,-0.230269985,0.124735609,0.902827092,1.171940997,1.000063641,0.300629838,1.426827729,-0.068150475,1.523547944,0.028561309,0.049542754,0.972351973,0.056900791,0.059580387,0.080937984,-0.639688134,1.128097861,0.877678712,0.188308748,-0.183353814,0.002729924,0.043086162,-0.00984813,-0.075398396,-0.011379338,-0.056721235,-0.169124185,-0.614655118,-0.586490812,-0.012498933,0.13355864,0.606031144,0.706099602,-0.691280709,-1.000815096,0.579467536,-0.210824248,0.069436246,0.067936878,-0.999209862,0.096302554,6,1
83412023,0.089161116,-0.446793953,0.49204833,-0.202966518,0.513762724,-0.19799996,-0.199466817,0.57616345,-0.04213426,0.461568897,-0.027343069,-0.316047941,-0.019528573,0.43201156,-0.197841643,-0.774731478,0.290625793,0.051673428,0.698363142,0.039957568,0.033036898,0.047440484,-0.052453228,-0.082152907,0.57329504,0.045384291,1.299298693,-0.001999617,-0.008919941,-0.009618454,0.021525267,0.133671953,-0.043229201,-0.201892019,-0.348075089,0.160226365,-0.015640949,1.256846019,0.245864224,0.285253494,-0.255007041,-1.058236272,0.49314564,-0.210824248,0.722075805,0.573086083,-0.930097145,0.089110637,5,1
83412024,0.071068972,-0.308482123,0.508289906,-0.148851786,0.486070777,-0.19799996,-0.199466817,0.584415995,-0.026083892,0.531037048,0.059246274,-0.266005101,0.019999225,0.545454687,-0.177173726,-0.471110229,0.775210226,0.073836911,0.491435812,0.065037241,0.053004516,0.07980535,-0.018889138,-0.149222582,0.539725816,0.021853703,0.808127205,-0.006336945,-0.008818553,-0.009025884,0.344597614,0.350475195,-0.045186107,0.15269568,-0.225277005,0.251831139,-0.019582308,0.972097958,0.113254219,0.125992954,-0.092842719,-1.022165564,0.374280641,-0.210824248,0.92438197,0.781433959,-1.111032859,0.1151251,5,1
83672023,-0.103616449,-0.322883539,0.785695463,-0.060655192,0.993138667,-0.712218573,-0.717276598,-0.033928187,-0.004386615,0.253263754,-0.255259735,-0.389738827,-0.134605479,-0.289340285,-0.198981842,-1.598313375,-0.079423958,0.008544148,0.857134853,0.012057138,0.010575795,0.023498117,-0.229378037,0.267900078,0.858919074,0.167344836,-0.738733718,0.006275718,0.001250014,-0.00995315,-0.094607439,0.13498977,-0.059543484,0.024047302,-0.469783665,0.136555567,-0.010502267,1.496582535,1.367687962,1.471425915,-1.514996249,-0.719550094,1.209500227,-0.210824248,0.654826633,0.67297039,-0.655745044,0.06569411,6,1
83672024,0.009696584,-0.21942067,0.865225932,0.366689478,1.060748541,-0.655119705,-0.659711577,0.015770438,0.009474045,0.336950991,-0.106775721,-0.312099513,-0.086361824,-0.250182517,-0.315147424,-1.598313375,0.004557423,0.058073777,1.122919131,0.041100139,0.051435904,0.10525062,-0.256758624,0.254151855,0.934908053,0.197756224,-0.738733718,-0.006336945,-0.008818553,-0.010024688,-0.083810059,0.225228811,-0.067845171,0.321938191,-1.417017406,-0.341181741,-0.007321928,1.464955624,1.385384354,1.486362782,-1.531498947,-0.995548592,1.257808105,-0.210824248,1.250294371,0.968470137,-0.763484847,0.074278929,6,1
84622023,0.176865795,-0.656693734,0.470393139,0.174961664,0.818997717,-0.853836711,-0.860107146,0.040500845,-0.189417101,-0.509539308,0.163011004,-0.046124452,-0.074461215,0.510571562,-0.340692524,-1.598313375,0.028561309,-0.023504846,0.916197328,-0.04261623,-0.040946871,0.13258021,-0.020500689,-0.247783124,0.188135294,-0.045081663,0.408372117,0.032639627,0.109530407,-0.010260373,-0.259600821,0.020152362,0.065716028,0.768839936,-1.845778793,-0.903722536,0.011185521,0.019338531,2.030476215,1.954432607,-2.058471166,-1.481605511,0.656656603,-0.210824248,0.284834663,0.035703399,-1.047016919,0.102073913,6,1
84622024,0.246892638,-0.5573669,0.512091528,0.333487932,0.840503182,-0.854893203,-0.861185936,0.018063088,-0.151091716,-0.387573287,0.285945074,0.021368858,-0.001287639,0.619787765,-0.388860153,-1.598313375,0.028561309,0.034737077,0.948533097,0.024046762,0.026068695,0.195038893,-0.044706798,-0.316626161,0.099639714,-0.063074489,0.044944734,-0.006336945,-0.008818553,-0.009967771,0.023965794,0.892355768,0.119907783,1.040243018,-2.115999759,-1.092909974,-0.009514414,-0.176679028,1.912843176,1.881072786,-1.97451148,-1.642251081,0.369123904,-0.210824248,1.147073189,0.938754172,-0.947598186,0.090846089,5,1
84632023,-0.619238811,-0.063322999,0.223243387,0.233254293,0.477375878,-0.026439335,-0.027027857,-0.020594105,-0.191199882,-0.164298265,0.336102769,0.192575334,-0.147482823,-0.237392545,-0.207648528,0.257022491,0.109549961,-0.009313464,0.631970429,-0.019738275,-0.027910164,-0.028735979,0.044914559,-0.131535833,0.589612567,0.081224316,0.137805198,0.003517977,-0.000719123,-0.009971959,-0.080206514,0.092960652,-0.091368601,0.036034625,-0.707664329,-0.440429729,-0.009849221,0.648211092,0.959267113,1.086412142,-1.095466842,-0.917929197,1.1367795,-0.210824248,0.090931379,0.003969878,-0.841220917,0.080893285,6,1
84632024,0.222400773,0.187115832,0.470336412,0.521367087,0.710347184,-0.026439335,-0.027027857,0.005466823,-0.177859094,-0.005077993,0.47294522,0.311773742,-0.111927352,-0.107728745,-0.232949445,0.286603611,0.104967571,0.018779597,0.668601265,0.012746399,0.005237645,0.075603256,-0.281952538,0.600135997,0.76435524,0.121296764,-0.104084326,-0.006336945,-0.008818553,-0.009766423,0.164311483,0.536232397,-0.092867349,0.643602006,-0.938250099,-0.618534829,-0.014199284,0.539908058,1.177911824,1.300213597,-1.327077158,-0.62388438,1.311944829,-0.210824248,0.316777737,0.248505291,-0.908076212,0.086990204,6,1
84732023,0.73103437,0.457954023,0.798481099,0.837119837,0.793499242,0.02916494,0.028824546,0.977420438,-0.198419658,0.764478393,0.056079094,-0.081369135,-0.148552055,-0.637281911,-0.3006756,-1.598313375,0.028561309,0.013594361,1.154620359,-0.013654693,-0.000614024,0.007810006,0.081289939,-0.0431411,0.810108879,0.09192362,-0.738733718,0.020448123,-0.01300776,-0.010219351,-0.243390166,-0.225825537,-0.029820254,0.145328268,-1.184453081,-0.52004682,0.012750523,1.556744377,0.352880548,0.412688892,-0.385922651,1.148362433,0.603703006,-0.210824248,0.245283619,0.029562562,2.062557674,-0.108730074,6,1
84782023,0.329557105,0.85774527,0.535396234,0.39356578,0.514211593,-0.694089236,-0.6989975,0.094596858,0.316333982,0.55364944,0.435235502,-0.043905719,0.277503885,0.55225956,0.333111472,-1.598313375,0.028561309,0.353188401,0.936545766,0.366350127,0.364578047,0.001138773,-0.202725587,-0.077842386,0.589181922,-0.0185899,2.154233038,-0.00515385,-0.016432971,-0.008542579,2.241759921,2.320521982,0.009799955,-0.48170434,0.663471676,0.247846056,-0.021053089,1.015272169,0.133335496,0.149919796,-0.117103265,0.563464296,0.436419321,-0.210824248,5.123443933,4.665790555,0.118149805,0.013041005,5,1
84782024,0.976832201,1.033855348,0.749359154,0.056438948,0.603080968,-0.604476681,-0.608668746,0.786267604,0.301096531,0.885676379,0.260879853,-0.123549008,0.115891946,0.802362795,0.678964339,-1.598313375,0.162227379,0.11818378,1.020273516,0.131566451,0.135633607,0.049226898,-0.308122637,0.939281055,0.742165865,-0.077482067,1.210764166,-0.006336945,-0.008818553,-0.009610672,0.948917135,0.859638793,-0.022483172,-0.299923812,1.518563998,1.0762292,-0.017025907,1.32083708,-0.123943934,-0.1608964,0.195206599,0.380063698,0.383827263,-0.210824248,1.932022161,1.908836112,0.139074483,0.011733161,5,1
89262023,0.783777061,0.540365389,1.184049049,0.839451809,0.967403237,1.426475855,1.425423792,0.593724466,0.526987361,1.393519025,0.316264371,0.183292944,-0.162290187,0.163996197,-0.237170551,0.227356248,0.028561309,-0.073730417,0.866383035,0.189970214,0.187145629,-0.106066748,-0.229465549,-0.016925203,0.790174592,0.05454092,0.778875729,-0.041512995,-6.22761944,-0.009104311,0.177972755,0.164051259,-0.031575145,-0.392760524,-0.997712558,-0.551151674,-0.019862317,0.981953053,-0.135393811,-0.174597103,0.208830475,0.348542205,0.018242035,-0.210824248,-0.394285188,0.025070116,-1.146305272,0.133087804,6,1
99062023,-0.935003691,0.883102252,0.416713829,0.996168459,0.789271269,-0.784276671,-0.789945925,-0.318252459,-0.131165906,-0.661209734,0.065023768,-0.157851989,-0.066069346,-0.140174938,-0.055425811,-1.598313375,0.028561309,0.071412831,0.37857615,0.064972323,0.050928677,0.174909705,0.043041217,-0.413559688,0.914977581,0.234605559,0.588705866,0.008638957,-0.01601498,-0.00870467,0.210339627,2.137568538,-0.183172386,5.307276392,-0.622408442,-3.412709249,-0.020191004,1.725644863,2.170945521,2.035519167,-2.151950204,2.533412414,2.436099337,-0.210824248,1.588558244,1.388847909,-0.947598186,0.090846089,8,1
99062024,0.529555616,0.841985573,0.374295703,0.881716659,0.716002487,-0.671104154,-0.675824888,-0.195856831,-0.116465331,-0.44995952,0.175572506,-0.084608623,-0.021289927,0.179674243,0.006824964,-1.598313375,0.028561309,0.087079318,0.649981435,0.075822989,0.067300198,0.255378813,0.094405811,-0.341883886,0.829128211,0.134064571,1.389270661,-0.006336945,-0.008818553,-0.009293928,0.349647495,1.915999607,0.119481026,5.77452031,-0.430435244,-1.520777845,-0.018211661,1.643799984,1.75802383,1.776961058,-1.856286475,2.492277129,1.96786233,-0.210824248,1.642992121,1.383477119,-0.947598186,0.090846089,8,1
99192023,0.661764242,0.315797361,0.272077087,0.057868013,0.4940217,0.270299667,0.270819261,-0.331315481,-0.084892456,-0.057382591,-0.097152735,-0.126594189,-0.23930602,0.27482413,0.008082442,0.194587205,-0.304218189,-0.249864594,0.555035235,0.165410958,0.153963327,-0.106053141,0.291211371,0.039649823,0.607402853,-0.021838787,0.427406912,-0.01146538,-0.023899162,-0.0083726,0.604637999,1.12193052,-0.08677092,-0.283760716,0.415148458,0.5901221,-0.019730624,1.256846019,0.855249443,0.978498911,-0.979789075,-0.617295154,1.060419589,-0.210824248,-1.138849533,0.966137602,1.68767695,-0.082194047,8,1
99192024,0.661584478,0.067653589,0.137500988,0.086048372,0.3712702,0.270299667,0.270819261,-0.331315481,-0.142640674,-0.16140338,-0.097382455,-0.16819574,-0.199118003,0.279598208,-0.114782901,0.150407055,0.027322773,-0.169004135,0.631986251,-0.241551732,-0.238392781,-0.223636109,0.404237021,-0.154654774,0.548397455,0.004936346,0.247221054,-0.006336945,-0.008818553,-0.011234386,-0.762448659,-0.814916293,-0.111725106,-0.597968051,-0.088210457,0.198309221,-0.028168147,1.294082739,0.768477271,0.885934378,-0.881196798,-0.88809174,1.051445334,-0.210824248,-0.802449019,-1.074491402,-0.233827799,-0.160041464,8,1
99332024,2.506133083,2.331421162,2.199698567,2.621065843,2.299137105,1.500022969,1.498491839,1.549912355,0.673844829,1.776586207,2.771583094,3.822705859,0.880921753,1.32460214,-0.187116158,0.533240846,3.731788198,0.749677207,2.434572016,0.775970962,0.968975045,-2.65449883,-1.378639354,3.418338524,1.975461765,0.013579275,-1.204855666,-0.006336945,-0.008818553,-0.010002453,-0.082609121,0.468644988,-0.097294472,-1.173223604,-1.047307466,-0.635554708,-0.005807101,0.494276162,1.863578458,1.849029003,-1.938010731,0.078731104,1.258061824,4.818912166,0.881661348,0.830588986,0.421636797,-0.005630609,5,1
99342023,1.102064366,0.938524639,0.800881634,0.923692186,0.907274664,0.977292525,0.978768437,0.093018517,-0.013815957,0.560742306,1.223377436,0.915285908,0.7159596,1.9600953,0.086250067,0.718175111,0.252696605,-0.001287828,1.327368208,0.093123195,0.115934542,0.215823957,0.059320962,-0.327781262,0.599410256,-0.046264822,-0.846962964,0.077783238,0.006514579,-0.010011966,0.054538978,0.342335943,-0.030543143,1.277964822,-0.323535697,-0.300675866,-0.007037853,-0.159061541,0.813341644,0.934020207,-0.932341837,-0.033561598,0.44708591,-0.210824248,-0.181863947,0.072156944,-0.759492534,0.073950043,6,1
99342024,1.182656579,0.982682703,0.842227724,1.084790106,0.932384393,0.979127058,0.979926489,0.09470379,-0.023302319,0.628751519,1.216942785,0.864777462,0.809936806,2.000935046,-0.025044008,0.688595853,0.165611894,0.047924748,1.297027227,0.058332332,0.07944452,0.124013598,-0.123001103,-0.037850146,0.704030627,-0.035607612,-0.960478236,-0.006336945,-0.008818553,-0.010078188,0.324419452,0.611218716,0.051729873,0.4427624,-0.61898597,-0.40455722,-0.00387825,-0.176679028,0.771753928,0.889480016,-0.884962715,-0.284253588,0.55827905,-0.210824248,-0.031727239,-0.029180877,0.829990395,-0.030114801,6,1
99352023,-0.232038737,0.123222131,0.133135289,-0.039098292,0.419703448,0.142310936,0.142418481,-0.343719573,-0.134713641,-0.294439639,0.202506299,0.015055482,-0.096285964,0.34572842,-0.060772868,0.372873197,0.484329839,-0.018522805,0.824647373,-0.040695488,-0.042635374,0.044095216,0.046489988,-0.184786537,0.551167822,0.057598935,0.329825617,0.01690656,0.02937274,-0.010221613,-0.276883958,-0.203459475,-0.072323961,0.76534584,0.291039554,0.228275177,0.009344047,1.105410678,1.019195449,1.146772301,-1.160523189,-0.38089731,1.196041846,-0.210824248,-0.037044623,-0.192900725,-0.808578463,0.078063507,7,1
99352024,-0.062711228,0.258066634,0.240297359,0.135473118,0.469108582,0.167632953,0.167830098,-0.274786649,-0.088266249,-0.091733649,0.322916148,0.083247217,-0.024525979,0.440313923,-0.043864106,0.42520679,-2.71299452,0.044741025,0.830681428,0.039894786,0.03716429,-0.022067158,0.00552617,0.047775283,0.563473237,0.056092283,0.427406912,-0.006336945,-0.008818553,-0.009783458,0.43581052,0.874565498,-0.078440107,0.124912911,0.147451633,0.091370452,-0.013197856,0.977044708,0.85398887,0.977488707,-0.97870996,-0.28497259,1.009738617,-0.210824248,0.386553694,0.321671488,-0.658269634,0.065889129,7,1
99382023,1.275827465,1.099838688,1.318397722,1.322007515,1.284550603,0.69499277,0.696110745,0.000655396,0.859192689,1.296932793,0.930035852,0.593590913,0.41133733,1.480025558,-0.18411157,1.207308917,0.246785249,0.1375528,1.967551436,0.024621437,0.125721037,0.11765989,-0.230352455,0.054437579,1.277795052,0.338221882,0.068625784,0.047570092,0.02937274,-0.010325634,-0.336024476,-0.323787613,-0.025146387,-0.045524694,-0.951693348,-0.678938956,0.030796794,1.7837409,0.547902465,0.639791289,-0.621788724,-1.25290656,0.797118943,-0.210824248,0.464665939,-0.023678247,0.099960863,0.014180821,5,1
99382024,1.269334673,1.075028149,1.341260586,1.201549932,1.229078965,0.69499277,0.696110745,0.003976942,1.00692817,1.442327627,1.093678811,0.697036067,0.719677695,1.508692876,-0.038471645,1.208095345,0.011356603,0.458622581,1.954935452,0.379596679,0.470704224,0.301967276,-0.109342028,-0.477803173,1.20807134,0.288824317,0.115050335,-0.006336945,-0.008818553,-0.00999191,0.4281846,0.532773334,0.002656925,0.39018059,-0.699806178,-0.443457636,-0.006845837,1.65010842,0.259932324,0.302314472,-0.272474309,-1.083241492,0.551979406,-0.210824248,1.76640431,1.308946067,-0.273040025,0.038334782,5,1
99442024,0.911760444,0.13735152,0.092946947,0.065806461,0.111839798,-0.419097071,-0.42193753,-0.210879469,0.073396389,0.130551766,-0.257390335,-0.390106297,-0.135697498,0.237455306,-0.080632072,0.470728134,-0.056737506,-0.046220492,0.432167309,-0.051336228,-0.063596734,-0.034014229,0.064936679,-0.04180523,0.303949177,-0.113499832,-0.846962964,-0.006336945,-0.008818553,-0.010135841,-0.052508005,-0.088934215,-0.069191183,0.018465171,0.085338995,0.27040301,0.021423601,0.986823432,-0.02719373,-0.043727325,0.078199944,-0.445510923,0.314417149,-0.210824248,-0.143449564,-0.175875663,-1.716991159,0.908234093,6,1
99452023,1.307807275,2.012756134,2.403016894,2.017737661,2.13455201,2.201630396,2.192505768,3.738029282,8.862201064,2.918941706,1.537861733,1.363268553,0.97886138,1.288749143,1.141543144,0.438124479,0.109226483,0.875598905,2.205048848,1.775882963,1.894312689,0.234285721,0.039455293,-1.983345902,2.137423183,1.862127908,-0.130139395,0.000759539,-0.016956621,-0.009256933,1.055383366,1.008157945,-0.003017888,-0.149803505,-0.423658469,-1.4911896,-0.01914856,1.448080127,-0.046299004,-0.066798393,0.101308819,1.449172921,0.240402594,-0.210824248,0.050053627,0.406427191,-0.02430307,0.022048954,5,1
99462023,0.748752263,1.231406311,0.813193951,0.95351384,0.886050448,0.77980031,0.780886534,-0.233584052,0.179567043,0.642327946,-0.821429832,-0.70911296,-0.212970891,-0.941427057,0.534393114,-1.598313375,0.028561309,-0.044160548,0.372445239,-0.053526453,-0.066827963,-0.23204079,0.098954553,-0.068076294,1.015443878,0.22345027,0.044944734,-0.106026853,-0.008717204,-0.010130357,-0.28147716,-0.250359717,-0.15836418,-0.614635263,0.213295584,-1.34683939,-0.005028505,2.059436953,0.671066442,0.778870749,-0.767875011,2.111184674,1.068217358,-0.210824248,-0.295820561,-0.349264961,-0.912497721,0.087410784,7,1
99582023,0.81307438,1.218139238,1.397045457,1.111628083,1.408216982,0.467428869,0.478542699,0.932333644,0.148653292,1.283213669,1.045916248,0.869299273,0.177298083,0.125803623,0.334321732,-1.598313375,0.738402275,0.308969381,1.642225187,0.263523872,0.312979754,-0.20836889,-0.735676088,2.245410603,1.340452823,0.395412037,1.102845023,0.001941813,-0.006798461,-0.009919925,0.108634131,0.337591642,-0.143200945,-0.315965684,-0.162660059,-0.454549526,-0.010820562,1.250852142,0.793114064,0.912263991,-0.909182265,-0.830979388,0.903978923,-0.210824248,1.551110045,1.196542144,-0.51201778,0.054967876,5,1
99582024,1.679529144,1.428654026,1.500193997,0.882282119,1.320206767,0.552315577,0.553369928,1.55112507,0.272451846,1.699101003,0.931800047,0.623897083,0.357981313,0.178244644,1.060288211,-1.598313375,0.745096626,0.498514398,1.62402407,0.503624486,0.547853582,0.404150432,-0.25348182,1.148248917,1.201488085,0.047475665,0.718366337,-0.006336945,-0.008818553,-0.00956612,0.410407987,0.516876295,-0.114513767,0.339579061,0.728203522,0.392291997,-0.016414146,1.235539032,0.091286784,0.099438396,-0.065960327,-0.537010028,0.302238429,-0.210824248,2.280505537,2.073405822,-0.129264472,0.028822066,5,1
