compyear,cash and cash equivalents,current assets,total assets,current liabilities,total liabilities,common shares,share capital,total capital,retained earnings,total shareholder's equity,net operating income,cogs,operating income,operating expense,working capital,r&d expense,expected credit impairment (loss) profit - operating expense,operating profit,finance costs,net income before tax,net income before interest and tax,cash flow from operations,cash flow from investing activities,cash flow from financing activities,long-term and short-term borrowings,net liabilities,Tobins Q,financial leverage,operating leverage,interest coverage ratio,roa - comprehensive income,roe - comprehensive income,cash flow adequacy ratio,cash reinvestment ratio,current ratio,quick ratio,interest expense ratio,interest expense ratio (B),total liabilities/total net worth,debt ratio,net worth/assets,long-term funding ratio (A),debt dependency ratio,contingent liabilities to net worth,operating profit/paid-in capital ratio,pre-tax net profit/paid-in capital ratio,retention ratio,dividend payout ratio,tcri,cluster
11092023,1.0937678,0.64678377,0.577266817,-0.084306513,-0.244584398,0.819424176,0.820477245,-0.341170398,0.442037055,1.015983366,0.427839267,0.198168025,-0.019738014,-0.194421336,0.26960835,-1.598313375,-0.01293795,0.125997464,-0.930686892,0.152392341,0.130510921,0.028520652,0.071696195,-0.128026621,-1.938877275,-0.531790406,-1.248010465,-0.007520183,-0.009224327,0.038238115,0.349647495,0.048637687,0.166842306,-0.050997897,1.203294355,1.236107628,-0.02331923,-1.391803372,-1.589058122,-1.649469495,1.595674852,0.163816076,-1.726119046,-0.210824248,0.319123962,0.363487176,-0.16894663,0.031418095,5,0
11092024,1.116187793,0.610153414,0.557886391,-0.358891828,-0.494756177,0.819424176,0.820477245,-0.341145145,0.451718667,1.033878384,0.219039236,0.019382414,-0.081715087,-0.223104765,0.286516673,-1.598313375,0.23394132,0.061083566,-0.772831517,0.07313238,0.051819263,-0.015289644,0.136292856,-0.159784328,-1.938877275,-0.511540179,-1.248010465,-0.006336945,-0.008818553,0.011484976,0.335765442,0.024673516,0.075130121,-0.235078103,1.596965042,1.554664711,-0.023230676,-1.391803372,-1.951282058,-1.889717957,1.802660039,0.199462772,-1.726119046,-0.210824248,0.084726005,0.095774486,-0.340648979,0.042921664,5,0
11102023,-0.651753974,-0.151481165,0.59444857,0.062135099,0.130032828,1.247574555,1.247473714,-0.232164918,0.099615333,0.92885328,-0.268845305,-0.27969306,-0.224667884,-0.98275789,-0.183287529,-1.598313375,-0.236506874,-0.055583764,0.282094038,-0.033730701,-0.048605746,-0.033533527,0.206577438,-0.181744079,0.204015757,-0.026715652,0.247221054,0.036177118,0.002621977,-0.009764423,-0.05130092,-0.160002294,-0.123004749,-0.051778981,-0.446851876,-0.519002276,-0.01435658,0.852572389,-0.937481735,-1.078509233,1.079326947,0.912853888,-0.448655264,-0.210824248,-0.360467669,-0.338360363,-0.644591078,0.06483558,6,0
12132023,-5.228670655,-4.584486272,-1.826892678,-0.678121748,-0.897551058,-1.366899114,-1.378404037,-0.335570406,-0.368495967,-2.462054751,-2.025558519,-1.022255745,-0.299180707,-2.031377877,-0.321320666,-1.598313375,-0.042830155,-0.119554432,-0.047159827,-0.131752457,-0.148908297,-0.101293326,0.14597427,-0.044267841,-0.226773108,-0.049982202,0.247221054,-0.011070785,-0.028105642,-0.01175778,-1.785894775,-2.214289142,-0.269171132,-0.880089652,-8.9963809,-3.883362667,-0.02637697,1.976467467,1.348322358,1.454490196,-1.496306636,-2.730208133,1.515334755,-0.210824248,-1.145118508,-1.233515755,-0.233827799,-0.108730074,D,0
12132024,-1.196678258,-1.919399692,-1.857265814,-1.936293328,-2.347612969,-1.366899114,-1.378404037,-0.335570406,-0.203722234,-1.348640749,-1.775936544,-1.004789158,-0.279431752,-2.131244013,-0.229407701,-1.598313375,0.028561309,-0.098635284,-0.107965147,0.034376087,0.015382659,-0.202840144,0.445228215,-0.143839316,-1.938877275,-0.085826135,0.389100724,-0.006336945,-0.008818553,-0.006844712,8.074581107,7.575416645,-0.928662051,-2.060144765,1.213899999,0.711858708,-0.022338516,1.806468455,-1.957161865,-1.892735139,1.805211703,0.391797107,-1.726119046,-0.210824248,-0.834940601,1.61774602,1.891656697,-0.09576585,9,0
12182023,0.743769322,0.49433497,0.706839218,-0.098171523,-0.23523751,1.142877447,1.143199526,0.102123211,0.634242567,1.178212998,0.853267741,0.685575723,0.017011428,1.06216856,0.154680729,-0.096922635,0.04710605,-0.090317406,0.101491804,-0.047363548,-0.064316477,-0.415534734,-0.593178798,-0.54172458,-1.938877275,-0.263150602,-0.266045982,-0.017386408,-0.1390076,-0.009777439,-0.540521553,-0.475974821,-0.163306134,-0.749446801,1.003661907,0.758038637,-0.030568984,-0.770508679,-1.750976101,-1.763596176,1.694898004,0.596131411,-1.726119046,-0.210824248,-0.422966406,-0.360827897,-0.233827799,-0.108730074,6,0
12202023,-0.540239867,-0.395652291,-0.500581405,-0.825149542,-0.821969789,0.162873771,0.163054377,-0.334681916,-0.144602634,-0.188593071,-0.019654238,-0.118462025,-0.181439474,-0.406551344,-0.115071891,-1.598313375,0.099453625,-0.034697155,-0.470109552,-0.032489395,-0.052844742,-0.016539894,0.084777198,-0.067867286,-0.367568411,-0.082112864,-0.078388004,-0.006336945,-0.002997755,-0.007021343,0.191653444,-0.008813113,0.003008955,0.261746969,1.059910033,0.87080788,-0.022076149,-0.883454209,-1.1056523,-1.242626299,1.230798112,-0.380846823,-0.636777459,-0.210824248,-0.154995587,-0.142122982,0.038348505,0.01806349,6,0
12202024,-0.387808013,-0.278296062,-0.424759015,-0.613185138,-0.684222408,0.162873771,0.163054377,-0.333710739,-0.126691562,-0.142847072,0.017882049,-0.106208084,-0.159666582,-0.316542354,-0.105058428,-1.598313375,0.120249929,-0.016844623,-0.559332483,-0.012151061,-0.032782284,-0.047816281,0.07650438,-0.027163012,-0.286460694,-0.086918112,0.225901753,-0.006336945,-0.008818553,-0.004426531,0.412946019,0.136307864,-0.011256652,-0.072789561,0.826720365,0.580328859,-0.02272542,-1.004947591,-0.954601891,-1.095718827,1.095315495,-0.338088884,-0.526029052,-0.210824248,-0.031727239,-0.008402982,-0.171103859,0.031559827,6,0
12332023,-1.049314715,-1.237938645,-0.773041779,-0.642126944,-0.626695028,-0.667819743,-0.672513895,-0.338884965,-0.15098657,-0.672012626,-0.318116067,-0.626813888,-0.040743676,0.770054273,-0.243798776,-0.406225741,-0.106882508,-0.046904008,-0.352571449,-0.048203465,-0.06813532,-0.035307478,0.081955782,-0.084572069,-0.606195904,-0.078490011,0.850807194,-0.004759516,0.009601605,-0.008733372,-0.016197966,-0.085784441,0.09618233,0.358099287,-0.673902803,-0.436316118,-0.020258243,-0.973721154,-0.274560731,-0.341279567,0.373597468,-0.657643588,-0.787649365,-0.210824248,-0.104304379,-0.088015787,-0.850353043,0.081700454,6,0
12332024,-1.020229759,-1.236453822,-0.779326113,-0.633808455,-0.61763149,-0.667819743,-0.672513895,-0.338884965,-0.148948633,-0.689447692,-0.291708182,-0.619264703,-0.028899664,0.829570503,-0.244460077,-0.395294385,0.028514609,-0.050846549,-0.356330324,-0.050629631,-0.070571623,-0.037518905,0.085383131,-0.077464048,-0.606195904,-0.078827742,0.588705866,-0.006336945,-0.008818553,-0.008863083,-0.138778727,-0.183345038,0.112069307,0.311874518,-0.693386396,-0.471857553,-0.019977622,-1.036769453,-0.24059932,-0.30041382,0.333370075,-0.714295944,-0.778719133,-0.210824248,-0.156717168,-0.118514319,-1.068907836,0.105165912,6,0
12352023,-1.864055461,-1.128219865,-0.233384113,0.150909158,0.033039625,-0.029061089,-0.029661758,-0.186675866,-0.125209831,-0.442283265,-2.272229978,-1.257640128,-0.259655786,-2.620815005,-0.39986165,-1.550764644,-0.088879823,-0.069858783,0.336293982,-0.053831752,-0.067723461,-0.099640658,0.052781022,0.108475943,0.382879009,0.001141024,2.100942563,-0.041909274,-0.017166448,-0.010112873,0.79090731,1.006005462,-0.143418941,-0.545169657,-2.925001725,-0.982582092,-0.005545912,2.133812096,0.529005343,0.618336892,-0.599365089,1.132069994,0.998726067,-0.210824248,-0.397860337,-0.261411595,-0.696652757,0.068887728,8,0
12352024,-2.007282617,-0.289315792,0.132752174,0.317210609,0.175712961,0.027691547,0.027344814,-0.167220138,-0.08340852,0.137263735,-2.062372344,-1.211442661,-0.256484744,-2.066970113,-0.312905836,-1.598313375,-0.104389192,-0.071092313,0.385594055,-0.14354141,-0.148563792,-0.083846471,0.006572673,0.161183157,0.473635035,-0.038550998,1.615803845,-0.006336945,-0.008818553,-0.010964082,3.290946712,3.593557945,-0.151613251,-0.273591011,-1.431126012,-0.307468134,-0.030049229,2.113860558,0.070448952,0.074419666,-0.040673687,1.389833169,0.615893433,-0.210824248,-0.40366678,-0.756706132,-2.055857559,1.575813614,8,0
12362023,-1.342881793,-1.18602707,-0.339451959,-0.547189781,-0.312846537,-0.729172808,-0.734372356,-0.325550309,-0.076779906,-0.233409011,-0.376880518,-0.454961649,-0.163339856,0.145499808,-0.249068533,-0.008093571,0.028561309,-0.065220703,-0.214618132,-0.066399415,-0.085641476,-0.033913626,0.074228888,-0.056395374,-0.047180911,-0.04077263,-0.504925454,0.109516269,0.067840049,-0.010014083,-0.890946311,-0.72691746,0.018570475,0.024047302,-0.834309359,-0.429363245,0.001917514,-0.159061541,-0.284632741,-0.352970352,0.385085297,-0.681249749,-0.036459137,-0.210824248,-0.347869123,-0.317359289,-1.499217532,0.543648226,6,0
12362024,-1.715656275,-1.084331362,-0.278813973,-0.445836235,-0.254970928,-0.729172808,-0.734372356,-0.325550309,-0.06021623,-0.181399097,-0.360819774,-0.432795073,-0.168483759,0.203769198,-0.251767225,0.100876929,0.028561309,-0.086762845,-0.038586711,-0.085813406,-0.100479404,-0.074240286,0.07066486,0.004471263,0.019976412,-0.031276148,-0.63545589,-0.006336945,-0.008818553,-0.010639747,0.199123704,0.096888291,-0.04997058,-0.262680356,-0.919154311,-0.561695724,-0.045457976,0.236793634,-0.253128815,-0.315795384,0.348524316,-0.792717921,0.048994974,-0.210824248,-0.56347717,-0.52771767,-0.233827799,-1.688713901,6,0
13152023,0.899541349,0.736984019,0.562273323,-0.797464471,-0.765355149,-0.545916926,-0.549662876,-0.215300486,0.791084398,1.068458846,-0.303616337,-0.342957324,-0.197171277,-0.229137151,0.44415237,-1.598313375,-0.3594629,-0.064975568,-0.758411941,0.003612181,-0.017419756,0.004133538,0.214067469,-0.190731366,-0.598848491,-0.680740448,-0.810316313,-0.000422867,0.04009363,0.001619419,0.180458718,-0.082632086,-0.09064217,-0.218956846,2.328367173,2.370590297,-0.023143112,-1.135980066,-2.331699943,-2.086672899,1.966298439,0.484628236,-1.445831558,-0.210824248,-0.349699389,0.464456642,-0.496434249,0.186076927,5,0
13152024,0.883984848,0.613299767,0.481909521,-0.659970268,-0.670667234,-0.545916926,-0.549662876,-0.20634209,0.789746192,0.964720446,-0.306727134,-0.329808051,-0.208830614,-0.164917281,0.32281544,-1.598313375,0.116472045,-0.094851994,-0.735301768,-0.018163196,-0.039107963,-0.034155263,0.155079452,-0.156712918,-0.621334922,-0.56237925,-0.669351206,-0.006336945,-0.008818553,-0.001926663,-1.063909931,-0.724806674,-0.096990728,-0.329912082,2.028704739,2.019319055,-0.022945043,-1.205425585,-2.110466861,-1.978433714,1.87713217,0.321937696,-1.437193674,-0.210824248,-0.607507145,0.224558532,-1.168204351,0.355432319,5,0
13232023,0.414599193,-0.110435756,-0.036447821,-0.673222152,0.065436331,-0.657488902,-0.662099794,-0.306450247,-0.003755071,-0.066034865,-0.016561892,-0.153766702,-0.144870954,-0.028388763,-0.052674581,0.270216202,-0.100795076,-0.024722877,0.276342528,-0.025775016,-0.040782571,-0.001672764,0.044767598,-0.101696235,0.284452462,-0.047917672,-0.183353814,-0.000817032,0.097060252,-0.009635027,-0.070586437,-0.074424012,0.015908178,0.109447637,1.170845754,1.105139042,-0.015635046,0.512815953,0.131244614,0.147840111,-0.114993134,-0.453834324,0.448896003,-0.210824248,0.184331905,0.1846862,-1.133650977,0.125768317,5,0
13232024,0.264165529,-0.125272638,-0.12295452,-0.496698089,-0.012479544,-0.657488902,-0.662099794,-0.300252561,0.018094988,-0.142581727,-0.167600677,-0.246556182,-0.183213743,-0.171522282,-0.074897011,0.26708202,-0.130905335,-0.053993439,0.233516725,-0.011840628,-0.027497124,-0.029153282,0.004959661,-0.059626147,0.260042759,-0.063873025,-0.352368754,-0.006336945,-0.008818553,-0.009340428,0.52125723,0.50307253,0.017345332,-0.058799549,0.826047677,0.880074572,-0.018888378,0.708323183,0.093706091,0.102563944,-0.069122138,-0.328931433,0.469992775,-0.210824248,-0.200184037,0.351594349,1.107316119,-0.046632445,5,0
13242023,-0.672795879,-1.135645802,-1.424422604,-1.269786606,-1.519520335,-0.933765621,-0.940782906,-0.358310709,-0.187026802,-1.068309845,-0.84900583,-0.696259237,-0.225946475,-0.911383874,-0.197996517,-0.159825563,0.033588674,-0.059435629,-1.694168356,-0.06435942,-0.085781221,-0.061945248,0.085944685,-0.029064614,-1.938877275,-0.118509256,0.369588644,-0.007520183,-0.009529055,0.030053751,-0.083810059,-0.1985972,0.064208185,0.07461682,0.914292242,0.902199689,-0.02331923,-1.391803372,-1.157430984,-1.291037269,1.275038531,-0.125408251,-1.726119046,-0.210824248,-0.248317179,-0.268667282,0.555440666,-0.01370689,6,0
13242024,-0.767226524,-1.217550575,-1.46365377,-1.384972069,-1.656076049,-0.933765621,-0.940782906,-0.358310709,-0.188650235,-1.071978634,-0.940135971,-0.730603594,-0.235939643,-0.953042498,-0.201226985,-0.185030006,0.02922177,-0.069914448,-1.428902146,-0.073871035,-0.095305494,-0.068215736,0.083765976,-0.029514248,-1.938877275,-0.113479724,-0.266045982,-0.006336945,-0.008818553,-0.009120627,-0.292930095,-0.329462651,0.057136435,-0.098248319,1.028215751,0.993335357,-0.022140145,-1.352979564,-1.340882104,-1.452934865,1.421437208,-0.173937312,-1.726119046,-0.210824248,-0.408113927,-0.421142945,-1.339022509,0.320420961,6,0
13252023,-0.149311659,-0.452149723,-0.566338247,-2.100181259,-2.061724834,-0.751873478,-0.757264728,-0.354356632,0.045546508,-0.079929082,-1.344374735,-0.868739527,-0.264104917,-2.018598553,-0.08852466,-0.258935352,0.028561309,-0.085198436,-1.854835762,-0.069648786,-0.091099114,-0.055628562,-0.004823417,-0.040335649,-1.938877275,-0.228805269,0.446209111,-0.007520183,-0.067990522,0.032413994,-0.311161103,-0.349107607,0.086871409,-0.067357279,2.755681796,3.029342744,-0.023297384,-1.391803372,-2.758941667,-2.250592614,2.097055434,-0.222316246,-1.726119046,-0.210824248,-0.551347078,-0.361381646,-1.423161691,0.431976106,6,0
13252024,-0.232362615,-0.463263667,-0.601766222,-2.269473245,-2.146089144,-0.751873478,-0.757264728,-0.354200465,0.031385725,-0.112210283,-1.487186302,-0.904796747,-0.277274006,-2.122093841,-0.089362264,-0.320569379,0.028561309,-0.096666584,-1.923381861,-0.106032703,-0.129423665,-0.066828659,0.08101056,-0.038368377,-1.938877275,-0.228331253,-0.156560177,-0.006336945,-0.008818553,-1.538729294,-0.576997778,-0.480702768,0.099827545,-0.201174787,2.911152662,3.268727546,-0.023386987,-1.391803372,-2.816913357,-2.268916213,2.111287904,-0.175700661,-1.726119046,-0.210824248,-0.661502076,-0.710068228,-0.233827799,-0.402570035,6,0
13392023,-0.15424841,-0.451657874,-0.038920923,-0.404103135,-0.332203038,-0.953380453,-0.960582487,0.163092162,0.072812038,0.228325374,-0.3368469,-0.464135116,-0.135851208,-0.369176196,-0.167742827,0.347696767,-4.796947294,0.012598891,0.016892301,0.039484348,0.021357474,0.041879543,-0.039676962,-0.182618644,-0.120663808,-0.090885847,0.160262474,-0.005942564,-0.008717204,-0.007540583,0.599493704,0.322022072,0.069644636,0.354729027,0.119385351,0.347588576,-0.021731424,0.352637182,-0.842997608,-0.981199571,0.988475201,-0.772071946,-0.481753545,-0.210824248,0.902229931,1.242010628,0.107558195,0.01370439,5,0
13392024,-0.140004495,-0.575245709,-0.088372532,-0.638717792,-0.600412535,-0.953380453,-0.960582487,0.163098853,0.093184303,0.260805525,-0.376154646,-0.501264547,-0.135716058,-0.2559857,-0.164837937,0.349272621,-1.273549926,0.004912146,-0.135473833,0.025724761,0.006602022,0.034921838,0.028604349,-0.12994085,-0.228509124,-0.098769186,-0.104084326,-0.006336945,-0.008818553,-0.00690316,0.458714426,0.164713271,0.0404902,0.293456957,0.434118415,0.554402734,-0.022002517,0.063565757,-1.27484563,-1.396428442,1.370619421,-0.785918079,-0.671099111,-0.210824248,0.780885265,1.049870107,-0.173567615,0.031721777,5,0
13422023,-0.089050331,-0.341510926,-0.485227281,-0.659981483,-0.539458422,-1.010212094,-1.017390953,-0.032385849,-0.092223896,-0.298597249,-0.188547002,-0.361630222,-0.109974224,-0.612563774,-0.115966176,0.286482237,0.028561309,0.054122563,-0.684197927,0.061983646,0.040848452,0.002636145,0.04718578,-0.126525495,-0.207054766,-0.083810195,1.933752101,-0.007520183,-0.013626736,0.005893212,1.763579334,1.275060147,-0.025820014,0.154334142,0.825728866,0.510847845,-0.023185298,-0.452806315,-0.563128025,-0.676704377,0.699523851,-0.368419168,-0.285104748,-0.210824248,1.626646514,1.624276121,-0.396117638,0.046749171,5,0
13422024,-0.038730629,-0.236841143,-0.395490708,-0.59023716,-0.425202153,-0.870210032,-0.876609618,-0.032613785,-0.083584235,-0.238401224,-0.202594006,-0.355877906,-0.123575513,-0.55249742,-0.096622967,0.382678675,0.028561309,0.036457789,-0.587379697,0.05047177,0.029564383,-0.016808608,0.068594845,-0.082373377,-0.104458133,-0.072392066,1.732582054,-0.006336945,-0.008818553,0.00147039,1.401809808,0.998115556,-0.046783193,-0.12722448,0.842651474,0.504290052,-0.023100394,-0.347395401,-0.455111904,-0.553309236,0.580520143,-0.32831505,-0.138677914,-0.210824248,1.188307191,1.301683127,-0.655997677,0.065713613,5,0
14102023,-0.2983044,-1.399912588,-1.32922199,-2.290902013,-1.586003149,-1.19873582,-1.208398634,-0.335208337,-0.16107207,-0.940645414,-1.690039681,-1.080680576,-0.251929225,-1.595192798,-0.200396416,-0.542336614,0.028514609,-0.073063047,-1.556725324,-0.069279034,-0.090706355,-0.069599868,0.084461342,-0.039108178,-1.938877275,-0.125378798,1.363144815,-0.007914629,-0.036010967,0.002781734,-0.282624401,-0.3249247,-0.011919424,-0.280376882,2.252903712,2.358744015,-0.023029418,-1.241198968,-1.380338628,-1.48618144,1.451191461,0.554809061,-1.726119046,-0.210824248,-0.452819498,-0.331053576,-1.182081778,0.15810686,6,0
14102024,-0.227804452,-1.363484625,-1.329107743,-2.444281161,-1.642028702,-1.19873582,-1.208398634,-0.335208337,-0.158633302,-0.926675699,-1.654433981,-1.087850208,-0.247995468,-1.751189991,-0.197032522,-0.5142848,0.028561309,-0.064372092,-1.307015701,-0.064051209,-0.085410951,-0.070149307,0.10290668,-0.029961336,-1.938877275,-0.127084389,1.210764166,-0.006336945,-0.008818553,-0.000353591,-0.085010753,-0.208312567,-0.009546054,-0.148307282,2.468589595,2.625858908,-0.023029418,-0.912989907,-1.47026775,-1.558789692,1.515785271,0.689259796,-1.726119046,-0.210824248,-0.316536669,-0.233661095,-0.906259451,0.086818104,6,0
14132023,-1.848495449,-1.593793216,-0.784813546,-0.816979521,-0.396587292,-0.178278499,-0.179635881,-0.360415997,-0.309497221,-0.956293457,-0.354999697,-0.278648174,-0.293199541,-1.847821673,-0.252725368,-1.598313375,0.028561309,-0.117429639,0.093642348,-0.139305505,-0.153851716,-0.068051797,0.092716747,-0.034764489,-0.001331786,-0.033219726,-0.210527625,-0.012649268,-0.024117389,-0.011472961,-0.925072576,-0.895446088,0.095207441,-0.150551105,-0.847537279,-1.005000867,-0.027650157,0.539908058,0.422785175,0.494922013,-0.470948654,-0.765966015,0.651764361,-0.210824248,-0.689867125,-0.798436181,-0.233827799,-0.108730074,7,0
14132024,-2.035774773,-1.197126734,-0.700280361,-0.660026347,-0.27773633,-0.178278499,-0.179635881,-0.360415997,-0.318777484,-0.975846029,-0.259435447,-0.232511494,-0.259195265,-1.992774497,-0.238844451,-1.598313375,0.028561309,-0.077176827,0.074541529,-0.084842833,-0.097340148,-0.114643828,0.089685587,0.025980279,0.052368118,-0.028926282,0.068625784,-0.006336945,-0.008818553,-0.010569556,-0.49638894,-0.495719448,0.120483078,-0.323280963,-0.552760989,-0.878725133,-0.065893631,0.37424091,0.643564269,0.748358547,-0.735717667,-0.664116277,0.791779487,-0.210824248,-0.443670224,-0.488211963,-0.233827799,-0.108730074,7,0
14142023,-1.093770738,-0.828855293,-0.199931239,-0.551562275,-0.341312691,0.395682979,0.396505317,-0.360415997,-0.06989317,0.0018224,-1.146136396,-0.795922989,-0.255745295,-1.554835737,-0.211307362,-0.153401825,0.028561309,-0.081172714,-0.109383974,-0.068319346,-0.086896506,-0.06563342,0.084476861,-0.036301065,-0.132915856,-0.076657435,0.182427521,-0.006336945,-0.008818553,-0.010174509,-0.141155941,-0.208312567,0.036057913,-0.213298614,-0.178006276,-0.093686878,-0.006447477,1.206733171,-0.599483831,-0.717846657,0.738963245,-0.439050698,-0.355469192,-0.210824248,-0.435699509,-0.396102118,-1.261293513,0.231136635,6,0
14142024,-1.021181189,-0.912239844,-0.227298616,-0.73129222,-0.428633045,0.395682979,0.396505317,-0.360415997,-0.067382347,0.009891218,-1.193176479,-0.836432299,-0.250612056,-1.496047881,-0.20478252,-0.204603478,0.028561309,-0.073579627,-0.194894703,-0.061239438,-0.080397163,-0.056156991,0.128404829,-0.078167284,-0.227260785,-0.090364141,0.808127205,-0.006336945,-0.008818553,-0.009799545,-0.182571543,-0.242610486,0.113439018,-0.124193118,0.106193048,0.182746891,-0.015142706,1.105410678,-0.742561269,-0.874676024,0.888175096,-0.401028942,-0.519819349,-0.210824248,-0.40839249,-0.355306417,-0.934181039,0.089511358,6,0
14162023,-0.838093825,-0.888064648,-0.180435029,-1.053263135,-0.524708972,0.213161109,0.213509383,-0.313783531,-0.020028144,0.116499157,-1.527567204,-1.050495738,-0.24282053,-1.155532865,-0.18155239,-1.598313375,0.050394234,-0.072197625,-0.306269779,-0.041894289,-0.061650843,-0.036567184,0.047280116,-0.034875212,-0.104310278,-0.056609355,-0.960478236,-0.022916467,-0.008818553,-0.008573436,-0.43349531,-0.414532294,0.033353096,0.086739591,0.824204155,0.189852568,-0.020314977,1.271514008,-1.005938907,-1.146363558,1.142226154,2.317674626,-0.382838917,-0.210824248,-0.406165981,-0.214589661,-1.067415601,0.104939931,7,0
14162024,-1.181538792,-0.963698393,0.009015438,-0.825649674,-0.332493763,0.213161109,0.213509383,-0.313790634,-0.011877067,0.294989449,-1.458586621,-1.02570223,-0.240133365,-1.169168029,-0.203475763,-1.598313375,-0.019302286,-0.067238588,-0.083858461,-0.026123251,-0.044716033,-0.052189582,-0.005363719,0.048350801,0.044317749,-0.038661499,-1.039270233,-0.006336945,-0.008818553,-0.008794516,1.825872538,1.11759569,0.204717331,-0.142309021,0.238123864,-0.412131917,-0.019878073,1.570582517,-0.91873571,-1.059104699,1.061270445,2.380072079,-0.25885122,-0.210824248,-0.382585382,-0.113861473,-0.489014468,0.053310153,7,0
14172023,0.086105086,-0.224030771,-0.398468536,-0.594339094,-0.549012642,0.239883621,0.240314578,-0.360415997,-0.168653296,-0.169315099,-0.542270172,-0.585228168,-0.170251133,0.229833483,-0.092805545,-0.61931532,0.050114596,-0.096782362,0.03517849,-0.104690202,-0.118691865,0.000298359,0.130225847,-0.230099787,-0.166036916,-0.174416624,-0.381988084,-0.015017515,-0.110879597,-0.01094708,-0.515972431,-0.477868114,-0.181655103,0.867886616,0.868926829,0.931728927,-0.030924951,0.678839991,-0.723428059,-0.853896354,0.868509063,0.445410158,-0.298407094,-0.210824248,-0.508722169,-0.54576936,-0.233827799,-0.43681687,7,0
14172024,0.032253671,-0.497557742,-0.588820498,-1.073456393,-0.908791382,0.239883621,0.240314578,-0.360415997,-0.19697629,-0.269421568,-1.108514282,-0.830800581,-0.237215085,-0.111791497,-0.121477314,-0.558256416,0.132411456,-0.160113877,-0.272947423,-0.149850422,-0.171498474,-0.064182012,0.155413102,-0.106186449,-0.356772706,-0.185647317,-0.504925454,-0.006336945,-0.008818553,-0.013864761,-1.104782872,-0.81821484,-0.164825944,-0.12722448,1.363972133,1.453805525,-0.024998941,0.822210608,-1.142989644,-1.277507733,1.262695392,0.396827198,-0.571000978,-0.210824248,-0.7767715,-0.722246412,-0.233827799,-0.108730074,7,0
14182024,0.272003929,-0.610868403,-0.063398691,-2.538024434,0.353530057,-1.360921124,-1.372358452,-0.348900696,-0.531354621,-0.796752283,-3.241793339,-1.388779351,-0.266185627,-1.579545097,-0.114572784,-1.598313375,0.028561309,-0.086332027,0.789962071,-0.064493294,-0.067057208,-0.26854773,0.085092303,0.260238822,0.577781866,0.041885191,0.091992402,-0.006336945,-0.008818553,-0.01035663,-0.331522552,-0.26399816,-0.395842897,-0.823408937,3.059290679,3.271695822,0.03981806,2.183613772,1.528606032,1.604651988,-1.662830085,0.67897764,1.819024373,-0.210824248,-0.652773269,-0.222708087,2.062557674,-0.108730074,9,0
14232023,-0.428430101,-1.027070642,-0.515135761,-2.134539607,-1.406569503,-0.538527903,-0.542218808,-0.277742394,-0.11723745,-0.079199088,-2.010242142,-1.079276946,-0.27811151,-2.427186154,-0.171267673,-1.598313375,0.023576184,-0.093286994,-1.610359038,-0.053849627,-0.075244959,-0.051973783,0.13019251,-0.134559508,-1.938877275,-0.139855238,0.160262474,-0.007914629,-0.038053882,0.043548072,0.692343807,0.20988378,0.147628779,0.043243389,2.360152718,2.306480946,-0.023330075,-1.391803372,-2.009881238,-1.923592774,1.831233599,0.818565392,-1.726119046,-0.210824248,-0.593485776,-0.182623076,-0.840565256,0.080835608,7,0
14232024,-1.325564439,-1.061099202,-0.429792057,-2.62015083,-1.56580671,-0.538527903,-0.542218808,-0.277742394,-0.114574231,0.02989067,-2.102971888,-1.119013443,-0.273965,-2.445396148,-0.171630404,-1.598313375,0.028561309,-0.089015473,-1.404468621,-0.059744555,-0.081118675,-0.066431325,0.045101668,-0.040503022,-1.938877275,-0.142781015,0.309566028,-0.006336945,-0.008818553,0.008530065,1.24724009,0.514804553,0.138559628,-0.211169343,2.861938671,3.06429329,-0.023271645,-1.391803372,-2.307616537,-2.076054899,1.957641217,0.838912022,-1.726119046,-0.210824248,-0.55844381,-0.251863651,-1.081638443,0.107235489,7,0
14352023,-1.201427026,-1.660273406,-1.192714687,-3.645176159,-1.70859837,-0.11005079,-0.11104636,-0.266651881,-0.274975126,-0.765169921,-3.325573048,-1.555561853,-0.262348093,-1.799560347,-0.211340003,-1.598313375,0.029933383,-0.086705581,-1.475546916,-0.093792422,-0.116338526,-0.075118797,0.13550749,-0.026208032,-1.938877275,-0.116894366,2.453292065,-0.007520183,-0.018429978,-0.079168658,2.73284534,1.495686505,-0.380780672,-0.204040532,3.399158677,4.191134759,-0.023516221,1.117212908,-1.719723299,-1.742294683,1.676495941,1.388082058,-1.726119046,-0.210824248,-0.495009907,-0.531593389,-0.233827799,-0.108730074,9,0
14392023,-0.082570045,0.005825085,-0.056623791,0.041220249,-0.027483911,-0.646620152,-0.651144023,-0.235200285,-0.005432312,-0.003466797,-1.75124738,-1.10322063,-0.252913772,-1.680983425,-0.126179633,-1.598313375,0.028561309,-0.072578241,-0.088224786,-0.031231673,-0.049835732,-0.093315304,0.154627589,-0.032473825,0.27964348,-0.01872386,-0.473503689,-0.027659657,-0.018429978,-0.00893924,0.378725015,0.296362792,-0.191113083,-0.028261115,-0.09812979,-0.956203447,-0.020412618,2.073155372,-0.095814979,-0.126681442,0.161130479,2.88921609,0.385203362,-0.210824248,-0.427764747,0.114409552,1.439467377,-0.066673661,8,0
14392024,-0.221173298,0.095800492,0.02218657,0.193439694,0.093914118,-0.646620152,-0.651144023,-0.212259184,0.01958882,0.015342181,-2.13610391,-1.25505406,-0.255428531,-1.683792528,-0.135587926,-1.598313375,0.028561309,-0.077052287,-0.1447452,-0.034848824,-0.053801302,-0.181935134,0.143883856,0.00016449,0.302184022,-0.008505606,-0.238089116,-0.006336945,-0.008818553,-0.008877206,0.016646629,-0.017148162,-0.195958871,-0.028261115,-0.289548144,-1.343697684,-0.020263407,2.136791082,0.08104385,0.086932226,-0.053315266,2.527935765,0.410597521,-0.210824248,-0.467191555,0.070750632,1.349862915,-0.061212781,8,0
14412023,-1.249154894,-1.277332732,-0.97633994,-0.114152481,-0.246621164,-1.191501244,-1.2010876,-0.337985562,-0.343165298,-2.05046045,-0.705850809,-0.480592923,-0.320653615,-0.882137791,-0.334038483,-0.354484714,0.066464755,-0.183316439,0.489501551,-0.242361343,-0.248042542,-0.086217127,0.115392728,-0.047616965,0.13753268,-0.018477485,0.408372117,-0.006336945,-0.008818553,-0.011555526,-1.807942257,-2.822700581,-0.315002655,-0.384327405,-2.357807717,-1.810455239,-0.027384223,1.585146804,1.993600586,1.932290706,-2.033070529,-1.884137693,2.162157866,-0.210824248,-1.913998364,-2.619550613,-0.233827799,-0.108730074,9,0
14412024,-1.31619901,-1.071804835,-0.937310849,-0.215285661,-0.312226591,-1.001589585,-1.009253335,-0.31761707,-0.29662405,-1.562836566,-0.48855188,-0.387087849,-0.26678181,-0.917922743,-0.290000999,-0.420505939,0.103847947,-0.127512881,0.411389958,-0.04443136,-0.057152896,-0.133265069,0.239492002,-0.091643974,0.016300204,-0.03405275,0.091992402,-0.006336945,-0.008818553,-0.010039587,0.329460766,1.335649798,-0.335355998,-0.866400261,-1.565504217,-1.483527333,-0.005833856,1.274394601,1.286318294,1.399644787,-1.435936037,-1.154729454,1.278070363,-0.210824248,-1.07315577,0.053374808,2.062557674,-0.108730074,9,0
14452023,0.459382417,-0.336801743,-0.526803225,-1.03365668,-1.147771069,-0.191736696,-0.193168549,-0.357295032,-0.049838704,-0.133630372,-0.593359767,-0.516070904,-0.228081604,-0.452941617,-0.089545385,-0.094950612,0.079878843,-0.095115373,-0.899643946,0.14145787,0.119663895,-0.082982402,0.484781943,-0.049760446,-1.938877275,-0.215415596,-0.156560177,-0.00830909,-0.08140258,0.032388116,5.136274217,3.144866413,0.005633925,-0.258570956,1.491761696,1.457175252,-0.023326466,-1.036769453,-1.618399789,-1.671113989,1.614609611,0.230915165,-1.726119046,-0.210824248,-0.554598393,1.395455932,0.763176267,-0.026134583,6,0
14452024,-0.545237566,-1.022042161,-0.63054641,-1.095086843,-1.220898328,-0.191736696,-0.193168549,-0.357151149,-0.093546471,-0.237438088,-0.804795928,-0.583033731,-0.268752122,-0.775545839,-0.194255462,-0.021165016,0.141031621,-0.139491797,-0.970557009,-0.148890168,-0.174451598,-0.131544895,-0.008248421,-0.080148778,-0.618034939,-0.106320345,-0.238089116,-0.006336945,-0.008818553,-0.045569347,-0.271133064,-0.32094044,-0.159774531,-0.939966677,0.723320933,0.607956623,-0.023568614,-1.004947591,-1.609932136,-1.664673398,1.608980892,0.153510745,-1.015673683,-0.210824248,-0.831257506,-0.859765439,-0.233827799,-0.292749913,6,0
14462024,0.321363677,0.025835934,-0.420257528,-0.525330098,-0.763517785,-0.127978721,-0.129066804,-0.35049932,-0.021007447,-0.107264916,0.055467665,-0.334159676,0.067238983,-0.254395799,-0.020856952,-1.598313375,0.028645767,0.224535032,0.19329198,0.23142241,0.213791705,0.374110324,0.095436163,-0.678545884,-0.477492778,-0.153663336,1.190024335,-0.006336945,-0.008818553,-0.005472782,4.016614993,4.186477531,2.581853787,9.181528653,1.094925054,0.280292861,-0.022631739,0.173472634,-1.109779184,-1.246559549,1.234400203,2.695612421,-0.859943016,-0.210824248,2.144122577,1.990458932,1.224388019,-0.053642032,8,0
14512023,0.494262881,0.45874,0.288081123,-0.46445544,-0.465682607,0.328862638,0.329536294,-0.088063912,0.443634291,0.698372454,0.439028506,0.370986277,-0.267907901,-0.005305963,0.188905784,-0.178199125,-0.375221131,-0.236148886,-0.392546065,-0.279341545,-0.310793334,0.009620609,0.041157053,-0.18985984,-1.120851546,-0.229265781,-1.475192366,-0.007914629,-0.071180135,-0.025495456,-0.728445875,-0.575432325,-0.058821874,-0.116594727,1.567244091,1.142786454,-0.023930282,-1.135980066,-1.55707426,-1.625548181,1.574687115,0.506341811,-1.674433892,-0.210824248,-1.043207123,-1.180740555,-0.233827799,-0.264522479,6,0
14512024,0.757368886,0.540626195,0.326271198,-0.322538523,-0.372472632,0.284696227,0.285255728,-0.124449554,0.485470429,0.725375338,0.445939955,0.297557402,-0.134454158,0.174454273,0.227315752,-0.890768601,-0.484271185,-0.036292101,-0.314978754,-0.006626282,-0.026513917,-0.043312542,0.183105869,-0.002131023,-0.482253871,-0.261426921,-1.428173818,-0.006336945,-0.008818553,-0.006758877,0.186676423,-0.049063017,0.016883898,-0.147558663,1.450096884,1.143141781,-0.022099052,-1.069203664,-1.454564496,-1.546072932,1.504511372,0.693165456,-1.228721686,-0.210824248,-0.188787942,-0.017705038,-0.772595596,0.075033049,6,0
14522023,0.002353134,-0.323553254,-0.58926803,-1.659590442,-1.789638549,-0.173404908,-0.174735573,-0.250194193,-0.07409752,-0.120332513,-0.683555758,-0.527788094,-0.256146608,-1.310790113,-0.066424401,-0.31986485,0.030242917,-0.090300296,-2.012430508,-0.062852493,-0.084281809,-0.020369706,0.057772756,-0.053439163,-1.938877275,-0.215780873,-0.323177603,-0.007520183,-0.061672785,0.191394606,0.18170194,-0.084523808,0.084654256,0.313550937,2.374821548,2.399450974,-0.023369376,-1.391803372,-2.430236693,-2.129394525,2.00091742,0.512592051,-1.726119046,-0.210824248,-0.522781679,-0.322713601,-0.63898631,0.064406041,5,0
14522024,0.162933326,-0.28312321,-0.564145316,-1.547763439,-1.698154017,-0.173404908,-0.174735573,-0.249778739,-0.067534836,-0.101302739,-0.459508633,-0.389810643,-0.248776597,-1.247734244,-0.058921191,-0.309328494,0.008801421,-0.0791768,-1.728805512,-0.052907109,-0.074310369,-0.039058486,0.087998159,-0.035584164,-1.938877275,-0.223904335,-0.70377335,-0.006336945,-0.008818553,0.079980665,-0.011341755,-0.189456206,0.171762051,0.17403073,2.275038343,2.277254142,-0.023355171,-1.391803372,-2.342728994,-2.091052048,1.969862888,0.589180411,-1.726119046,-0.210824248,-0.455399866,-0.232640023,-0.686030077,0.068051339,5,0
14532023,-3.40285348,-0.38915131,-0.901263998,-0.792697801,-0.862729193,-0.447634149,-0.450671038,-0.355308066,-0.16936729,-0.698206598,-1.738288199,-1.109891345,-0.251024825,-2.035553777,-0.115962978,-1.598313375,0.028561309,-0.064269796,-0.635111979,-0.059741719,-0.080469797,-0.09461037,0.098255612,-0.004384785,-0.342690549,-0.087193018,-0.003384343,0.001153645,0.002817554,-0.008443699,-0.038007995,-0.14268605,-0.207947093,-0.442288357,1.009270616,-0.088066686,-0.021166656,1.540819167,-0.606331956,-0.725436216,0.746225439,1.201192413,-0.274559393,-0.210824248,-0.344475878,-0.262964146,2.062557674,-0.108730074,7,0
14532024,-4.104101724,-0.212970399,-0.724211001,-0.372378122,-0.510431246,-0.409182752,-0.411955974,-0.355308066,-0.173765939,-0.696972947,-4.085527072,-1699.369298,-0.26282249,-2.182553968,-0.115820625,-1.598313375,0.028561309,-0.080442641,-0.293710209,-0.073543262,-0.093104949,-0.22353542,0.103035644,0.126527412,-0.071145135,-0.057729772,0.044944734,-0.006336945,-0.008818553,-0.01035663,-0.389297009,-0.386101651,-0.214625193,-1.72309736,0.441955649,-0.845111261,0.043793112,2.184203727,-0.063100831,-0.087267036,0.121782419,1.170973543,0.277879327,-0.210824248,-0.479038846,-0.420841225,2.062557674,-0.108730074,7,0
14542023,-0.765836004,-0.80798148,-0.914898933,-0.896052606,-1.096629366,-0.199569571,-0.201045233,-0.302401536,-0.182882533,-0.606992459,-0.534838436,-0.46034206,-0.236838537,-0.88294457,-0.180284218,-0.270492977,0.040068913,-0.075994817,-0.763509588,-0.070644056,-0.091604441,-0.054792085,0.085713695,-0.0331135,-0.449868687,-0.102649908,0.519168976,-0.006336945,-0.060107013,-0.009612617,-0.22477496,-0.283980526,0.040256681,0.084312631,0.622299417,0.397640679,-0.01843878,-0.85445211,-1.049122368,-1.188809062,1.181377703,-0.433283419,-0.538208227,-0.210824248,-0.437404613,-0.394660905,-1.259164037,0.228911101,6,0
14542024,-1.436576506,-0.863395757,-0.969025121,-0.997263802,-1.248115467,-0.199569571,-0.201045233,-0.301125846,-0.184883178,-0.621809116,-0.489512406,-0.421911938,-0.24111318,-0.859285566,-0.181443056,-0.269509279,-0.033717026,-0.085636886,-0.647324281,-0.07229938,-0.093049871,-0.06726092,0.077814137,-0.052162063,-0.558165369,-0.100757699,0.349831699,-0.006336945,-0.008818553,-0.010072801,-0.370601018,-0.376485678,0.020365286,-0.153538053,0.747796424,0.434194874,-0.012081246,-0.743504611,-1.247568347,-1.371976628,1.348535024,-0.398138065,-0.728481184,-0.210824248,-0.497048561,-0.410694693,-1.397084125,0.395946632,6,0
14592023,-0.140875673,-0.646085758,-0.181068255,-0.174113044,-0.156832098,0.863974969,0.864976553,-0.205369746,-0.261866479,-0.10134356,-0.681183193,-0.464493304,-0.323311515,-1.186203584,-0.239261583,-1.598313375,0.028561309,-0.168579768,0.57921888,-0.068950989,-0.077612199,-0.069689668,0.44848367,-0.251812476,0.245006568,-0.044840404,0.464782627,-0.014622763,-0.02844379,-0.010367476,-0.45149943,-0.437921514,1.787902956,-0.161722791,-0.804144769,-0.109971989,0.033041693,1.666263874,-0.189705751,-0.239528171,0.2732316,-0.661814224,0.405353661,-0.210824248,-0.608403283,-0.412174137,2.062557674,-0.108730074,7,0
14592024,-0.461097588,-0.392376031,-0.131906166,-0.147579466,-0.192986986,0.863974969,0.864976553,-0.178812775,-0.214606995,0.008950602,-0.625181393,-0.455497598,-0.292146692,-1.07801158,-0.19672452,-1.598313375,0.028561309,-0.14360682,0.604654147,-0.026880105,-0.035670974,-0.072109654,0.075630192,-0.054234289,0.225397986,-0.078827928,0.289048467,-0.006336945,-0.008818553,-0.010008792,0.366074155,0.233247932,0.384222258,-0.181613475,-0.383977159,0.187584578,-0.010731562,1.648021269,-0.375929706,-0.460630806,0.49044775,-0.533503934,0.274964343,-0.210824248,-0.553415829,-0.262705303,2.062557674,-0.108730074,7,0
14632023,-0.847300663,-0.571746003,-0.576211964,-0.846027947,-0.93349909,0.13863663,0.138730847,-0.188313832,-0.169125172,-0.2458681,-1.434769787,-0.921338551,-0.260702048,-1.648009847,-0.147837705,-0.293878427,-0.034407408,-0.08754069,-0.450458525,-0.04779234,-0.068063962,-0.066068228,0.091769052,-0.042802843,-1.938877275,-0.142495558,0.309566028,-0.011070785,-0.057380965,-0.008267541,0.102469277,-0.085154176,-0.083466027,-0.220367067,0.858211711,0.48469764,-0.021289192,0.898548381,-1.203600044,-1.333417143,1.31359586,0.443854125,-1.726119046,-0.210824248,-0.477880718,-0.241077707,-0.74910102,0.073098334,6,0
14632024,0.12833039,-0.216253476,-0.399542751,-0.633205309,-0.771197564,0.13863663,0.138730847,-0.186219531,-0.108132691,-0.078486927,-1.069728683,-0.792370983,-0.242214693,-1.352207782,-0.086992804,-0.284105983,0.028799949,-0.065037229,-0.317818353,0.046092334,0.025993272,-0.067659876,0.320583539,-0.048857479,-1.938877275,-0.215500587,0.588705866,-0.006336945,-0.008818553,-0.004255216,1.846211105,1.05414728,-0.107462303,-0.276308326,0.953140539,0.838947586,-0.02285498,0.655979304,-1.15194381,-1.2859619,1.270410127,0.625625781,-1.726119046,-0.210824248,-0.366548753,0.379615675,-0.400688612,0.047067397,6,0
14652023,-0.803684883,-1.282511767,-0.960193915,-1.259224752,-1.381357029,-0.486786345,-0.490099684,-0.177614823,-0.17416389,-0.576389983,-1.129699822,-0.804207501,-0.249836549,-1.587290676,-0.210326395,-0.524583116,-0.136352287,-0.069537672,-1.430064922,-0.061230678,-0.082612791,-0.058186826,0.087303777,-0.039097382,-0.67828819,-0.103141082,-0.352368754,-0.009492573,-0.018429978,0.008451061,-0.062156377,-0.194944559,0.169989373,-0.13100707,0.698488337,0.666030074,-0.023245646,-1.241198968,-1.477676759,-1.564575677,1.520909161,0.209259096,-0.958437386,-0.210824248,-0.399515558,-0.275168612,-0.943986576,0.090483958,6,0
14652024,-1.092206869,-1.347269574,-0.972840458,-1.431536119,-1.488901674,-0.486786345,-0.490099684,-0.177614823,-0.171797845,-0.567465008,-1.227102502,-0.830839963,-0.258073552,-1.489380592,-0.209613776,-0.477888226,0.123355526,-0.087456884,-1.355688062,-0.055851176,-0.077208541,-0.051572944,0.072837047,-0.054667608,-0.910081327,-0.108053264,-0.352368754,-0.006336945,-0.008818553,0.009290303,0.012989778,-0.155064592,0.222633751,0.167458083,0.953387236,0.921000196,-0.023226921,-1.170359437,-1.630616687,-1.679904546,1.622284413,0.280512041,-1.310524285,-0.210824248,-0.539544028,-0.214083155,-0.98382338,0.09461319,6,0
14662023,-0.984752067,-0.617876673,-0.434431956,-0.430888821,-0.088171794,-0.395008122,-0.39768612,-0.11956175,-0.259739602,-0.700878507,-0.218127099,-0.213420442,-0.247957386,-0.545111128,-0.194654258,0.210751932,0.026510078,-0.12427007,0.362122384,-0.154093045,-0.160681062,-0.060319126,0.05252054,0.008625824,0.222933157,-0.007053165,-0.104084326,-0.015017515,-0.03878018,-0.011093848,-0.839459279,-0.837953457,0.001794768,-0.090560737,-0.102345466,-0.414135255,-0.030134892,0.951917896,0.634811707,0.738181046,-0.725004971,-0.883840508,0.911696622,-0.210824248,-0.799388821,-0.977665491,-0.233827799,-0.108730074,7,0
14662024,-0.940692292,-0.613056692,-0.431146038,-0.461633059,-0.100659258,-0.395008122,-0.39768612,-0.119382846,-0.25282607,-0.669231879,-0.096079598,-0.158390243,-0.207299645,-0.346515465,-0.190041045,0.22490529,0.030212251,-0.067621203,0.328808242,-0.07210901,-0.085736849,-0.041750531,0.06023193,-0.032620128,0.209677367,-0.009902603,-0.323177603,-0.006336945,-0.008818553,-0.010382038,-0.333774592,-0.317515568,0.015624432,0.05608839,-0.021708218,-0.245093633,0.028139317,0.777416095,0.575689677,0.671433638,-0.654914801,-0.846574882,0.852200554,-0.210824248,-0.383125146,-0.404815751,2.062557674,-0.108730074,7,0
14682023,-1.077827118,-0.577751739,-0.62918286,-0.232946423,-0.270102093,0.051288577,0.05104182,-0.331509803,-0.427549589,-0.825338404,-0.765657818,-0.592897728,-0.248723816,-1.041286628,-0.217243262,-0.526521294,0.190172114,-0.088906797,0.26177741,-0.058694819,-0.073640432,-0.085888768,0.044027997,0.083219005,0.063828838,-0.030332471,0.671144254,-0.020941009,-0.059456308,-0.010144635,-0.256133429,-0.237229121,-0.11556247,-0.304614653,-0.517552283,-1.469566602,-0.001179406,1.367654236,0.477740165,0.558999935,-0.537501654,-0.36247147,0.678819322,-0.210824248,-0.492099812,-0.308832784,2.062557674,-0.108730074,8,0
14682024,-0.437538946,-0.50163612,-0.576997246,-0.318544944,-0.28551495,0.051288577,0.05104182,-0.331509803,-0.358450368,-0.690728239,-0.750708005,-0.621154962,-0.229913376,-1.049634322,-0.189617826,-0.50286498,0.469529676,-0.059254228,0.139733988,-0.030163843,-0.04681304,-0.058351173,0.147994474,-0.036924471,0.04770831,-0.043677012,0.309566028,-0.006336945,-0.008818553,-0.009477017,0.439625123,0.537616339,-0.126127824,0.124097847,-0.166113773,-0.729919095,-0.017328564,1.376898709,0.293249175,0.342080794,-0.31325916,-0.161895953,0.523636601,-0.210824248,-0.320136043,-0.097503415,2.062557674,-0.108730074,8,0
14702023,-0.92662103,-1.341508649,-1.481144847,-1.508091977,-1.80702011,-0.743900316,-0.749223946,-0.349667176,-0.205310736,-1.054737558,-1.058460333,-0.796238835,-0.238605225,-1.355123452,-0.207253026,-1.598313375,0.01872873,-0.060743003,-1.038617263,-0.061543322,-0.082774135,-0.05265215,0.077373152,-0.035968984,-0.910081327,-0.11163029,0.983446456,-0.007520183,0.026593304,-0.005133148,0.127154954,-0.085784441,0.047958659,0.252592674,1.104048406,1.05429693,-0.022665964,-0.973721154,-1.559367738,-1.627296312,1.576223017,-0.267449385,-1.144416762,-0.210824248,-0.2836222,-0.249033512,-1.099896965,0.111270736,6,0
14702024,-0.642759669,-1.331649163,-1.423791844,-1.435734184,-1.733947542,-0.743900316,-0.749223946,-0.349667176,-0.198302131,-1.008924751,-0.945698435,-0.76211214,-0.225508903,-1.216359941,-0.208407071,-1.598313375,0.040168671,-0.049754245,-1.023314518,-0.047830946,-0.06904041,-0.057609407,0.106864479,-0.040472838,-0.942432555,-0.108315874,1.125296317,-0.006336945,-0.008818553,-0.000823447,0.630384645,0.215884424,0.049401405,0.044045107,0.981017218,0.896045963,-0.023009477,-1.036769453,-1.508938886,-1.58891596,1.542425346,-0.145229326,-1.212833513,-0.210824248,-0.128742029,-0.065246436,-0.928729928,0.088977032,6,0
14712023,0.233370304,-0.651078257,-1.115895079,-1.669125747,-1.83989491,-0.023208028,-0.023781633,-0.056265243,-0.532400238,-0.663968421,-1.608694947,-1.012197154,-0.257594539,-1.182520363,-0.129785467,-0.335813068,-0.355101228,-0.098476023,-1.236183003,-0.094424115,-0.116869513,-0.059041527,0.310958678,-0.027220652,-1.938877275,-0.192653277,1.056554608,-0.006336945,-0.008818553,-0.034129137,-0.88524362,-0.641814928,-0.572318436,0.296802436,2.093893333,2.177502857,-0.02371722,-1.391803372,-1.984479113,-1.909052628,1.818989151,1.640520903,-1.726119046,-0.210824248,-0.550165357,-0.527365837,-0.233827799,-0.108730074,7,0
14712024,0.285087116,-0.628332047,-1.083702152,-1.562294776,-1.73374791,-0.023208028,-0.023781633,-0.056265243,-0.528230148,-0.645045743,-1.562588557,-0.993885519,-0.257132647,-1.209495815,-0.128314061,-0.324343194,-0.176058038,-0.096392941,-1.466095216,-0.072863762,-0.094298011,-0.059355375,0.088316496,-0.027103136,-1.938877275,-0.200913844,0.519168976,-0.006336945,-0.008818553,-0.007004306,-0.186104438,-0.277540004,-0.121901351,0.274248307,1.970044567,2.067518151,-0.022271375,-1.391803372,-1.86999082,-1.840432414,1.760800011,1.657779465,-1.726119046,-0.210824248,-0.539249362,-0.418134735,2.062557674,-0.108730074,7,0
14722023,0.122570171,-0.314868496,-0.665705658,-0.215294794,-0.400168791,-1.84915662,-1.866605774,-0.160168776,-0.125875932,-0.71375407,-0.370934316,-0.371094177,-0.215546266,-1.126615855,-0.166432689,-1.598313375,0.028561309,-0.041360163,0.033786368,-0.041211658,-0.058833793,-0.043968659,0.208150221,-0.018918813,-0.124434994,-0.089741747,0.588705866,-0.001211212,-0.008615891,-0.009522849,0.217823857,0.414495236,-0.166268636,0.577125455,-0.07888202,-0.32156334,-0.017741746,0.405748435,0.133212608,0.149919796,-0.117103265,1.178060211,0.179958247,-0.210824248,0.35287244,0.434044336,-0.17387546,0.031742019,7,0
14722024,0.120244455,0.152606653,-0.190337964,0.222203782,0.060664648,-1.489925531,-1.502855402,0.012091403,-0.116003247,-0.389365063,-0.250996704,-0.284605589,-0.209166095,-1.047254582,-0.121009845,-1.598313375,0.028561309,-0.036687253,-0.244162562,-0.031903108,-0.051402212,-0.031724601,0.003500907,0.044698148,-0.284460247,-0.120866002,-0.266045982,-0.006336945,-0.008818553,-0.008370069,0.14571439,0.200559599,0.658424717,0.507597042,-0.248757202,-0.697607834,-0.020858758,-0.367827818,0.511928639,0.598400897,-0.578555021,2.083590451,-0.367129542,-0.210824248,0.320766117,0.469995301,-1.105845936,0.113199365,7,0
14732023,0.065185551,0.096109026,-0.036472637,-0.019158147,-0.179896242,-0.056999592,-0.0577322,0.034479675,-0.017802559,0.149672963,0.455628864,0.252083899,-0.051269785,0.571347746,-0.07662513,0.372773831,0.07711016,-0.010093137,-0.001633451,0.002074723,-0.01602747,0.001904296,0.034166368,-0.096482554,-0.124536259,-0.09248725,-0.05304363,-0.00515385,0.023239889,-0.008336362,0.294217543,0.12577093,0.029829855,0.374125627,0.200730584,0.180175669,-0.021142035,-0.716968254,-0.518259568,-0.625411808,0.650186128,0.153485487,-0.438161926,-0.210824248,0.096656354,0.18353682,-0.063209196,0.024544671,5,0
14732024,0.133152854,0.169546395,0.030121261,-0.027733013,-0.179501162,-0.056999592,-0.0577322,0.034479675,0.020146122,0.250333489,0.552367654,0.338790511,-0.015443645,0.673365085,-0.043225059,0.375804296,-0.435485619,0.006672372,0.106858675,0.034677831,0.017372193,-0.000394149,0.047622866,-0.096223912,-0.160715175,-0.111818468,0.115050335,-0.006336945,-0.008818553,-0.008108619,0.959408481,0.624462953,0.083299271,0.255088167,0.346000556,0.345071427,-0.021367105,-0.590900304,-0.633671261,-0.755828375,0.775265086,0.276505233,-0.559501066,-0.210824248,0.23514338,0.431153093,-0.364476995,0.04455833,5,0
14742023,-0.340501023,-0.288375772,-0.354336719,-0.226543223,-0.181282668,-0.19897239,-0.200444701,-0.313318324,-0.115907473,-0.387817608,-0.15766647,-0.192361948,-0.223377332,-0.325017976,-0.158005528,0.255463736,-0.424052799,-0.101004234,0.18299458,-0.093762565,-0.103713323,-0.118946887,0.105550673,-0.051328854,0.062321417,-0.044082878,-0.70377335,-0.01620188,-0.032465337,-0.010641248,-0.553739007,-0.525298091,-0.033018563,-0.505054176,-0.005906356,-0.132394417,-0.042775586,0.455993427,0.107236127,0.118706305,-0.085461657,-0.606878395,0.295340056,-0.210824248,-0.592294074,-0.539374556,-0.233827799,-0.108730074,6,0
14742024,-0.308301251,-0.231991927,-0.323854423,-0.027080201,-0.184248964,-0.19897239,-0.200444701,-0.313318324,-0.100070401,-0.327358233,-0.04611983,-0.114132893,-0.208847636,-0.194958319,-0.183675742,0.319181984,0.024397315,-0.090332332,0.126218172,-0.049306628,-0.065991558,-0.064041344,0.09155796,-0.032091107,0.052368883,-0.046413,-0.738733718,-0.006336945,-0.008818553,-0.009851184,0.011771235,-0.009454802,-0.052152343,-0.065803244,-0.379839149,-0.342917665,-0.01410835,0.186449289,0.031232502,0.026917514,0.007227603,-0.729548757,0.226290365,-0.210824248,-0.526011064,-0.195916232,0.189277979,0.008609448,6,0
14752023,0.366313147,-0.52730873,-1.140799735,-0.9687241,-1.255256423,-1.126836575,-1.135749928,-0.228982479,-0.163140686,-0.824699422,-0.639096909,-0.588986356,-0.206872287,-2.176913309,-0.13240126,-1.598313375,0.100826095,-0.015551178,-1.93258987,-0.01330718,-0.034748518,-0.027454216,0.154326755,-0.031811511,-1.938877275,-0.17957119,1.270628414,-0.007520183,0.005545075,0.556273248,2.062545628,1.241564713,1.382253732,1.782122545,1.145253745,1.302416967,-0.023372911,-1.391803372,-1.042745652,-1.182657043,1.175712519,2.916368552,-1.726119046,-0.210824248,0.55659871,0.599347915,0.225415046,0.006372555,9,0
14752024,0.507965526,-0.251015167,-0.760441281,-0.576532311,-0.694642179,-1.126836575,-1.135749928,-0.228982479,-0.113843764,-0.602385525,-0.36561921,-0.448164579,-0.16146024,-1.824784252,-0.101706821,-1.598313375,0.113058912,0.029617394,-0.798276381,0.051322333,0.030071253,-0.006975867,0.046887496,-0.018849053,-0.56368134,-0.193664887,1.136354068,-0.006336945,-0.008818553,0.009912321,2.685702826,1.889746531,0.215926902,1.391514248,0.795631508,1.005295096,-0.023226921,-1.036769453,-0.458216711,-0.556531679,0.583641385,0.897932215,-0.748351264,-0.210824248,1.352774529,1.611213829,0.147404423,0.011213508,9,0
15062023,-0.213245128,-0.792995074,-0.505702132,-1.054750494,-1.189706672,0.702352389,0.703768179,-0.122410207,-0.45402917,-0.101641577,-0.71521427,-0.600452832,-0.228252831,-1.109517823,-0.169548055,-0.242739861,0.028561309,-0.055672587,-0.623895893,-0.052133817,-0.072840372,-0.043090115,0.042121912,0.100167327,-0.800645399,-0.115684242,1.168874035,-0.00515385,0.015995211,-0.007618883,-0.141155941,-0.246786698,-0.072687892,0.223542675,0.954927573,0.719442312,-0.021853734,-0.520170059,-1.707083956,-1.734026552,1.669338301,-0.237731146,-1.317258498,-0.210824248,-0.336412856,-0.336462012,2.062557674,-0.108730074,7,0
15062024,-0.400319674,-0.864021796,-0.509251989,-1.090074575,-1.208306417,0.702595391,0.703712672,-0.122300324,-0.431936271,-0.102352475,-0.775431371,-0.634886776,-0.231259131,-0.954863727,-0.176913896,-0.233673952,0.140075277,-0.063831909,-0.662588811,-0.061634736,-0.08241687,-0.071798851,0.066165632,-0.024000365,-0.785542184,-0.104541324,0.655038052,-0.006336945,-0.008818553,-0.008549429,-0.405610996,-0.397123582,-0.055071314,-0.165428318,0.927522308,0.65821015,-0.020237576,-0.543360684,-1.731163967,-1.749980096,1.683141678,-0.273455403,-1.298613344,-0.210824248,-0.370532601,-0.376733882,2.062557674,-0.108730074,7,0
15122023,-1.515203788,-1.295766294,-0.860490863,-0.860472526,-0.158611056,-0.55835983,-0.562199108,-0.360415997,-0.569638376,-1.986768121,-0.712364609,-0.619492929,-0.218062111,-0.164106936,-0.230997257,-0.216190837,-0.114015317,-0.113308285,0.421028142,-0.073412692,-0.085318577,-0.132696111,0.117579284,-0.018412655,0.138171164,-0.017407436,0.446209111,-0.017386408,-0.048436365,-0.010404111,-0.431366113,-0.48588361,-0.158497757,-0.525153389,-0.214703357,-0.427870196,0.057669832,1.449992366,2.075000493,1.980987321,-2.089003759,0.325368784,2.087379261,-0.210824248,-0.76365243,-0.418134735,2.062557674,-0.108730074,9,0
15122024,-0.88524923,-1.07234463,-0.673423411,-0.955748124,-0.089946582,-0.55835983,-0.562199108,-0.360415997,-0.597574977,-1.443089434,-0.759392626,-0.657844779,-0.21584131,-0.162578227,-0.206334633,-0.177372952,0.050464083,-0.10912691,0.501366428,-0.1056315,-0.103762125,-0.106120134,0.09861976,0.054093071,0.21668759,-0.009788641,-0.238089116,-0.006336945,-0.008818553,-0.01059542,1.063290643,3.588826468,-0.303639995,-0.385626257,0.35924816,0.031271256,-0.053174928,1.612380931,1.531569508,1.607133109,-1.665597232,1.142721217,1.674275669,-0.210824248,-0.72865582,-0.668151592,-0.233827799,-0.108730074,9,0
15162023,-0.964031054,-1.732199202,-2.398891672,-2.42702303,-2.955395778,-2.010207867,-2.029849771,-0.337099891,-0.216803014,-1.796708569,-0.897054768,-0.658205228,-0.255614933,-3.085503474,-0.217631299,-1.598313375,0.028561309,-0.062779268,-1.417532376,-0.070622724,-0.092034173,-0.128848578,0.120249795,-0.018253873,-0.942432555,-0.087677969,1.079935468,-0.007125754,-0.018429978,-0.004297091,-0.13640041,-0.225825537,0.011656733,-2.39182125,2.158839143,2.311504903,-0.022733867,-1.277700858,-2.258845389,-2.053026307,1.938795591,0.958228088,-0.894647419,-0.210824248,-0.224556041,-0.312290846,2.062557674,-0.108730074,8,0
15162024,-1.188196203,-2.753705486,-3.349201739,-3.164316734,-3.904530012,-1.95591507,-1.974806557,-0.337099891,-0.306295574,-2.564209619,-1.105580269,-0.769914493,-0.257386207,-0.335995089,-0.24313748,-1.598313375,4.168828042,-0.166263569,-1.578067906,-0.197705345,-0.227055306,-0.08072859,0.095726292,-0.032648731,-1.938877275,-0.08597339,2.13419282,-0.006336945,-0.008818553,-0.928540931,-6.350416034,-3.183217771,-0.171168618,-0.765138843,2.344424247,2.522721139,-0.02339049,-1.314953382,-2.620913339,-2.203302656,2.059937028,0.372140915,-1.726119046,-0.210824248,-2.478782595,-3.035169264,-0.233827799,-0.108730074,8,0
15172023,0.505223748,0.019606314,-0.195846039,-0.80959049,-0.787594134,0.421996817,0.422869656,-0.30213497,-0.008726479,0.177342041,-0.389748194,-0.33384119,-0.25376938,-0.176199312,0.001989148,0.383319503,-0.183452011,-0.182213324,-1.371361638,-0.159135945,-0.185837432,-0.010734526,0.072466224,-0.079074929,-1.938877275,-0.234818996,-0.381988084,-0.007914629,-0.024226622,-0.229329892,-0.705007876,-0.57096784,-0.018687074,0.144510243,1.562375848,1.339761222,-0.023435486,-1.352979564,-1.450416148,-1.543185118,1.501948865,0.097191645,-1.726119046,-0.210824248,-0.792048,-0.704373713,-0.233827799,-0.254490792,6,0
15172024,0.1355953,0.016207948,-0.1872443,-0.607015379,-0.668095659,0.421996817,0.422869656,-0.30213497,-0.026398129,0.156148651,-0.342469582,-0.306537625,-0.24824134,-0.160001524,-0.01602433,0.37001242,-0.014104196,-0.173979587,-1.687804716,-0.134682788,-0.159889171,-0.066553716,-0.002503313,-0.039147041,-1.938877275,-0.221173264,-0.669351206,-0.006336945,-0.008818553,-0.755045964,-0.483945871,-0.442328115,-0.00478826,-0.201174787,1.225118022,1.076611256,-0.023400962,-1.391803372,-1.258309321,-1.382205697,1.357780546,0.11596443,-1.726119046,-0.210824248,-0.762737807,-0.623835982,-0.233827799,-0.39233929,6,0
15212023,-0.417252974,-0.198448885,-0.45648726,-0.072128262,-0.239993143,-0.912386456,-0.919204432,-0.306113266,-0.081116965,-0.512396648,0.242757448,0.08599818,-0.131593601,0.130355329,-0.164360301,0.70397093,-0.159723395,-0.027513942,-0.407836642,-0.056842599,-0.076962924,-0.01041236,0.08701216,-0.06758929,-0.463408607,-0.089371528,0.389100724,-0.006336945,-0.002898356,-0.009088931,-0.287209071,-0.289814429,-0.012198398,0.670464788,-0.207234812,-0.257609701,-0.017054553,-1.004947591,0.158013589,0.180055926,-0.147711332,-0.513523798,-0.618442933,-0.210824248,0.249526267,-0.15671931,-1.181101884,0.157345509,5,0
15212024,-0.638975237,-0.421480803,-0.612789546,-0.417249446,-0.574588185,-0.912386456,-0.919204432,-0.306023199,-0.072834287,-0.464762585,0.059158588,-0.059908863,-0.167805644,0.055055025,-0.159810359,0.672667504,-0.283952182,-0.05904659,-0.536216945,-0.055945664,-0.076450031,-0.043122469,0.078862482,-0.084739096,-0.831837639,-0.095342599,-0.266045982,-0.006336945,-0.008818553,-0.008519489,0.170518723,0.104095831,0.022980663,0.166636999,0.199215609,0.005207897,-0.021357388,-1.036769453,-0.428963531,-0.522723652,0.55085952,-0.430708865,-1.238008963,-0.210824248,-0.244054546,-0.143357316,-0.891973807,0.085478654,5,0
15242023,0.027028881,-0.357348287,-0.052602623,-0.24720767,0.091490491,0.085654847,0.085547741,-0.358185352,-0.078333982,-0.132228869,-0.154716652,-0.303182161,-0.128740197,-0.352031691,-0.170891612,-0.454638506,0.072428106,0.019202113,0.26085269,0.017497376,0.00202823,0.055453886,0.043352839,-0.193956442,0.291940083,-0.018467196,0.850807194,-0.004759516,-0.002005127,-0.00895882,0.353436294,0.423384757,0.031867913,0.324456035,-0.079388909,0.014799715,-0.019672459,0.693720806,0.253971518,0.295077829,-0.265063082,-0.936133878,0.52183201,-0.210824248,0.256830173,0.222730573,-0.213051059,0.034328844,6,0
15242024,-0.43161976,-0.442560668,-0.069028238,-0.443634145,-0.045781202,0.085654847,0.085547741,-0.358054956,-0.025239873,-0.008054366,-0.07958286,-0.283578191,-0.086839513,-0.268009667,-0.160829179,-0.416166305,0.013878459,0.058854769,0.212330402,0.079553695,0.063126494,0.019288637,0.023670053,-0.181388878,0.196147,-0.021298112,0.983446456,-0.006336945,-0.008818553,-0.007848766,1.051430787,1.008157945,0.034069246,0.098892088,0.222947215,0.114195011,-0.02150727,0.539908058,-0.12010172,-0.156155818,0.19048977,-0.888890943,0.235614713,-0.210824248,0.545245379,0.637746518,-0.289121951,0.039418586,6,0
15252023,0.729660956,-0.156582898,0.011522832,-0.654234246,-0.566583245,-0.967825841,-0.975165087,-0.357628368,0.388381517,0.377116708,-0.499584765,-0.447518528,-0.229000493,-1.189198231,-0.06826301,-0.019157973,0.028561309,-0.054348714,-0.8446105,0.041093076,0.019829728,-0.058358795,0.288972456,-0.07315087,-0.637099504,-0.245405051,0.225901753,-0.006336945,-0.008211009,0.010903878,0.27161891,0.014990337,-0.167372149,-0.25445126,1.074531692,1.12577364,-0.023223162,-1.004947591,-1.353084845,-1.463241288,1.430672685,0.847438915,-1.280596108,-0.210824248,-0.161638842,1.279668134,-0.177874949,0.032005112,6,0
15252024,0.730917743,-0.133729716,0.026626499,-0.618895183,-0.640935731,-0.967825841,-0.975165087,-0.357628368,0.397133511,0.414133123,-0.558615668,-0.489169262,-0.22942248,-1.123866284,-0.064735344,0.010035163,0.028561309,-0.056554144,-1.211327115,0.007310419,-0.014084202,-0.071630547,0.199866816,-0.118510143,-1.938877275,-0.257067138,-0.473503689,-0.006336945,-0.008818553,0.034790324,0.539176995,0.171337058,-0.158408739,-0.437813617,1.042086414,1.085787251,-0.02331923,-1.277700858,-1.498053642,-1.580215681,1.534741763,0.855248248,-1.726119046,-0.210824248,-0.197704351,0.801205178,-0.613538828,0.062470839,6,0
15262023,-0.51732614,-0.455155531,-0.663205078,-0.896326635,-0.381966092,-1.27489559,-1.285377349,-0.284349709,-0.120896519,-0.731620382,-0.800990057,-0.703731537,-0.209185896,-0.46961634,-0.122801888,-0.082432759,0.028561309,-0.061528794,0.064451576,-0.060445789,-0.077673949,-0.131167515,0.064104364,0.064255799,0.040782151,-0.041756864,0.389100724,0.058955065,0.027984686,-0.010049197,-0.194336912,-0.190066574,-0.097773752,-0.855075852,1.109621367,-0.127530724,-0.005149661,1.08517689,0.183585859,0.210674916,-0.178868735,-0.136896708,0.544699842,-0.210824248,-0.256102968,-0.155727541,2.062557674,0.069917696,6,0
15262024,-0.602539311,-0.556586767,-0.745950847,-1.012201562,-0.486553072,-1.27489559,-1.285377349,-0.284349709,-0.128144958,-0.760326919,-1.000470117,-0.772391999,-0.234490521,-0.605625388,-0.135343755,-0.081868429,0.028561309,-0.092395939,0.110192033,-0.107171149,-0.119558615,-0.060706144,0.091187004,-0.056934541,-0.002066439,-0.045081858,0.068625784,-0.006336945,-0.008818553,-0.010893192,-0.571954628,-0.542158574,-0.099989313,0.05367713,1.184874528,0.041349737,-0.034754534,1.392604611,0.048166595,0.047287023,-0.013295473,0.048949218,0.477558645,-0.210824248,-0.722279785,-0.852304087,-0.233827799,-0.108730074,7,0
15292023,-0.457718175,-0.998787588,-0.51721205,-0.87828218,-0.365337393,-0.021938225,-0.022505985,-0.289213441,-0.198222339,-0.484521262,-0.974136014,-0.759191001,-0.233263896,-1.749773044,-0.203687201,-0.444774061,0.026253587,-0.04840931,0.135628384,-0.040695911,-0.057332181,-0.051774584,0.054843149,-0.031113,0.060593765,-0.04942661,1.406296142,0.005093913,-0.008312174,-0.009683066,0.16927695,0.113281792,-0.112082437,0.084312631,0.300799785,0.380404699,-0.016367637,1.449992366,-0.077343715,-0.104600954,0.139099479,-0.636735159,0.372889534,-0.210824248,-0.226801097,-0.158703823,0.75092794,-0.025404336,7,0
15292024,-0.611112476,-0.996105305,-0.449109892,-0.63317086,-0.222386348,0.012482457,0.012069534,-0.289213441,-0.215137295,-0.520285232,-1.021353404,-0.773576031,-0.238654895,-1.840982074,-0.222536407,-0.41726728,0.029119734,-0.053104334,0.232687476,-0.075783449,-0.090101125,-0.054958233,0.041513408,0.005788614,0.110886825,-0.037142761,0.945133784,-0.006336945,-0.008818553,-0.010430244,-0.479784489,-0.462638519,-0.092545329,-0.003784181,-0.267244282,-0.142800571,0.700836663,1.528744884,0.196104007,0.225711499,-0.194191458,-0.776007112,0.506427142,-0.210824248,-0.268697382,-0.43810646,-0.233827799,-0.327834224,7,0
15302023,0.188730405,0.199964129,0.041696323,0.283814688,0.076646358,-0.580329041,-0.58433503,-0.284108306,0.094795414,0.071468138,-0.243509588,-0.295145111,-0.19590925,-0.260436421,-0.121265427,0.25372202,-0.674733455,-0.061044262,0.303545696,-0.023756249,-0.038391157,-0.015831095,0.140585441,-0.230849538,0.256204671,-0.059643845,-0.323177603,5.232502778,0.016089973,-0.009646754,-0.082609121,-0.088934215,0.102869019,0.221886309,-0.30468378,-0.312023298,-0.015640949,0.803351162,-0.014539342,-0.02853389,0.062962993,-0.512286424,0.278491903,-0.210824248,-0.298878712,0.17640601,-0.43583985,0.049529892,7,0
15302024,0.137978444,0.230161715,0.100094914,0.263640851,0.09971366,-0.580329041,-0.58433503,-0.284108306,0.136411163,0.156008752,-0.381033802,-0.385729942,-0.210763523,-0.160415127,-0.099486247,0.453896986,0.123335653,-0.098249645,0.283026879,0.021919701,0.006722016,-0.053284864,0.082483807,-0.064118772,0.265405139,-0.081042018,-0.504925454,-0.006336945,-0.008818553,-0.008957929,0.550708366,0.468644988,0.022731421,-0.206184385,-0.197660856,-0.181507172,-0.020356144,0.925773156,-0.077491482,-0.104600954,0.139099479,-0.462850896,0.224349893,-0.210824248,-0.641952739,0.689023159,0.777307265,-0.026976816,7,0
15312023,0.066827789,-0.010508057,-0.264994654,-0.937408082,-0.911215769,0.202858086,0.203173288,-0.226519384,0.021514139,0.122467933,-0.575594967,-0.509157293,-0.224786445,-0.307905537,-0.000667822,0.149916453,0.451971962,-0.105995763,-0.550455647,-0.094013023,-0.114587704,-0.030216458,0.015922716,-0.104482836,-0.665266447,-0.169103217,-0.884196709,-0.009098063,-0.021196554,-0.012216892,-0.420682374,-0.405888268,0.048337286,0.011299598,1.722315986,1.3498553,-0.025721631,-0.543360684,-1.563393432,-1.630793613,1.579294719,0.249451278,-1.22527869,-0.210824248,-0.553120236,-0.507804976,-1.389687032,0.385954424,5,0
15312024,0.379992664,0.038221285,-0.223425376,-0.907355945,-0.84388729,0.193841653,0.194127369,-0.22677877,0.028889219,0.157212276,-0.483866309,-0.470652383,-0.207248069,-0.291474447,0.015312485,0.217001436,0.16566918,-0.073895384,-0.747259314,-0.050724526,-0.071646979,-0.001603174,0.075274733,-0.034560634,-0.665266447,-0.213703967,-0.960478236,-0.006336945,-0.008818553,-0.006359512,0.096308863,-0.104643685,0.065207248,0.437661337,1.73319782,1.542238565,-0.022293812,-0.973721154,-1.507298902,-1.587755449,1.541400918,0.321067262,-1.238008963,-0.210824248,-0.413977983,-0.269446275,-0.846015416,0.081316162,5,0
15382023,-1.633620223,-2.258855045,-2.833601481,-1.753839994,-2.058803784,-1.448358364,-1.460799599,-0.360127896,-0.324051657,-2.504501249,-1.764790127,-1.06283748,-0.260403729,-1.629506403,-0.242452426,-0.311501006,0.059726304,-0.087508763,-0.850096008,-0.087314368,-0.108711857,-0.070105258,0.069973782,0.025586045,-0.855247451,-0.085591069,2.252192907,-0.008703568,-0.031998959,-0.013557036,-1.519117437,-1.472430334,-0.279136001,0.583153801,0.436386298,0.631349063,-0.02510467,-0.797992738,-0.41751372,-0.509324545,0.537845412,0.298295508,-0.303085197,-0.210824248,-0.686240153,-0.611673878,-0.233827799,-0.108730074,8,0
15382024,-2.181967088,-2.570479422,-3.062814443,-1.965152417,-2.275063601,-2.353040281,-2.377676453,-0.360127896,-0.258093289,-2.647398359,-2.062438837,-1.162070891,-0.26201671,-1.738769818,-0.246293583,-0.461236909,-0.008220392,-0.08755484,-1.203103712,-0.099599725,-0.122335785,-0.087438573,0.099172519,-0.034059536,-1.207613653,-0.083179963,2.145746568,-0.006336945,-0.008818553,-0.037063245,-1.334122435,-1.014872803,-0.309855247,-1.094836434,0.495249141,0.613556239,-0.023679945,-1.391803372,-0.576420142,-0.691309542,0.713538329,0.064406664,-1.125867148,-0.210824248,-0.894952904,-1.053810163,-0.233827799,-0.108730074,8,0
15392023,-0.142715011,-0.70124803,-0.717948418,-0.64185635,-0.588090706,-1.141881228,-1.150949484,-0.360415997,-0.089433821,-0.616651534,-0.52640129,-0.464438555,-0.230502969,-1.391904258,-0.184786334,-0.082197512,0.028362608,-0.051359621,-0.24954774,-0.055048852,-0.074514634,-0.039120435,0.106101726,-0.103000664,-0.177785,-0.075950465,-0.210527625,-0.002393842,-0.003694405,-0.009412626,-0.113752508,-0.166163153,-0.059174354,0.051267163,0.242945787,0.308479407,-0.016951336,0.019338531,-0.277378868,-0.344467303,0.376730762,-0.724759751,-0.003405992,-0.210824248,-0.080196589,-0.083402436,-0.247253838,0.036605893,7,0
15392024,-0.155212573,-0.875891736,-0.821876145,-0.889167473,-0.870785581,-1.141881228,-1.150949484,-0.360415997,-0.081739695,-0.585338488,-0.61352528,-0.520901709,-0.233381871,-1.317296274,-0.189228786,-0.008374803,0.028561309,-0.056075177,-0.376031808,-0.048987135,-0.069006069,-0.035356617,0.092516854,-0.093372057,-0.352495058,-0.095641947,-0.352368754,-0.006336945,-0.008818553,-0.008687312,0.065574816,-0.044608931,0.089237281,0.62111535,0.508884303,0.399794271,-0.020330424,-0.141693542,-0.743097538,-0.875223228,0.888692536,-0.741630991,-0.367764708,-0.210824248,-0.166318436,0.020099894,-0.186473396,0.032571491,7,0
15402023,-2.340021074,-0.663080312,-1.079670846,-1.116885428,-1.399161105,-0.748708562,-0.754072934,-0.250434456,-0.16071533,-0.707689071,-1.136625442,-0.87879805,-0.228287529,-1.674213506,-0.14799313,-0.179006593,0.048357719,-0.044097503,-2.371192461,-0.042768363,-0.064179595,-0.043473496,0.03622539,-0.038419697,-1.938877275,-0.176720129,-0.130139395,-0.007520183,-0.012287624,-0.009418755,0.409139158,0.083153252,0.048860261,0.602982594,1.234806336,1.218493089,-0.02337644,-1.391803372,-1.366385137,-1.47413145,1.440419878,0.384106309,-1.726119046,-0.210824248,-0.048415915,0.002781638,-0.837718917,0.080585637,6,0
15402024,-0.424257085,-0.586981889,-1.015258534,-1.073269845,-1.326287882,-0.748708562,-0.754072934,-0.250434456,-0.148128343,-0.653310354,-1.223239944,-0.926525561,-0.230426104,-1.667288098,-0.137599063,-0.177971726,0.028561309,-0.04650392,-2.371192461,-0.025589259,-0.047013924,-0.057666698,0.215300705,-0.04990224,-1.938877275,-0.184591317,1.26088883,-0.006336945,-0.008818553,-0.009418755,0.859959916,0.380384787,0.03092013,-0.12570938,1.253546362,1.205239704,-0.02337644,-1.391803372,-1.32283697,-1.437494267,1.407581621,0.443854125,-1.726119046,-0.210824248,-0.0821417,0.225472326,-0.620773314,0.063018549,6,0
15412023,-1.631505947,-0.1148311,-0.305767154,-0.042429697,-0.065703652,-0.864345636,-0.870723643,-0.357437661,-0.060701206,-0.444084813,-0.002459155,-0.144946601,-0.140654468,-0.133380665,-0.146389984,-0.109076949,0.221212372,-0.010324863,0.055398023,-0.042415829,-0.059838624,-0.047545929,0.062664331,-0.052553143,-0.147648031,-0.048141516,-0.352368754,-0.004759516,-0.002997755,-0.00959223,-0.048886065,-0.033772685,-0.006399146,0.05448074,-0.123919512,-0.130704192,-0.01601736,-0.520170059,0.365011228,0.427097288,-0.400789331,-0.016944457,-0.071232572,-0.210824248,0.486991121,0.041600822,0.69663246,-0.022164248,5,0
15412024,-2.047122482,-0.405215103,-0.511487506,-0.474872383,-0.443364748,-0.864345636,-0.870723643,-0.357437661,-0.054284234,-0.405680058,-0.085703418,-0.188011028,-0.171596418,0.094624078,-0.149229572,0.033442256,0.417109839,-0.068605686,0.062163801,-0.052603815,-0.069908931,0.022659016,0.093097391,-0.215108815,-1.065783196,-0.075556103,-0.669351206,-0.006336945,-0.008818553,-0.009851184,-0.000402882,-0.019709764,0.170366462,1.607491775,0.351731231,0.264928702,-0.013086998,-0.973721154,-0.29193372,-0.362008712,0.393960528,0.059213603,-1.5231107,-0.210824248,-0.393462445,-0.103598325,0.240692804,0.005429604,5,0
15682023,0.183561021,-0.61235003,-0.680586646,-0.714676365,-0.700068116,-0.493441819,-0.496802947,-0.252463112,-0.126802542,-0.48353125,-0.686833819,-0.666591555,-0.188143519,-0.846526599,-0.164499058,0.207785435,-0.030447098,-0.020552278,-0.193887796,-0.020717543,-0.039993877,-0.026186825,0.262132281,-0.144526982,-0.273561363,-0.117430572,0.932089485,-0.00515385,-0.01300776,-0.008150041,0.962032148,0.745736612,0.284961025,0.446164563,0.536952191,0.577197495,-0.021146962,0.405748435,-0.599954756,-0.717846657,0.738963245,-0.547613189,-0.284531255,-0.210824248,0.169406568,0.17364353,0.138741598,0.01175394,7,0
15682024,-0.292151275,-0.961088593,-0.791876604,-0.963464898,-1.121882533,-0.493441819,-0.496802947,-0.247591603,-0.123115902,-0.449397688,-0.767789289,-0.681445757,-0.208310403,-0.823668289,-0.194555337,0.197289867,0.025733258,-0.043327172,-0.55727366,-0.029286401,-0.049874967,-0.047242565,0.052317482,-0.119801327,-0.617789418,-0.104755501,0.702805508,-0.006336945,-0.008818553,-0.005944763,0.363545537,0.121166682,0.160274956,-0.071238575,0.539954376,0.506565274,-0.022391853,-0.212683934,-1.252710522,-1.377089987,1.353157946,-0.706580337,-0.918173048,-0.210824248,-0.095772071,0.081054927,-0.62695103,0.063487775,7,0
15872023,-0.149811694,-0.430934686,-0.462501339,-0.058596183,-0.099590632,-1.068103162,-1.076421594,-0.143400333,-0.169974894,-0.74769854,-0.31446044,-0.37562158,-0.180238301,-0.106307198,-0.223563825,0.184587916,0.028561309,-0.056502845,0.278689386,-0.061328801,-0.075999431,-0.023532016,0.012538557,0.012463439,0.159050498,-0.035846695,-0.156560177,0.043642419,0.01381046,-0.01019796,-0.25034672,-0.217386818,-0.006241633,0.697382569,-0.685751751,-0.476554793,0.005168,0.729721285,0.671685863,0.779379029,-0.768411214,-0.995647701,0.816483275,-0.210824248,-0.18408849,-0.203217991,-0.768398992,0.07468506,7,0
15872024,-0.30254276,-0.359997452,-0.444803293,-0.043704224,-0.14041086,-0.841621483,-0.847795208,-0.071644256,-0.184653443,-0.631117446,-0.304543886,-0.369110696,-0.178929242,0.076799256,-0.211453845,0.231990276,0.028561309,-0.079077016,0.362900874,-0.093610902,-0.09778106,-0.086462271,0.072660399,-0.020170432,0.111769345,-0.03836094,0.48313129,-0.006336945,-0.008818553,-0.01056248,-0.495354303,-0.496652594,-0.046885059,-0.383028019,-0.584997088,-0.418154544,-0.134777583,0.870176351,0.46331796,0.54209733,-0.519920684,-0.868150889,0.606819196,-0.210824248,-0.499963151,-0.609836303,-0.233827799,-0.902213362,7,0
15972024,0.187389192,-0.372757214,-0.266624831,-0.549400803,-0.16770199,-0.68824738,-0.693107733,-0.113211124,-0.050736018,-0.240716732,-0.775454965,-0.749910918,-0.183986116,-0.251793154,-0.133803554,0.378490431,0.03835788,-0.048312831,0.177252414,-0.048416697,-0.064538168,-0.043692235,0.047014533,-0.004597544,0.194813746,-0.050376843,1.990085276,-0.006336945,-0.008818553,-0.009891066,-0.060951143,-0.098995919,0.001390238,0.013686676,0.559322575,0.474457712,-0.011522758,1.392604611,-0.043857375,-0.064175523,0.098683371,-0.655773046,0.430255087,-0.210824248,-0.119200541,-0.086072627,-0.331880588,0.042322128,5,0
16112023,-0.256255991,-0.174530479,-0.03127131,-0.328239308,-0.457697496,0.769052782,0.770145971,-0.351346708,-0.068719037,0.288906691,-0.60279383,-0.588197863,-0.193396193,-0.314418611,-0.111381201,-0.515714814,-0.517132944,-0.054112931,-0.147083195,-0.040823181,-0.059770757,-0.037891071,0.034582627,-0.053298732,-0.129717692,-0.166920179,0.369588644,0.000759539,-0.009630707,-0.009085316,0.075397213,-0.091452162,0.018659286,-0.031406783,0.410891216,0.520200898,-0.019993302,0.307918598,-1.098189198,-1.235886496,1.224622633,0.803176396,-0.534257833,-0.210824248,-0.333819907,-0.298768239,-1.131262077,0.124488932,6,0
16112024,-0.732973783,-0.252259097,-0.020803009,-0.416403145,-0.534560908,0.769052782,0.770145971,-0.351366812,-0.068830485,0.327229061,-0.704170782,-0.660243164,-0.196796122,-0.427386013,-0.120386803,-1.067106074,0.06251438,-0.05029885,-0.095727917,-0.03796555,-0.056596341,-0.043382518,0.050244182,-0.076659373,-0.129717692,-0.158080094,0.247221054,-0.006336945,-0.008818553,-0.009133338,0.374928401,0.093615074,-0.009668303,-0.150551105,0.471549388,0.593808418,-0.019793924,0.58324289,-1.252710522,-1.377089987,1.353157946,0.715535751,-0.557872668,-0.210824248,-0.318849863,-0.287715526,-1.250096604,0.219581138,6,0
16122023,0.786178477,0.44481755,0.333096556,-0.450086705,-0.583564614,0.749911401,0.751014866,-0.230604487,0.346959264,0.775361237,0.420418023,0.249370129,-0.103142082,-0.438888468,0.178062592,-1.598313375,0.117032822,0.05232484,-0.910068459,0.082093391,0.060592021,-0.020586291,0.021725936,-0.150665725,-1.287104613,-0.295466967,0.289048467,-0.007520183,-0.014143792,0.022796026,0.967280477,0.39947087,-0.099368537,-0.284436774,1.527237052,1.269996527,-0.023297384,-1.391803372,-1.801142329,-1.796851599,1.723514037,0.549556373,-1.7071449,-0.210824248,0.086635721,0.167192995,-1.098476691,0.110858418,5,0
16122024,0.110789259,0.408720179,0.348741079,-0.365042673,-0.503885877,0.749911401,0.751014866,-0.230604487,0.371892133,0.780737502,0.463890395,0.275871395,-0.072595999,-0.518160851,0.144166157,-1.598313375,-0.127532733,0.089753742,-0.83717674,0.119502961,0.09788796,-0.089974741,0.007368074,-0.194210772,-1.938877275,-0.181534495,0.638744183,-0.006336945,-0.008818553,0.022536798,0.564814364,0.158096164,-0.111429702,-0.685732192,1.343140105,0.845457194,-0.023293723,-1.391803372,-1.698523653,-1.727536258,1.663713936,0.544621209,-1.726119046,-0.210824248,0.232548217,0.302939108,-0.911294606,0.087296096,5,0
16152023,-1.715022789,-0.158190169,-0.198006177,-0.10998824,-0.254696944,0.074680895,0.074529965,-0.360415997,-0.029394863,-0.051322771,0.261068182,0.09137551,-0.115296957,-0.713211427,-0.14484347,-0.299314123,0.04145747,0.052886548,-0.093567627,0.059483766,0.040462887,-0.03675459,0.060325511,-0.046053556,0.004980507,-0.05351867,1.31796694,-0.006731341,-0.002898356,-0.006238895,1.484793545,1.085841077,-0.04346761,-0.155029428,-0.044598024,0.120159012,-0.022369671,-0.566934294,-0.403413965,-0.493258045,0.522224383,-0.235782718,-0.076602328,-0.210824248,0.510452026,0.513083856,0.315020401,0.000863642,5,0
16152024,-1.561282193,-0.003017097,-0.073500458,-0.071299973,-0.225543699,0.224634186,0.225018508,-0.360415997,0.007970523,0.121631224,0.382051724,0.17642086,-0.059517465,-0.58073019,-0.102706745,-0.224780741,0.026510078,0.107056031,0.031545973,0.114894426,0.096480492,-0.042860317,0.053020809,-0.016914333,0.103065913,-0.046768165,1.641890874,-0.006336945,-0.008818553,-0.006003162,1.882851745,1.392030608,-0.030336644,-0.230193153,0.142534026,0.278104095,-0.022418393,-0.4973533,-0.557220879,-0.670217105,0.693294087,-0.105578549,-0.033247865,-0.210824248,0.748970294,0.729056363,0.124118501,0.01266758,5,0
16162023,-1.262494553,-0.17706273,-0.460168493,-0.120050893,-0.291448473,0.263584108,0.264084635,-0.355711605,-0.211528914,-0.459765373,0.132754622,0.015635163,-0.175289805,-0.854555751,-0.148254811,-0.208179885,0.028561309,-0.006351172,0.444375096,-0.009486476,-0.021897278,-0.021214532,0.087497536,-0.131368508,-0.127272165,-0.049144177,0.204305575,-0.000817032,-0.010241433,-0.009674211,0.421833034,0.405614231,0.11479087,1.046461771,-0.055140448,-0.275135297,-0.014597763,0.574751445,0.012679248,0.004438713,0.029845182,-0.185847553,-0.020306447,-0.210824248,0.004200483,-0.027026836,0.784756151,-0.027420679,7,0
16172023,0.02028688,-0.337401317,-0.489526129,-0.368621392,-0.432482249,0.032449093,0.032122783,-0.235303179,-0.161831132,-0.37932662,-0.123171811,-0.167084046,-0.220561964,-0.485808224,-0.147736359,-0.115031605,0.040118804,-0.077098184,-0.03998178,-0.072106909,-0.090097495,-0.051553476,0.058117553,-0.012255603,0.0209937,-0.081155992,0.369588644,-0.022126224,-0.121928654,-0.010336309,-0.493283805,-0.463117439,-0.016567949,0.025643608,0.231042354,0.48055282,0.051986851,-0.058419293,-0.305232378,-0.377436353,0.409097166,-0.422501079,0.207037016,-0.210824248,-0.433996053,-0.412767066,-1.461011925,0.486379387,6,0
16172024,-0.22708608,-0.137898515,-0.361670759,-0.112943819,-0.317067742,0.114055511,0.114058443,-0.198039457,-0.157152084,-0.266210841,0.001067692,-0.076927045,-0.20499416,-0.417910195,-0.13821368,0.035914855,0.234197206,-0.060045753,0.011415036,-0.05383046,-0.071582939,-0.090738814,0.043871363,0.006247985,-0.005157076,-0.113813593,0.268268366,-0.006336945,-0.008818553,-0.009819728,0.033735884,-0.043335483,-0.066647038,-0.382378124,-0.001555577,0.347887787,-0.013651665,-0.107685413,-0.253474058,-0.315795384,0.348524316,-0.383729425,0.067344298,-0.210824248,-0.329420287,-0.28012473,-1.024997764,0.099295759,6,0
16182023,-1.797458847,-0.044958668,0.068955131,-0.25945398,-0.475318267,0.255453793,0.255930856,-0.228200767,0.098387717,0.424558185,0.192545986,0.056499045,-0.1561182,-1.110510857,-0.081697988,-0.306741175,0.028561309,0.022322258,-0.488524595,0.026514277,0.005935688,-0.154410726,0.071212631,0.080369186,-0.164599562,-0.065214618,0.408372117,-0.007125754,-0.014869622,-0.002641897,1.594921016,0.812829781,-0.160976986,-0.616484257,0.476475513,0.125858302,-0.022904309,-1.036769453,-1.273530765,-1.395289945,1.369592402,0.232856804,-0.66872748,-0.210824248,0.188119766,0.189741017,1.046886254,-0.043027252,5,0
16182024,-1.023788412,0.185140919,0.257200126,0.019369169,-0.201425687,0.255453793,0.255930856,-0.281375455,0.182349562,0.583732138,0.221828021,0.035718584,-0.09707851,-0.935671965,-0.047455518,-0.394885014,0.028561309,0.080755393,-0.138315048,0.108951834,0.089401298,-0.129006553,0.088679327,0.091938526,0.071638272,-0.048536974,0.748962407,-0.006336945,-0.008818553,-0.004339017,1.802837288,1.034729375,-0.155851194,-0.566972847,0.271986522,-0.195334232,-0.022729645,-0.615268439,-1.046992607,-1.186571624,1.179317694,0.259175093,-0.412530884,-0.210824248,0.554513858,0.665369828,0.471102527,-0.008624806,5,0
17132023,-1.127327104,-1.541869272,-0.553074893,-2.123749109,-1.771474387,-0.019037661,-0.019592105,-0.35424572,-0.048709023,-0.083831463,-1.249718614,-0.847935616,-0.256261105,-1.590967949,-0.210276535,-1.598313375,0.036898553,-0.081065686,-1.568148361,-0.000387772,-0.021838118,-0.058290806,0.101754118,-0.065399325,-1.938877275,-0.09185037,1.49469101,-0.007520183,-0.065216081,0.130002818,1.405819377,0.58199673,-0.103051264,-0.290510918,1.90182353,1.558468945,-0.023365834,-1.352979564,-2.442415104,-2.134448162,2.004989203,0.867214476,-1.726119046,-0.210824248,-0.457121773,0.147107034,-0.188313099,0.032692807,5,0
17132024,-1.194260095,-0.482133783,-0.184983933,-1.557528388,-1.573395437,-0.019037661,-0.019592105,-0.285671916,0.135296713,0.292553598,-1.18850395,-0.832048023,-0.251205504,-0.872731535,-0.102491252,-1.598313375,0.030212251,-0.103724515,-1.608074085,0.23783738,0.215205835,-0.050800922,0.109915573,-0.081378119,-1.938877275,-0.20640128,1.020569906,-0.006336945,-0.008818553,0.564482816,5.384778599,2.790817559,-0.092303709,-0.276987031,2.104179759,2.131940168,-0.023372911,-1.352979564,-2.554718868,-2.178935899,2.040608032,1.161709547,-1.726119046,-0.210824248,-0.577716993,1.840059271,-0.546608406,0.057488412,5,0
17212023,-0.201212817,-0.385928676,-0.36410575,-0.46609812,-0.226697172,0.210451764,0.210791406,-0.319450925,-0.191170429,-0.355147929,-0.294945792,-0.240010774,-0.286896563,-0.699843446,-0.146098694,0.210460619,0.033806354,-0.16385998,0.081928805,-0.222381812,-0.242386195,-0.056360041,0.090212095,-0.032733438,0.082275184,-0.044987443,0.289048467,-0.084066862,-0.029464449,-0.013138253,-1.073214254,-0.921319336,-0.072687892,-0.071238575,0.363834291,0.10090893,-0.025455411,0.363500253,-0.005070533,-0.017014405,0.051400673,-0.534047064,0.307603686,-0.210824248,-0.803979452,-1.032780732,-0.233827799,-0.108730074,7,0
17212024,-0.306744234,-0.483519441,-0.440635578,-0.516469386,-0.285337559,0.210451764,0.210791406,-0.319450925,-0.218797362,-0.431097485,-0.265004031,-0.233025228,-0.262617989,-0.739558775,-0.160418134,0.198664493,-0.097026198,-0.134804396,0.218251904,-0.165777528,-0.178340084,-0.047267474,0.077655585,-0.067318695,0.035933338,-0.047653755,0.464782627,-0.006336945,-0.008818553,-0.011538568,-0.870967514,-0.769291385,-0.047122709,0.038436201,0.316101985,0.04811924,-0.027487718,0.624447436,-0.010909627,-0.024344332,0.058758838,-0.562638287,0.278798048,-0.210824248,-0.677180166,-0.796107613,-0.233827799,-0.108730074,7,0
17252024,0.133144415,0.700143555,0.306918101,0.323330304,0.09924753,0.192159216,0.192439375,-0.355994066,-0.042466236,0.508799731,0.638798587,0.534657773,-0.186525415,-0.575080617,0.198443067,-1.598313375,0.027918242,-0.030656936,0.348989275,0.008118256,-0.006035523,-0.046163203,0.08340878,-0.087938365,0.318421916,-0.469658479,0.225901753,-0.006336945,-0.008818553,-0.009302276,1.428551447,1.079353273,-0.013191821,-0.156519382,0.531544755,0.83367119,-0.01879569,-0.231082473,-0.495737039,-0.600089709,0.625760954,0.6388998,0.029074335,-0.210824248,-0.133640656,0.109058311,-0.341232574,0.042961618,5,0
17272023,-0.899752869,-0.905155532,-0.605431486,-0.431601897,-0.540450231,-0.313709439,-0.315862037,-0.208172131,-0.16127081,-0.478163465,-0.450573292,-0.415109157,-0.226757467,-0.737280314,-0.234617819,-0.010902703,0.199392138,-0.067418962,-0.408211867,-0.072055324,-0.0921322,-0.041762609,0.037184208,-0.013946072,-0.105515343,-0.050749994,0.918905095,-0.088455153,0.847315211,-0.010214833,-0.145907032,-0.181509058,-0.008567705,0.068969952,-0.61714686,-0.226237858,-0.009204258,0.341649623,-0.36082085,-0.443002799,0.473249306,-1.018203261,0.036224791,-0.210824248,-0.381237657,-0.405986778,-0.761137961,0.074085479,6,0
17272024,-1.183307023,-0.955240308,-0.547181837,-0.470224957,-0.569328435,-0.252072685,-0.244514902,-0.146473922,-0.157076869,-0.370700786,-0.326688517,-0.341036229,-0.212273832,-0.690306469,-0.235514272,0.010764577,-0.80716254,-0.053288303,-0.773450923,-0.057629045,-0.07859037,-0.022661749,0.008591865,-0.011494584,-0.178287404,-0.053628272,0.850807194,-0.006336945,-0.008818553,-0.007223834,-0.147094105,-0.203459475,-0.011396207,0.396102671,-0.608903224,-0.249022437,-0.022016362,-0.074614845,-0.527486267,-0.636197966,0.660576598,-1.097296141,-0.182180676,-0.210824248,-0.242050264,-0.265295247,-1.088038557,0.10841925,6,0
17302023,0.190249695,-0.402730294,-0.704459671,-0.685911136,-0.898801396,-1.192999872,-1.202602048,-0.208964437,-0.075731215,-0.418792397,-0.175242754,-0.45980496,-0.037598802,0.632278171,-0.127338989,0.12972467,0.028561309,-0.007143026,-0.928072598,-0.00446542,-0.025662768,-0.008507141,0.083473686,-0.100053371,-0.942432555,-0.16127685,0.932089485,-0.007520183,-0.017586746,0.006779007,0.801314031,0.425437387,0.033120403,0.686956344,0.787806589,0.839759388,-0.023192909,-1.205425585,-0.966715908,-1.107945208,1.106659734,0.223367842,-1.392967472,-0.210824248,0.751727096,0.787669622,-0.648148129,0.065108827,5,0
17302024,0.369012185,-0.365260675,-0.680830463,-0.713277868,-0.957005311,-1.192999872,-1.202602048,-0.208964437,-0.06520167,-0.367246022,-0.198929766,-0.478827105,-0.042600938,0.598138986,-0.116819613,0.054118448,0.028561309,-0.006509994,-1.397117662,0.000466766,-0.020960565,-0.005940049,0.092788757,-0.087784132,-1.938877275,-0.188326681,0.748962407,-0.006336945,-0.008818553,0.06638016,1.12797107,0.614005705,0.030330233,0.703468253,0.893850308,0.961177459,-0.023348031,-1.352979564,-1.106776244,-1.243749957,1.231827301,0.28097446,-1.726119046,-0.210824248,0.763440214,0.869092601,-0.628235337,0.063585503,5,0
17312023,-1.023372235,-0.874370475,-0.610258021,-0.96427729,-0.69833796,-0.170892512,-0.172209456,-0.231837444,-0.134215546,-0.386043259,-0.631945349,-0.842903516,-0.106234992,0.337520392,-0.184577845,-1.598313375,0.046441131,-0.028274891,-1.61734058,-0.028939995,-0.050341293,-0.038093222,0.035332615,0.000667472,-0.236258884,-0.059361569,0.588705866,-0.007520183,0.002915304,0.100343766,0.434539228,0.171999801,-0.02276011,0.077846603,0.666155788,0.083954861,-0.023358732,-0.615268439,-0.706177366,-0.835327018,0.850907621,-0.199312882,-0.279957676,-0.210824248,-0.021826441,-0.023200088,-0.954939555,0.091589057,5,0
17312024,-1.037133606,-0.830580682,-0.505592637,-0.83696292,-0.498446119,-0.170892512,-0.172209456,-0.230370617,-0.128609815,-0.355524992,-0.546718384,-0.796959279,-0.087045192,0.448072295,-0.187049357,-1.598313375,0.029648425,-0.025771039,-0.637284761,-0.027309218,-0.048070941,-0.042250935,0.039990173,-0.000923797,-0.091279906,-0.048388161,0.519168976,-0.006336945,-0.008818553,-0.004758381,0.48676042,0.266754844,-0.055340869,-0.041609326,0.466036527,-0.088256658,-0.022665964,-0.231082473,-0.435240299,-0.530231294,0.558146069,-0.394897639,-0.028346267,-0.210824248,0.000830849,-0.009117835,-0.985405791,0.094784134,5,0
17322023,-1.178169965,-1.786158601,-2.070405292,-1.528608075,-1.743679957,-1.850986767,-1.868460272,-0.355390232,-0.215533132,-1.741209349,-1.159416731,-0.915896041,-0.222540704,-0.595703372,-0.231182824,-0.445016603,0.026253587,-0.070481226,-1.362039402,-0.07613658,-0.097587596,-0.069692792,0.092908748,-0.024800237,-1.938877275,-0.093583716,1.509865772,-0.009098063,-0.445646533,-0.012893185,-0.484985124,-0.449142817,0.203860807,0.161712827,0.579192293,0.650237317,-0.024727629,-1.391803372,-0.767779408,-0.90205969,0.914041595,-0.272923669,-1.726119046,-0.210824248,-0.434563686,-0.460386424,-0.233827799,-0.108730074,6,0
17322024,-1.165304458,-1.781373876,-2.062437906,-1.57966009,-1.794336331,-1.850986767,-1.868460272,-0.355390232,-0.213436886,-1.707862798,-1.118628843,-0.908008572,-0.217280746,-0.547057856,-0.229830154,-0.463246462,0.029964642,-0.06620415,-1.394024557,-0.069290148,-0.090690177,-0.074577525,0.095086382,-0.024746531,-1.938877275,-0.092580767,1.345324115,-0.006336945,-0.008818553,-0.003103939,-0.100597269,-0.192506673,0.076133807,-0.183804442,0.691822108,0.654684681,-0.022631739,-1.391803372,-0.874295599,-1.013746908,1.018946076,-0.272480823,-1.726119046,-0.210824248,-0.334597399,-0.285618279,-1.262517931,0.232422115,6,0
17332023,-0.433757108,-0.582379045,-0.803823277,-0.913722135,-1.012748458,-0.534483499,-0.538144393,-0.301286074,-0.118534143,-0.500264094,-0.468700466,-0.532880709,-0.164494853,-0.107088079,-0.145359326,0.681542906,0.072060785,-0.038872455,-0.522618831,-0.043521596,-0.0640027,-0.04011392,0.09085331,-0.069631687,-0.942432555,-0.111932556,1.299298693,-0.006336945,0.022678988,-0.007492029,0.189164617,0.002108967,0.056575273,0.034434329,0.972001895,0.524718697,-0.021820928,-1.205425585,-1.043452319,-1.183216196,1.176227556,-0.057424506,-1.371470968,-0.210824248,-0.033177101,-0.064521965,-1.032867585,0.10026033,5,0
17332024,-0.179535977,-0.506427302,-0.755199685,-0.773614813,-0.8934479,-0.534483499,-0.538144393,-0.301286074,-0.114970298,-0.486511137,-0.403795325,-0.473487015,-0.166270664,-0.099469987,-0.141154556,0.676888207,0.030088973,-0.041539497,-0.588921224,-0.040945395,-0.061587481,-0.025938516,0.08820384,-0.064465133,-1.938877275,-0.130054129,0.638744183,-0.006336945,-0.008818553,-0.006719908,0.297988423,0.066845298,0.020543086,0.377503261,0.810080633,0.558996958,-0.022235358,-1.391803372,-0.884931249,-1.024796497,1.029271762,-0.00365996,-1.726119046,-0.210824248,-0.065381709,-0.035170035,-1.013011888,0.097875867,5,0
17352023,-0.452606305,-0.51642544,-0.472425591,-0.06112126,-0.155998102,-0.542020533,-0.545737422,-0.282589123,-0.161329294,-0.667065077,-0.241935811,-0.312920304,-0.181118305,-0.20296675,-0.239962994,0.317164773,-2.467071963,-0.049012236,0.178824796,-0.053959477,-0.070020222,-0.007676331,0.078149833,-0.067549499,0.159515083,-0.027363247,-0.003384343,0.007063519,0.011328232,-0.010000342,-0.202553772,-0.17046819,0.033872279,0.692168447,-0.850041873,-0.462953457,-0.008737073,0.557507926,0.480111479,0.561560069,-0.540166132,-0.97020903,0.741757562,-0.210824248,-0.154257925,-0.183123532,-0.359843691,0.044239216,6,0
17352024,-0.519623086,-0.521412004,-0.477258078,-0.067051498,-0.190793941,-0.542020533,-0.545737422,-0.282589123,-0.154580886,-0.621952506,-0.167640713,-0.255597713,-0.175737182,-0.168406509,-0.239577489,0.327802598,-3.536204636,-0.045921773,0.131410324,-0.046247023,-0.062895833,-0.03893141,0.076213979,-0.071579363,0.12133456,-0.031718427,0.182427521,-0.006336945,-0.008818553,-0.0097925,0.048414616,0.104095831,0.013604045,0.185549642,-0.843945081,-0.457202812,-0.012920371,0.363500253,0.368425367,0.431212589,-0.405037948,-1.030753717,0.618864589,-0.210824248,-0.116756264,-0.093851411,-0.789007464,0.076404568,6,0
17522023,-0.440968514,-0.564460495,-0.333207587,-0.137262275,-0.284920129,-0.520709948,-0.52426927,-0.121422252,-0.087334124,-0.246287744,-0.305753107,-0.454313663,-0.123957363,0.098158708,-0.232643805,0.683547473,1.334668388,-0.015319264,-0.339449542,-0.028223247,-0.048147,-0.023942312,0.031318431,-0.034217107,-0.072877914,-0.056034882,1.102845023,-0.006336945,0.007674913,-0.00768147,0.236558386,0.112625183,-0.001754637,-0.030620646,-0.741596696,-0.61870024,-0.021895779,-0.347395401,-0.225509714,-0.282394625,0.31559736,-0.970595455,-0.074584828,-0.210824248,0.242454501,0.102769922,0.112188964,0.013414234,5,0
17522024,-0.615954208,-0.612503916,-0.343171709,-0.212335498,-0.325440633,-0.520709948,-0.52426927,-0.165896501,-0.066967524,-0.229412664,-0.290664525,-0.437545678,-0.125353865,-0.007490663,-0.22676213,0.696793141,-0.208099267,-0.005388029,-0.438137323,-0.009646728,-0.029961687,-0.006325209,0.023188202,-0.070380969,-0.108749143,-0.055587962,0.671144254,-0.006336945,-0.008818553,-0.005763026,0.37619381,0.245962864,-0.017593162,0.199565023,-0.637256092,-0.545462673,-0.022479977,-0.347395401,-0.309216587,-0.382226629,0.413793858,-1.076233091,-0.153016389,-0.210824248,0.359426738,0.305876146,0.733890829,-0.024388197,5,0
17602023,-0.17676655,-0.600086853,-0.489619009,-0.266775119,-0.357962716,-0.744356606,-0.749684098,0.049856926,-0.191940443,-0.4441334,-0.39340383,-0.619143179,-0.084790441,0.514414495,-0.215397505,0.803345467,-0.056471443,-0.035838738,-0.158341964,-0.037655967,-0.056680361,-0.047843263,0.06469093,-0.006135252,-0.087961613,-0.065285863,2.085071066,-0.00357661,0.02286602,-0.008933907,-0.124492483,-0.16985357,-0.04113253,-0.184533851,-0.47329517,-0.268453661,-0.016790283,-0.011137651,-0.112303735,-0.146677679,0.181054763,-1.019725356,0.044692723,-0.210824248,0.065610411,0.068171415,-0.925004114,0.088614312,6,0
17602024,-0.143677956,-0.580154354,-0.497212173,-0.281358298,-0.377368257,-0.744356606,-0.749684098,0.028012446,-0.18268716,-0.438861675,-0.343802906,-0.599170367,-0.067718861,0.550816803,-0.20963402,0.841909674,0.00511162,-0.02608395,-0.042446899,-0.027438649,-0.045732792,-0.022714373,0.064013791,-0.070258532,-0.083300739,-0.066035869,1.760519139,-0.006336945,-0.008818553,-0.008968626,0.113569185,0.047988556,-0.014410906,0.426618085,-0.399454013,-0.204307286,-0.018016601,0.199266888,-0.149477095,-0.191471179,0.225593202,-1.007412806,0.049775031,-0.210824248,0.201132355,0.199838764,-1.03377786,0.100373758,6,0
17622023,-0.702609508,-0.433008433,-0.078619029,-0.418255114,-0.148266843,-0.887262125,-0.89384864,-0.161937282,0.098549772,0.061584672,-0.325626727,-0.474017067,-0.123643794,0.064839335,-0.162081533,0.852694767,0.028561309,-0.011188428,0.06812179,-0.003411734,-0.020896729,-0.096883999,0.006399269,0.168406855,0.126222328,-0.026668495,0.369588644,-0.004759516,0.002719778,-0.00873163,0.232808767,0.087074197,-0.097182584,-0.373265268,0.18234336,-0.547150485,-0.020211715,0.37424091,-0.366152587,-0.449411147,0.479503923,-0.61981863,0.053665375,-0.210824248,0.48745596,0.594100887,1.104594876,-0.046469947,6,0
17622024,-0.852287308,-0.621497973,-0.149208416,-0.847746109,-0.318415325,-0.887262125,-0.89384864,-0.161937282,0.100763368,0.063366944,-0.609456689,-0.60156286,-0.189449447,-0.110228011,-0.156111848,0.780240274,0.028561309,-0.066697729,0.107916959,-0.061533678,-0.078316219,-0.006151296,0.075430997,-0.13472414,-0.004939886,-0.041290702,-0.536821459,-0.006336945,-0.008818553,-0.01010743,-0.242229435,-0.278126492,-0.076104505,0.280089351,0.791819004,-0.120527207,-0.005994254,0.915016494,-0.634399938,-0.756371589,0.775783519,-0.570027774,-0.177628426,-0.210824248,-0.366283687,-0.230854243,0.936520581,-0.036455069,6,0
17762023,-0.423211999,-0.782449765,-1.102159488,-0.902777072,-0.793845604,-1.272093259,-1.282544432,-0.343647266,-0.173781281,-1.051051478,-0.67953496,-0.575626257,-0.228408701,-0.827535324,-0.176483969,-0.019263333,-0.065468428,-0.065393994,-0.228671286,-0.065725561,-0.08504718,-0.057750408,0.088820205,-0.079262031,-0.279370406,-0.085737025,-0.210527625,0.123997017,0.150270978,-0.009966725,-0.267677606,-0.285732838,0.02098766,0.05689243,0.672667462,0.682562708,-0.009288363,0.224436298,-0.10531594,-0.138256039,0.172666574,0.228582494,0.109217108,-0.210824248,-0.333819907,-0.257019184,-1.154881968,0.138533929,6,0
17762024,-0.275088571,-0.755405804,-1.100289461,-0.989171133,-0.824009039,-1.272093259,-1.282544432,-0.343647266,-0.171268108,-1.020160395,-0.662343048,-0.578363567,-0.220802087,-0.759318514,-0.167802997,-0.03043035,0.114947977,-0.059683193,-0.303108877,-0.064329778,-0.084020676,-0.052460403,0.095539757,-0.042749325,-0.304095478,-0.094471297,-0.078388004,-0.006336945,-0.008818553,-0.009799545,0.043518592,-0.015866824,0.020347507,0.235148347,0.880588351,0.855778155,-0.014555627,0.034275351,-0.187098221,-0.236884907,0.270615274,0.281142535,0.032060522,-0.210824248,-0.219322188,-0.230089332,-1.111790152,0.115423986,6,0
17832023,-0.341168539,-1.395074537,-1.216856047,-1.586125874,-1.945388103,-0.693343973,-0.696743386,-0.179574739,-0.186954426,-0.755053487,-1.08986903,-1.039929222,-0.183998004,-0.410757498,-0.209110202,0.34149038,0.034453793,-0.037238683,-2.371192461,-0.032521056,-0.053937875,-0.048755699,0.000958341,-0.035743808,-1.938877275,-0.113754038,1.978458934,-0.007520183,-0.015702018,-0.009418755,0.414215221,0.059034527,0.284786399,0.457229563,1.182172743,1.223504087,-0.02337644,-1.391803372,-2.026872943,-1.933305334,1.839395431,0.017968247,-1.726119046,-0.210824248,0.030634309,0.115107168,0.022434318,0.019072118,6,0
17832024,-0.041131709,-1.120291017,-1.159850987,-1.305902057,-1.623903411,-0.689780902,-0.68665074,-0.165382662,-0.172312776,-0.745604335,-1.035319492,-1.040666715,-0.173187672,-0.322525149,-0.195398014,0.527928561,0.311669264,-0.031220756,-2.371192461,-0.02574666,-0.047171116,-0.030310686,0.089519736,-0.040697851,-1.938877275,-0.134171125,1.933752101,-0.006336945,-0.008818553,-0.009418755,0.120977007,-0.10213464,0.340854103,0.881082089,1.002611802,1.121470655,-0.02337644,-1.391803372,-1.628775021,-1.67873194,1.621261154,0.013845777,-1.726119046,-0.210824248,0.107859385,0.195021349,0.51741335,-0.01141873,6,0
17862023,-0.211063549,-0.945865736,-0.861476224,-1.524816177,-0.968337942,-1.088360434,-1.096403814,-0.011745041,-0.186174215,-0.591358715,-1.007026257,-1.037318655,-0.167879104,-0.295901097,-0.171854107,0.251656611,0.028561309,-0.027284417,-0.287204051,-0.028992461,-0.048697892,-0.034087847,0.053490889,-0.06070696,-0.333023499,-0.118410766,1.847982319,-0.005942564,-0.004592352,-0.008022852,0.623944075,0.318641239,0.020009739,0.236807873,1.586550639,1.625495671,-0.021449438,0.58324289,-0.880360389,-1.020375643,1.025141695,-0.633218291,-0.326585955,-0.210824248,0.330381125,0.328205773,-0.95193951,0.091284308,6,0
17862024,0.034379176,-0.810031606,-0.780739272,-0.99530156,-1.073792093,-1.000604571,-1.006950058,0.041600002,-0.173608432,-0.450841824,-0.875226967,-1.009967991,-0.141943585,-0.068051521,-0.174820609,0.297215775,0.028561309,-0.017655694,-0.428583369,-0.012042206,-0.032320829,-0.034396666,0.129244501,-0.070791706,-0.587149531,-0.143668161,2.100942563,-0.006336945,-0.008818553,-0.006016487,0.951539472,0.496177609,0.0610141,0.103761217,0.817794525,0.976423696,-0.022449246,-0.074614845,-1.183684201,-1.314751098,1.296633424,-0.639449815,-0.866864806,-0.210824248,0.449069601,0.541921626,-0.974028005,0.093567989,6,0
18052023,-1.035765845,-0.759791697,-1.187895072,-0.551298114,-0.725316991,-0.531341612,-0.534979251,-0.312356981,-0.330618105,-1.280981243,-1.924325588,-1.102123783,-0.263834181,-1.931784836,-0.202142158,-1.598313375,0.028561309,-0.086450485,0.076508889,-0.124595957,-0.138719724,-0.074540929,0.092203078,0.011632781,-0.243138719,-0.059673301,0.48313129,-0.018571104,-0.029236802,-0.011248817,-1.125156774,-1.101122205,-0.057965339,-0.185262798,-0.060614394,-1.412625923,-0.028315674,1.992305725,0.265314744,0.308515734,-0.278827812,1.974808675,0.373167909,-0.210824248,-0.536598295,-0.80970726,-0.233827799,-0.108730074,8,0
18052024,0.009230945,-0.409793764,-0.901972206,-0.397890298,-0.624319593,-0.469572933,-0.472763743,-0.276405023,-0.219315361,-0.885505587,-1.086619158,-0.921097289,-0.208025943,-1.392650724,-0.159881819,-1.598313375,0.028561309,-0.027067077,-0.016634111,-0.00800696,-0.026183503,-0.032333205,0.09096671,0.069727389,-0.137206963,-0.081363794,0.89210764,-0.006336945,-0.008818553,-0.008530601,1.744644301,1.727595678,2.801958408,1.7922131,0.175493781,-0.146530404,-0.021142035,1.183149266,-0.02719373,-0.043727325,0.078199944,2.360930549,0.290210002,-0.210824248,0.085442188,0.297287734,2.062557674,-0.108730074,8,0
18092023,-0.072768657,-0.273719905,-0.17811949,-0.321016003,-0.383411145,0.097465764,0.097405012,-0.265031011,-0.047751601,0.056617642,-0.244837116,-0.299453045,-0.193397845,0.066668812,-0.139148107,0.262615934,0.147798858,-0.094194199,0.174366323,-0.103357618,-0.113877891,-0.052488762,0.07414442,-0.03050065,-0.006234597,-0.065630835,-0.442546465,-0.017386408,-0.024554809,-0.01077033,-0.567914966,-0.503167842,-0.097422317,-0.03690447,0.232193867,0.22487111,-0.036694775,0.574751445,-0.726593861,-0.857722139,0.872132242,-0.538161633,-0.175109886,4.818912148,-0.513109966,-0.556481419,-0.233827799,-1.560793288,6,0
18092024,-0.205088055,-0.334194862,-0.191473803,-0.31485526,-0.44647857,0.097465764,0.097405012,-0.264732171,-0.043407228,0.068585068,-0.228688018,-0.311840161,-0.173260536,0.091367581,-0.154783472,0.294419247,-0.287637505,-0.06261655,0.071743011,-0.062636018,-0.079773675,-0.051299575,0.075236357,-0.074947286,-0.092845179,-0.0679829,-0.130139395,-0.006336945,-0.008818553,-0.010110695,-0.128067697,-0.209524387,-0.085600468,-0.010117026,0.116546232,0.115191632,-0.002250255,0.455993427,-0.835676229,-0.973487068,0.981242599,-0.583460796,-0.331733407,4.818912158,-0.347607839,-0.342438022,-0.636177026,0.064191203,6,0
18172023,-0.625174416,-0.557993703,-0.652841256,-0.880687329,-0.827965217,-0.984014727,-0.991508904,-0.18820647,-0.044941025,-0.381512174,-0.20542171,-0.384650759,-0.105653171,0.214228371,-0.143162348,0.109279308,-0.081781274,-0.009648111,-0.41514968,-0.008605253,-0.028850822,-0.024999479,0.083879806,-0.07306694,-0.596139728,-0.098999831,0.268268366,-0.006731341,-0.000817873,-0.005941071,0.392655782,0.14422225,0.033245696,0.240128095,0.943092272,0.520001811,-0.022391853,-1.036769453,-0.904030456,-1.044153824,1.047337564,-0.358824749,-0.914759234,-0.210824248,0.569566574,0.582285349,-0.023341522,0.021987482,6,0
18172024,-0.75515359,-0.460573378,-0.605044255,-1.072450098,-0.934969199,-0.984014727,-0.991508904,-0.185445836,-0.019330456,-0.280869001,-0.131985931,-0.343980489,-0.082101667,0.281806948,-0.114322885,0.133870899,0.103093733,0.006853313,-0.467584581,0.011958188,-0.008510871,-0.028720175,0.065500413,-0.085618698,-0.901611686,-0.114819036,0.309566028,-0.006336945,-0.008818553,-0.003971794,1.192832907,0.657989479,0.040957317,0.218574779,1.407078167,0.911908895,-0.022763339,-1.391803372,-1.168093333,-1.300629988,1.283780178,-0.181172476,-1.383643831,-0.210824248,0.83567089,0.880621457,-0.030067506,0.022417682,6,0
20092023,-1.779558451,-0.270108478,0.27791406,0.042574451,-0.101589291,0.866421526,0.867419842,-0.360415997,-0.169125027,0.572511143,-0.167626016,-0.156101311,-0.267905022,-1.868741037,-0.21080024,0.227356248,0.028561309,-0.092060318,0.212617932,-0.073121481,-0.088410638,-0.044784921,0.095434592,-0.082242417,0.229501089,-0.000222297,1.179501192,-0.018966041,-0.337212525,-0.010391813,2.464524705,1.686671431,-0.12630702,-0.158007899,-0.630606567,-1.510816206,0.158731242,0.530971079,-0.883100602,-1.023138518,1.027723019,0.540138299,-0.161389344,-0.210824248,-0.440534805,-0.42722293,-0.233827799,-0.108730074,7,0
20092024,-1.218361943,-0.201147419,0.38395964,0.01199812,-0.127733499,0.866421526,0.867419842,-0.360415997,-0.131147397,0.730560397,-0.054767792,-0.090407575,-0.240801324,-1.770986849,-0.184661702,0.227356248,0.028561309,-0.056255913,0.227717119,-0.0187159,-0.034406714,-0.030594567,0.07807926,-0.061907704,0.195022909,-0.009584705,1.158141435,-0.006336945,-0.008818553,-0.009440012,1.367085248,0.786658352,-0.111911575,0.004941229,-0.417815061,-1.419754324,-0.018757444,0.405748435,-1.102287496,-1.239817602,1.228225067,0.681224127,-0.327189839,-0.210824248,-0.346824254,-0.235193561,-0.4069606,0.047504775,7,0
20242023,-1.344297706,-1.119387695,-1.015760454,-0.96022015,-0.750380801,-0.56774996,-0.571660192,-0.346171182,-0.206350573,-0.951577621,-0.852376006,-0.622814202,-0.260192475,-1.749953807,-0.210450494,-1.598313375,0.035674357,-0.08403281,0.027862281,-0.10007719,-0.114012237,-0.031725753,0.095619052,-0.093543721,-0.115071683,-0.049419508,0.958040043,-0.018571104,-0.318666987,-0.010868218,-0.674575228,-0.616530135,0.080225812,0.851188053,0.298217822,-0.070097441,-0.032493314,1.08517689,-0.150107102,-0.191998702,0.226116946,-0.835253184,0.393147976,-0.210824248,-0.520728021,-0.626423277,-0.233827799,-0.108730074,7,0
20252023,-0.914933345,-0.728759069,-1.032456353,-1.790875203,-2.141273512,0.639979019,0.641089584,-0.360415997,-0.677127068,-0.548507316,-0.985375034,-0.624244246,-0.322939615,-2.438375017,-0.139399638,-1.598313375,0.028561309,-0.136477327,-2.371192461,-0.022025741,-0.043455526,-0.284260507,0.204946806,-0.024345897,-1.938877275,-0.118714184,0.48313129,-0.006336945,-0.008818553,-0.009418755,1.403146265,0.566026656,-0.298572914,-0.821612962,2.182807698,1.447119275,-0.02337644,-1.391803372,-2.445141746,-2.135712516,2.006007115,0.355325807,-1.726119046,-0.210824248,-0.580391414,-0.198431778,2.062557674,-0.108730074,9,0
20252024,-1.471570596,-0.891823112,-1.180152652,-1.869657088,-2.25888808,0.13470381,0.13478367,-0.360415997,-0.325851204,-0.687608179,-0.762425979,-0.494468595,-0.342168373,-2.002269071,-0.159475011,-1.598313375,0.028561309,-0.161590421,-1.388942867,-0.195571085,-0.224703562,-0.187017077,0.171040869,-0.024345897,-1.938877275,-0.089672267,1.231104467,-0.006336945,-0.008818553,-0.364907634,-1.744373507,-1.043752954,-0.33178917,-0.564485625,2.139917778,0.750726529,-0.02341138,-1.314953382,-2.453366736,-2.138875071,2.008551834,0.246274874,-1.726119046,-0.210824248,-0.823894944,-0.957260106,-0.233827799,-0.108730074,9,0
20322023,-0.919838462,-0.891488774,-0.989536766,-1.891169025,-1.547058028,-0.193092028,-0.194531437,-0.277199763,-0.187075647,-0.574767161,-0.114834901,-0.125336348,-0.255210699,-1.30126147,-0.159149493,-1.598313375,0.24651284,-0.088945322,-1.178650055,-0.086520199,-0.108432192,-0.061579793,0.083319674,-0.029203942,-1.11769435,-0.09046331,0.793582924,-0.007914629,-0.04393355,-0.020952498,-0.51802592,-0.457838014,0.033567914,-0.007743501,2.168409369,2.072471276,-0.024200062,-1.352979564,-1.699836047,-1.728715915,1.664736581,-0.001249873,-1.537650605,-0.210824248,-0.516624046,-0.498480999,-0.233827799,-0.108730074,6,0
20322024,-1.458987811,-0.835853278,-0.94776337,-1.716358164,-1.47990876,-0.193092028,-0.194531437,-0.277199763,-0.178058107,-0.541567585,-0.090178026,-0.119148707,-0.241106523,-1.315307006,-0.155005394,-1.598313375,0.069000913,-0.064629864,-1.177650378,-0.060048076,-0.081352567,-0.107799052,0.092875276,-0.021017485,-0.978974308,-0.079656514,-0.05304363,-0.006336945,-0.008818553,-0.001559445,-0.029534754,-0.183345038,-0.075791485,-0.470299752,1.983916035,1.75592213,-0.023025437,-1.352979564,-1.644845073,-1.689878368,1.63098151,0.052561039,-1.404065685,-0.210824248,-0.355729537,-0.295075958,-0.796101496,0.077002852,6,0
20332023,-1.838312286,-1.618351406,-1.397838681,-1.327307942,-1.596797809,-0.830238574,-0.8363109,-0.339016986,-0.207602459,-1.014611044,-1.125391402,-0.791209961,-0.253510443,-1.83402831,-0.228894932,-1.598313375,0.028561309,-0.070144387,-0.640127302,-0.07613658,-0.096288542,-0.065583918,0.094461833,-0.043430343,-0.548158092,-0.067789583,0.733751055,-0.020941009,-0.331018669,-0.010575251,-0.39148256,-0.38927366,-0.027735422,0.103761217,0.37641331,0.017607437,-0.094396721,-0.058419293,-1.319172984,-1.434637379,1.405015459,-0.347154764,-0.486177826,-0.210824248,-0.408949827,-0.446711565,-0.233827799,-0.108730074,7,0
21072023,-0.030433219,0.918421748,0.739844884,0.023010253,-0.12668469,0.712521171,0.713636912,-0.11168119,0.84351701,1.200288031,-0.603627989,-0.606884059,-0.184635061,-0.60095263,0.528996362,-0.288418648,0.028561309,-0.027290792,0.202993002,0.049158679,0.032797124,0.024052295,-0.123098363,-0.209218963,0.166846986,-0.509075353,-0.960478236,-0.001605407,-0.000916652,-0.008276752,0.722113838,0.264740224,0.428820812,-0.048653437,1.41143164,1.106830229,-0.02124519,1.097403147,-1.622659475,-1.674043153,1.617167971,1.266641754,-0.669675185,4.818912166,-0.219571275,0.064182849,-0.633107126,0.063956781,5,0
21072024,0.039372551,0.961655284,0.783295977,0.057500138,-0.091362408,0.712521171,0.713636912,-0.11168119,0.913422953,1.249346969,-0.548726285,-0.580927193,-0.175104057,-0.58482625,0.576496989,-0.273407058,0.028561309,-0.017727806,0.083997916,0.061500737,0.043839232,0.044115862,0.006967337,-0.106094284,0.193942451,-0.578571186,-0.960478236,-0.006336945,-0.008818553,-0.007467406,0.537896285,0.151485797,0.285116254,0.026441995,1.416884541,1.171229081,-0.021942314,1.051252999,-1.626324506,-1.676387219,1.619214593,1.316833583,-0.664478332,4.818912166,-0.180134409,0.11138556,-0.582733792,0.060159311,5,0
21142023,0.052439867,-0.228885643,-0.345085159,-0.9722783,-0.76879829,-0.879227388,-0.885740514,-0.199085208,0.065817678,-0.011014417,-0.51610232,-0.622530144,-0.141292477,-1.051774894,-0.065880324,-0.091924428,0.028561309,0.036664907,-0.850096008,0.04737102,0.02607732,-0.008669808,-0.045351719,-0.072089253,-0.255914597,-0.21233908,1.703539988,-0.007520183,-0.016747004,0.012248039,1.192832907,0.595206789,0.003660408,-0.105145831,1.521699523,1.572989987,-0.023249375,-1.004947591,-1.221805156,-1.349278727,1.327984808,-0.200404905,-0.554626526,-0.210824248,1.200984828,1.270521522,-0.803604566,0.07763937,5,0
21142024,0.042501552,-0.252082152,-0.363515549,-1.0442542,-0.865341002,-0.879227388,-0.885740514,-0.195926865,0.067190291,-0.006198039,-0.555204551,-0.631171945,-0.153949287,-0.978478806,-0.068225398,-0.179110254,0.028561309,0.020848704,-0.695279232,0.029904011,0.008879528,0.00056345,0.081449846,-0.145861684,-0.314147757,-0.213593506,1.539442319,-0.006336945,-0.008818553,0.002821806,0.916166277,0.424068917,-0.006329142,0.000179395,1.607805521,1.658163042,-0.023127638,-0.797992738,-1.363997819,-1.472411184,1.438880941,-0.275630268,-0.653269302,-0.210824248,0.964305108,1.038269406,-1.073268628,0.105843607,5,0
22282023,0.551803553,0.240431471,0.065729825,-0.219127396,-0.166339786,-0.921012922,-0.92791106,0.030434505,0.209687185,0.296001894,0.253898205,0.021985067,-0.042378629,0.328000006,0.02856642,0.656427461,-1.268916946,0.043567924,-0.205126194,0.071794781,0.052079391,0.108123235,0.054430891,-0.208581658,-0.250127589,-0.195053169,0.571630298,-0.006731341,-0.014558269,-0.004694,0.60206564,0.347761249,0.011709813,1.066020051,0.844042122,0.809638832,-0.022605954,-0.716968254,-0.665947314,-0.791174153,0.80895362,-0.291834912,-0.723857252,-0.210824248,1.351196528,1.646096063,-0.572706097,0.059413765,5,0
22282024,-0.076093591,0.247933892,0.156887613,-0.518922695,-0.233724003,-0.851052709,-0.857310917,0.159236555,0.257246351,0.458277493,0.274685456,0.039351659,-0.036090769,0.411113288,0.074016801,0.655741393,-0.217926377,0.037093487,-0.083889071,0.095276204,0.076132207,-0.0051605,-0.145025222,-0.052126798,-0.343956678,-0.168060626,0.554351221,-0.006336945,-0.008818553,-0.005354066,1.255212217,0.765475951,-0.005331243,-0.107440383,1.383199665,1.192873715,-0.022653151,-0.566934294,-0.953950919,-1.095163342,1.094799799,-0.036503596,-0.94330504,-0.210824248,1.177663516,1.85722243,-1.073149915,0.105824787,5,0
22412023,-0.983042768,-0.705254068,-0.64700849,-0.953248978,-0.498397635,-0.474193023,-0.477416568,0.128831477,-0.436990142,-0.578742672,-0.874768785,-0.626063428,-0.266032955,-0.560167602,-0.162608811,0.600981021,-0.549540761,-0.155316654,0.121558042,-0.199138338,-0.21661962,-0.066887348,0.110728554,-0.052764674,-0.056178472,-0.04557245,0.995950525,-0.011070785,-0.024335936,-0.012445806,-1.223694969,-1.061489383,-0.167590144,-0.066580369,0.879987045,0.155833117,-0.025948177,1.238639879,-0.179958382,-0.227900234,0.261718751,-0.579447607,0.213279429,-0.210824248,-1.070970208,-1.36123402,-0.233827799,-0.108730074,8,0
22412024,-1.749910868,-0.911260319,-0.763211791,-1.263598455,-0.606583907,-0.474193023,-0.477416568,0.128901516,-0.52452695,-0.673095257,-1.027870401,-0.713834429,-0.263394921,-0.621421263,-0.175498127,0.555761661,0.063224087,-0.146241225,-0.021962801,-0.186441354,-0.20649309,-0.115060603,0.082440427,-0.001308386,-0.050819481,-0.043667519,1.032688921,-0.006336945,-0.008818553,-0.01305339,-1.231027425,-0.999387025,-0.176472942,-0.486763362,1.18667094,0.259159308,-0.025379542,1.189997566,-0.241965636,-0.302534742,0.33546058,-0.661744556,0.300742886,-0.210824248,-0.999320121,-1.262913954,-0.233827799,-0.108730074,8,0
23022023,-0.139150592,-1.11547545,-0.788770117,-0.76278716,-0.937078723,0.09244478,0.092364425,-0.36035776,-0.193604721,-0.511166016,-1.003987175,-0.835005056,-0.214695636,-0.754202621,-0.223173143,-0.207141243,0.028561309,-0.053139118,-1.157352719,-0.050876217,-0.072162116,-0.052826224,0.222416509,-0.065867886,-1.077705109,-0.128325205,0.764003086,-0.007125754,0.001446326,0.002425566,-0.091010538,-0.204066617,0.113105784,-0.169862172,-0.152899262,0.231599257,-0.023123759,-1.102267789,-0.921890321,-1.062983448,1.064882163,0.196142701,-1.514999255,-0.210824248,-0.276783231,-0.255987049,-0.158449559,0.030729332,6,0
23022024,-0.135514207,-0.968109666,-0.672648592,-0.497462603,-0.68424229,0.09244478,0.092364425,-0.36035776,-0.182549126,-0.481623166,-0.970004755,-0.821589482,-0.211238336,-0.693056783,-0.233706319,-0.374334091,0.028561309,-0.052020339,-1.338269903,-0.040421559,-0.061769766,-0.044945879,0.073319162,-0.043232235,-1.938877275,-0.139742819,0.536865261,-0.006336945,-0.008818553,0.021145485,0.123447669,-0.029302909,0.113661196,0.226856603,-0.561529287,0.026990925,-0.023290057,-1.241198968,-0.578035208,-0.693474311,0.715614255,-0.087855944,-1.726119046,-0.210824248,-0.268445029,-0.180872188,-0.652963531,0.065479546,6,0
23052023,-0.511733556,-0.642806218,-0.600065055,-1.165766953,-0.851467934,0.325118873,0.325783339,-0.360415997,-0.250197217,-0.303968783,-1.136408218,-0.872656371,-0.22995827,-0.40293234,-0.142727052,0.432412104,0.052087263,-0.104424314,-0.480215508,-0.065453461,-0.085796088,-0.055296183,0.084565208,-0.045551881,-0.831837639,-0.178867468,1.179501192,-0.006336945,-0.008818553,-0.009567085,-0.376121089,-0.379706915,0.282672005,0.085121485,1.343804204,1.373823586,-0.01341902,-0.543360684,-1.023144464,-1.163101875,1.157683588,0.530059206,-1.292109056,-0.210824248,-0.528655267,-0.375889916,2.062557674,-0.108730074,8,0
23052024,-0.188072975,-0.554543556,-0.569535932,-1.123354289,-0.850109023,0.325118873,0.325783339,-0.360415997,-0.236757894,-0.265704188,-1.003501473,-0.836939625,-0.214004141,-0.289276952,-0.129683529,0.484476478,0.152325856,-0.087249403,-0.568957757,-0.060658907,-0.081241941,-0.043005591,0.097468846,-0.038382963,-0.996210754,-0.201560256,0.268268366,-0.006336945,-0.008818553,-0.008843696,0.04229507,-0.110282705,0.40582429,0.189668642,1.378707052,1.448318809,-0.020535302,-0.973721154,-1.062709384,-1.201681918,1.19322147,0.596989858,-1.48575567,-0.210824248,-0.462295234,-0.346529434,2.062557674,-0.108730074,8,0
23212023,-1.193576058,-1.242075343,-1.280093788,-0.521815594,-0.589009894,-4.146847604,-2.505445833,-0.35090085,-0.268940652,-1.766105508,-0.933334074,-0.758810735,-0.223709518,-0.561996623,-0.256477141,0.383896422,0.032901623,-0.075691044,0.125577927,-0.080992432,-0.094131158,-0.066656222,0.198737021,-0.14719615,-0.176244538,-0.067616596,-1.291901897,-0.006336945,-0.008818553,-0.010501058,-0.327012104,-0.267540376,-0.123893815,0.093217279,-1.012105634,-0.273172034,-0.133111595,1.176210353,1.054295696,1.181431051,-1.197995022,0.373641762,0.968685895,-0.210824248,-0.59795693,-0.596282108,-0.233827799,-0.108730074,9,0
23212024,-0.841142344,-1.339934659,-1.359420224,-0.580610677,-0.651914934,-4.146847604,-2.505445833,-0.35090085,-0.265210973,-1.816157638,-1.080892947,-0.846504611,-0.227112485,-0.632658834,-0.257510943,0.353504329,0.081616922,-0.075867883,0.010735518,-0.082179526,-0.096027739,-0.066356359,0.133615108,-0.046520189,-0.212825845,-0.069543991,-1.291901897,-0.006336945,-0.008818553,-0.010548482,-0.465162378,-0.484943151,0.20376565,0.198739748,-1.034696789,-0.286649364,-0.094427598,1.105410678,1.007166498,1.134708854,-1.147500643,0.44903161,0.917598494,-0.210824248,-0.602730061,-0.627162974,-0.233827799,-0.108730074,9,0
23422023,0.28840189,-0.241873954,-0.440581149,-0.642753669,-0.509994417,0.027753967,0.027407503,-0.052619036,-0.181088636,-0.251312955,-0.547915052,-0.447315619,-0.251071488,-0.456601329,-0.092949146,0.574068963,0.033996032,-0.139605784,-0.29414412,-0.161022373,-0.183624609,-0.094946553,0.052517661,-0.158475405,-1.938877275,-0.241308895,1.136354068,-0.009098063,-0.02281267,-0.014698858,-0.86620256,-0.713809557,-0.041678364,-0.328587281,0.934884484,1.034431549,-0.024740389,-1.391803372,-0.571359505,-0.685898796,0.708348183,0.035244485,-1.726119046,-0.210824248,-0.754814736,-0.842110882,-0.233827799,-0.108730074,7,0
23592024,0.73622665,0.772575593,0.458744509,0.501554616,0.308801138,0.126955765,0.127007063,0.065810188,0.225088884,0.610707727,0.022378175,-0.145567578,-0.117569331,0.535869403,0.189795722,0.645187207,-0.238469614,-0.08508489,0.17137247,-0.01323318,-0.029623187,-0.057983718,0.087112542,0.153317201,-0.047765223,-0.455422686,2.012653602,-0.006336945,-0.008818553,-0.009223788,-0.176677229,-0.217386818,-0.10132406,-0.386924577,0.293457822,0.352781273,-0.016419956,-0.176679028,-0.278437492,-0.346061356,0.378297339,1.167099906,-0.60705157,-0.210824248,-0.467479875,-0.002926213,-1.164478487,0.145056637,5,0
23632023,1.275398426,0.282205615,0.959955067,-1.54169278,-1.872764518,1.444767652,1.443601373,-0.29172766,0.351082006,1.56088353,-1.785828088,-1.121411026,-0.252623205,0.118661171,0.148033603,0.957795358,0.028799949,-0.236624779,-1.412015471,0.05434865,0.032737678,-0.173763974,1.343637393,-0.217662625,-1.938877275,-0.488225634,1.308676574,-0.006336945,-0.008818553,0.119410227,2.89126136,1.307885896,-0.212413372,-0.535797058,2.738537088,3.035467576,-0.023362286,-1.391803372,-3.676154225,-2.455324041,2.249919,1.499814328,-1.726119046,-0.210824248,-0.561403966,-0.209023767,0.509550741,-0.01094497,7,0
23632024,0.65878397,-0.238039613,0.76396599,-0.675112155,-0.918624812,1.122225354,1.122619675,-0.27721815,0.389407643,1.313257285,-0.985483598,-0.821420467,-0.214796276,0.247574468,-0.089054437,1.066809759,0.028561309,-0.192386147,-1.262565766,0.043037759,0.021506949,-0.254365147,0.518896345,-0.741875903,-1.938877275,-0.282538037,1.726863943,-0.006336945,-0.008818553,0.062576495,-1.56388329,-0.939835998,-0.214281275,-0.511972942,1.000303059,1.194698523,-0.023344452,-1.391803372,-2.734850764,-2.242772474,2.090955003,1.2719131,-1.726119046,-0.210824248,-0.586934618,-0.127102091,0.087437058,0.01496728,7,0
23642023,-0.469011648,-1.294449302,-1.348560892,-0.443763192,-0.630980509,-2.432502701,-2.458287711,-0.360241184,-0.204884429,-1.844600737,-0.749324206,-0.715010081,-0.188998971,-0.263968629,-0.271695864,0.496777808,0.029255421,-0.052956834,-0.113372914,-0.050098008,-0.068802616,-0.047534056,0.096430462,-0.037487898,-0.158490427,-0.062972603,2.062001539,0.000759539,0.031218436,-0.009500847,0.61621882,1.440484881,0.886265521,1.278863726,-1.342405604,-0.733638983,-0.017927077,0.608211251,1.075779712,1.203012353,-1.221371397,-0.731576593,1.091892771,-0.210824248,0.184568678,0.428928413,2.062557674,-0.108730074,8,0
23642024,-0.242773675,-1.065064268,-1.22359381,-0.421491872,-0.622509251,-1.942953589,-1.961618124,-0.360241184,-0.195422109,-1.533329208,-0.657506244,-0.671984248,-0.175542289,-0.183039742,-0.253037416,0.524350858,0.028561309,-0.044469572,-0.094818776,-0.038346922,-0.056970284,-0.036594099,0.091534251,-0.053836101,-0.216386227,-0.074843536,1.813303958,-0.006336945,-0.008818553,-0.009147889,1.069882193,1.81563622,0.726973649,1.658576966,-0.949499814,-0.470580468,-0.019836035,0.436224594,0.725257716,0.838790308,-0.831203466,-0.353970859,0.652297196,-0.210824248,0.301988617,0.551369004,2.062557674,-0.108730074,7,0
23652023,0.203543663,-0.527653962,-0.405098554,-1.167038178,-0.960703962,0.402845477,0.403682015,-0.212640943,-0.055861394,-0.032302318,-0.960287071,-0.823070118,-0.2085383,-0.38020039,-0.122990691,-0.377328543,0.037439166,-0.066634585,-0.292362951,-0.053943536,-0.073613136,-0.048249001,0.037506,-0.05141198,-0.343077767,-0.168314062,0.247221054,-0.226370151,0.232509013,-0.009250477,-0.111362964,-0.226427147,0.029204564,0.077846603,1.482692576,1.497835944,-0.018355863,0.557507926,-1.469213559,-1.55763292,1.514760447,0.462741655,-0.685012843,-0.210824248,-0.380161156,-0.31468953,-0.985054649,0.094746148,6,0
23652024,0.468343731,-0.391848406,-0.387736562,-1.30677029,-1.020485136,0.402845477,0.403682015,-0.212525887,-0.045027706,0.001262603,-0.811339963,-0.76430795,-0.18943955,-0.275664599,-0.090762763,-0.352629594,0.019167189,-0.052558917,-0.311354324,-0.03517373,-0.054967158,-0.042595187,0.207866743,-0.070003835,-0.442235482,-0.205822683,2.01632895,-0.006336945,-0.008818553,-0.008203246,0.192898095,-0.047154692,0.01906787,0.115140193,1.847328136,1.882636186,-0.02109268,0.296411419,-1.586109815,-1.647132817,1.593627545,0.472158808,-0.859943016,-0.210824248,-0.300664296,-0.211299222,-1.004428572,0.09689042,6,0
23692023,0.443638862,0.122439159,0.278759073,-0.052454816,-0.006640274,0.914957752,0.915881666,0.187473529,-0.135223266,0.527711203,0.356291565,0.264094479,-0.222298965,-0.001455989,-0.058091635,0.6070385,-0.01194062,-0.150322138,0.375868101,-0.16841935,-0.175226465,0.031593956,0.010081108,-0.195339872,0.128562143,-0.101154047,0.655038052,-0.013438613,-0.060889186,-0.011202046,-0.592085707,-0.523006977,0.006780332,0.236807873,0.318345942,0.492881266,-0.029944626,0.147030351,-0.684860627,-0.812417987,0.829157428,-0.756572443,-0.287115135,-0.210824248,-0.557852001,-0.606165329,-0.233827799,-0.108730074,6,0
23692024,0.621201009,0.152947278,0.231824519,-0.077098879,-0.080757853,0.914957752,0.915881666,0.150069468,-0.149439034,0.496242111,0.319442389,0.254460268,-0.262321659,-0.103274431,-0.039573245,0.597653944,0.035648076,-0.210679731,0.126218172,-0.225108762,-0.244120491,0.015587411,0.120109146,-0.123522175,0.03938185,-0.160945249,0.247221054,-0.006336945,-0.008818553,-0.012891086,-0.51905212,-0.471704334,0.01695488,0.195439692,0.421955876,0.620776797,-0.025519022,-0.268700735,-0.763672524,-0.897675063,0.909903705,-0.625489082,-0.403837724,-0.210824248,-0.682916916,-0.714630322,-0.233827799,-0.108730074,6,0
23742023,1.13301022,0.367807569,0.384932033,0.222384588,0.006004253,0.661331978,0.662448001,0.212367499,0.157629721,0.678515735,0.259445852,0.013136571,-0.02557339,0.815548443,-0.011530663,1.306747898,-1.956590934,-0.042783034,-0.230762513,-0.009887856,-0.029388375,0.043277051,0.023131786,-0.066003792,-0.309491037,-0.357141972,-0.104084326,-0.004365199,0.067664548,-0.007514299,-0.03074588,-0.14640469,-0.075445378,0.358942055,0.154340776,0.431134214,-0.02176919,-0.883454209,-0.839770149,-0.977893719,0.985375619,-0.401184091,-1.002230368,-0.210824248,-0.277795434,-0.152506519,-1.021531645,0.098879431,6,0
23902023,0.005440622,-0.343778196,-0.542783127,-0.79522648,-1.042460367,0.255048176,0.255524057,-0.057875774,-0.210135162,-0.175472084,-1.064880243,-0.819184949,-0.232366165,-0.798892284,-0.105604773,0.253308442,0.028799949,-0.072972642,-0.483116178,-0.102755581,-0.123415178,-0.078583773,0.109641944,-0.044406696,-0.446175426,-0.174480986,0.204305575,-0.017781288,-0.046927389,-0.012610068,-0.697171899,-0.560213637,-0.189300239,-0.230892107,1.07528462,0.940311541,-0.025151012,0.211928293,-1.431439302,-1.527605845,1.488109672,1.00704866,-0.774848678,-0.210824248,-0.408671124,-0.536894514,-0.233827799,-0.108730074,8,0
23902024,-0.284703373,-0.450416944,-0.611233914,-0.782316165,-1.034513389,0.255048176,0.255524057,-0.050043855,-0.282181684,-0.258709234,-1.016932542,-0.793233831,-0.230884367,-0.781304972,-0.129579489,0.203191122,0.038001753,-0.071446455,-0.552039314,-0.179567789,-0.205563484,-0.08828177,0.057546275,-0.019110114,-0.418121643,-0.145236835,-0.078388004,-0.006336945,-0.008818553,-0.022255291,-1.210851913,-0.837543139,-0.176970463,-0.313299936,0.905494413,0.710155996,-0.023915644,-0.042444159,-1.332515474,-1.446069574,1.415279521,0.923890295,-0.682594373,-0.210824248,-0.402281022,-0.835065778,-0.233827799,-0.108730074,8,0
23992023,0.022506918,-0.221538808,-0.62419194,-0.621515676,-0.840856876,0.169259636,0.169462401,-0.302337844,-0.179544747,-0.339011813,-0.248449378,-0.248477737,-0.237557528,-0.440296651,-0.089515131,0.367193261,0.014333056,-0.115057088,-1.501476396,-0.131021064,-0.155942806,-0.070137862,0.079688852,-0.024833038,-1.938877275,-0.198651612,1.079935468,-0.007520183,-0.018958839,-0.270608907,-0.766321952,-0.610389125,-0.036243137,-0.109732579,0.92383467,0.736676547,-0.023425188,-1.391803372,-0.969353049,-1.110169366,1.108722103,1.263208854,-1.726119046,-0.210824248,-0.599149838,-0.663277527,-0.233827799,-0.108730074,6,0
23992024,0.211181576,-0.281698846,-0.683332149,-0.892550412,-1.092159206,0.169259636,0.169462401,-0.302337844,-0.177080254,-0.328767989,-0.347364999,-0.33110132,-0.231784367,-0.415180949,-0.084170359,0.354816084,0.057927837,-0.106588853,-1.566209293,-0.067975318,-0.089398095,-0.064025549,0.143148703,-0.024876908,-1.938877275,-0.216826426,1.270628414,-0.006336945,-0.008818553,0.006212143,-0.297498901,-0.331160019,-0.14636872,0.016075204,1.326218285,1.289513121,-0.022695763,-1.391803372,-1.339017148,-1.45121812,1.419897839,1.258725326,-1.726119046,-0.210824248,-0.560811787,-0.385504219,2.062557674,-0.108730074,6,0
24052023,0.490285482,-0.237743986,-0.200923095,-0.775656403,-0.822523549,0.825377423,0.826424487,-0.31205542,-0.18876324,0.179357108,-0.455889553,-0.579200769,-0.134534682,0.407358571,-0.080872021,0.692134121,0.074990248,-0.075361035,-0.442928007,-0.067512804,-0.08773452,-0.035061675,0.035659088,-0.026549337,-0.831837639,-0.198006787,0.878490274,-0.015807073,-1.20913802,-0.009809626,-0.25034672,-0.306612866,-0.0552061,0.173208765,1.181484069,0.984631931,-0.006686668,-1.135980066,-1.501307406,-1.583114864,1.537303052,0.109089433,-1.428703633,-0.210824248,-0.405054472,-0.405693805,-1.606069551,0.715033959,7,0
24052024,0.244116401,-0.377658071,-0.217648253,-0.767189696,-0.844310615,0.825377423,0.826424487,-0.319075799,-0.195853132,0.164217518,-0.472384691,-0.590401452,-0.136784401,0.426355477,-0.115331796,0.689583756,0.055070594,-0.085830153,-0.317462408,-0.069557388,-0.089287696,-0.069157331,0.039541635,-0.058859252,-0.831837639,-0.161211324,1.168874035,-0.006336945,-0.008818553,-0.010097654,-0.334899805,-0.356861849,-0.072754045,-0.259256562,0.977782125,0.730504281,0.00620911,-1.135980066,-1.515524516,-1.594140079,1.547035088,0.091925742,-1.425347735,-0.210824248,-0.428895942,-0.413360665,-1.664920955,0.815749437,7,0
24132024,0.059206181,-0.060360069,-0.236974171,-0.228935432,0.018819978,-0.223258776,-0.224869018,-0.144725741,-0.125750934,-0.426056336,-0.032769082,-0.121760967,-0.189692131,0.234206235,-0.091969318,0.780364743,0.054773957,-0.137418339,0.351143848,-0.113951743,-0.118999994,-0.031823995,0.060104978,-0.049917489,0.260072534,-0.034382966,0.50125885,-0.006336945,-0.008818553,-0.010740071,-0.499490424,-0.500844295,0.007097936,0.187196923,0.387352287,0.202718748,-0.046618772,0.616369485,0.485384074,0.567703464,-0.546561625,0.011914092,0.728023232,-0.210824248,-0.829723239,-0.660281948,-0.233827799,-0.108730074,8,0
24172023,0.889360453,0.18615978,0.03129273,-0.028216256,-0.205906951,0.034426928,0.034109069,0.00925395,-0.047248658,0.266561356,-0.030832692,-0.43768379,0.058940828,1.178704797,-0.035578248,1.303979194,0.055549023,-0.100129455,0.028712934,-0.04637516,-0.064017105,-0.006742865,0.147961504,-0.148156874,-0.006722665,-0.246634633,0.408372117,-0.014228029,-0.043314095,-0.009646754,-0.176677229,-0.233634208,0.112235858,0.391026369,0.375240435,0.547565326,-0.017123226,-0.026685041,-0.693286552,-0.821141413,0.837444161,-0.164134875,-0.322671654,-0.210824248,-0.550460758,-0.213323591,-2.202562088,1.894902885,7,0
24202023,0.204931482,-0.341515677,-0.044979916,-0.643624874,-0.199172167,-0.005991396,-0.006486555,-0.26075146,0.062698528,0.148734788,-0.313085139,-0.508209495,-0.096957699,-0.148658383,-0.117443643,0.339585815,-0.005676691,0.038593929,0.150828756,0.066700077,0.049665275,0.046909488,0.092992475,-0.179583312,0.099905646,-0.068621383,1.125296317,-0.005548199,-0.008514615,-0.007742686,0.7987118,0.527932551,0.090687226,0.241788789,0.794057054,0.692913515,-0.021569651,0.599971549,-0.547295346,-0.658870131,0.682390357,0.22213243,-0.059268909,-0.210824248,0.460709857,0.627287895,-0.835743491,0.080412547,5,0
24202024,0.336232322,-0.21529865,-0.00053715,-0.557513099,-0.185857922,-0.005991396,-0.006486555,-0.26075146,0.091559597,0.208023293,-0.279656549,-0.526082048,-0.067588171,0.015507604,-0.094176186,0.361066346,0.030576628,0.055297891,0.170694619,0.096597973,0.079601649,0.047431903,0.056644556,-0.159038332,0.082332194,-0.101680861,1.455576115,-0.006336945,-0.008818553,-0.007355851,1.216704064,0.824162847,0.099514377,0.333694651,0.811052846,0.788030106,-0.02187244,0.591649172,-0.595020019,-0.712427601,0.733775401,0.284516188,-0.133152393,-0.210824248,0.591779223,0.839369405,-0.736233897,0.072052116,5,0
24232023,-0.200459306,-0.155328481,-0.347143113,-0.386111847,-0.509339727,-0.065986524,-0.066762536,-0.353542297,-0.018585238,-0.117794823,-0.077537558,-0.433201573,0.018401028,0.689687425,-0.09763725,0.855724377,0.094823123,0.04019417,-0.448254014,0.041693154,0.021167605,0.005203081,0.079616332,-0.163180336,-0.50012083,-0.118768431,1.008324385,-0.007125754,-0.016432971,-0.002401767,0.862570594,0.5535446,0.034337869,0.375814286,0.561606876,0.393090548,-0.022900216,-0.883454209,-0.721059682,-0.851710605,0.866438576,-0.03729007,-0.890043211,-0.210824248,0.516719152,0.490127947,-0.592971293,0.060923888,5,0
24232024,-0.255394096,-0.23176693,-0.403485536,-0.603209803,-0.738318238,-0.065986524,-0.066762536,-0.353435602,-0.011139027,-0.0947422,-0.132358458,-0.468004517,-0.002310158,0.70058445,-0.094005513,0.886771282,0.179931687,0.014591464,-0.651593285,0.019601329,-0.001312747,-0.001499853,0.085182578,-0.158667132,-1.016018096,-0.1292901,1.210764166,-0.006336945,-0.008818553,0.00040967,0.913548493,0.501693173,0.067170298,0.195439692,0.874691999,0.688022691,-0.02305322,-1.170359437,-1.086722712,-1.224661607,1.214328855,0.189622796,-1.535545694,-0.210824248,0.305276275,0.322347705,-0.792445556,0.076694102,5,0
24242023,-1.030562277,-2.124605914,-2.048291495,-1.23609798,-1.213130927,-1.465543138,-1.478185503,-0.130618649,-0.493981556,-2.216405762,-2.091732162,-1.073111041,-0.286655881,-1.099397194,-0.251972808,0.059140282,0.028561309,-0.137064672,-0.095006732,-0.172427511,-0.192956573,-0.116226553,0.091579015,0.03463788,-0.528928446,-0.07775445,1.894562541,-0.010281645,-0.759913299,-0.01319361,-3.307955631,-2.93985744,-0.284222835,-1.460758093,-0.628088698,-0.001703388,-0.025305527,1.852955037,0.549277494,0.641323149,-0.623390923,-0.792477086,0.397096999,-0.210824248,-1.473051652,-1.93152002,-0.233827799,-0.108730074,9,0
24242024,-1.232576298,-2.257978053,-2.168133104,-1.281233971,-1.398261464,-1.339404218,-1.350599528,-0.22113291,-0.42515712,-2.158587849,-1.945085072,-1.066447939,-0.276249327,-0.902430901,-0.254034843,0.196581966,0.112011939,-0.138188771,-0.143216117,-0.165442338,-0.186320377,-0.108164792,0.090536291,0.006633877,-0.616302807,-0.080167681,2.584387234,-0.006336945,-0.008818553,-0.013343397,-3.028520538,-2.72143833,-0.438287652,-1.291918738,-0.728804945,0.021761172,-0.025226153,1.599065825,0.194473829,0.22363801,-0.192077661,-0.756109104,0.113593451,-0.210824248,-1.405065046,-1.707019392,-0.233827799,-0.108730074,9,0
24252023,0.360836881,0.039521713,-0.379116358,-0.243656371,-0.457023947,-0.581662958,-0.585679149,-0.360017552,-0.048385977,-0.193341243,0.489491461,0.345549903,-0.137111917,0.030077128,-0.054098875,0.603214465,-0.779390034,-0.022215605,-0.159310502,-0.009581965,-0.02870449,-0.05972164,0.092390299,-0.039007503,-0.482217445,-0.166227426,0.764003086,-0.005548199,-0.017166448,-0.007921258,0.667790522,0.388559581,0.005528142,-0.167647017,0.579558234,0.547371995,-0.021342801,-0.883454209,-0.55563586,-0.668055213,0.691217348,2.151223845,-0.824004953,-0.210824248,0.185515728,0.338109405,0.97351721,-0.038657104,5,0
24262023,0.426975503,0.008999336,-0.049662757,-0.32116803,-0.289072729,0.703324209,0.704441401,-0.203772532,-0.131979331,0.192280915,-0.270563123,-0.287566871,-0.219375375,-0.137094926,-0.053154789,0.640586635,0.057453791,-0.120041997,-0.045913635,-0.153153191,-0.171583357,-0.050908753,0.032974482,-0.020727809,-0.076619554,-0.146190967,0.536865261,-0.011070785,-0.043190388,-0.012317716,-0.639981949,-0.547140825,-0.052490206,-0.039257766,0.686669096,0.683523657,-0.026449412,0.004202184,-0.736412944,-0.868111069,0.881965471,-0.350604512,-0.387059402,-0.210824248,-0.524249249,-0.61830049,-0.233827799,-0.375216226,6,0
24262024,0.365787992,-0.064915629,-0.114429637,-0.418560918,-0.480945624,0.703324209,0.704441401,-0.203566056,-0.131003172,0.187398022,-0.234495328,-0.278305464,-0.203404383,-0.141053492,-0.065235606,0.571778576,0.028561309,-0.087885081,-0.194662145,-0.055844473,-0.075020366,-0.049924959,0.088459395,-0.083736034,-0.271914709,-0.161135244,0.970810275,-0.006336945,-0.008818553,-0.009564191,-0.215433532,-0.272841142,-0.056098615,-0.094407587,0.764918509,0.785489636,-0.016227834,-0.307454587,-1.020027184,-1.160310674,1.15510761,-0.32439049,-0.696245601,-0.210824248,-0.440250024,-0.352281604,0.215932695,0.006958618,6,0
24292023,-1.851953598,-2.311610733,-2.449795607,-1.540732822,-1.601883121,-1.798015829,-1.814789871,-0.297907319,-0.330731258,-2.376166235,-1.206209923,-0.817374162,-0.259049522,-1.280944138,-0.247946369,-0.188061292,0.12347475,-0.096861875,0.010256775,-0.092187862,-0.106145606,-0.075276557,0.081228281,0.002173911,-0.56641449,-0.068248379,1.524780839,-0.006336945,-0.008818553,-0.01073375,-1.151029277,-1.136243908,-0.126799239,-0.224587779,-0.135744702,0.043170707,-0.033178227,1.440335224,0.121105383,0.135358365,-0.102334424,0.127007434,0.418080182,-0.210824248,-0.937596321,-0.744036182,-0.233827799,-0.108730074,9,0
24292024,-0.323979556,-1.350039098,-1.372269287,-1.086570643,-1.224930003,-0.748275026,-0.753635719,-0.111068183,-0.385668799,-1.130034169,-1.504553388,-0.944821502,-0.262635027,-1.273793177,-0.222242292,-0.201774185,0.097214622,-0.103656359,-0.448666488,-0.13000857,-0.152089088,-0.130780964,0.07275272,0.23092166,-0.622921022,-0.103547077,1.654619414,-0.006336945,-0.008818553,-0.014594962,-1.893244018,-1.38599702,-0.22320981,-1.16627604,0.232385667,0.330861355,-0.024585849,0.770786413,-0.670959188,-0.796618666,0.814134747,0.095577558,-0.57058718,-0.210824248,-0.728352093,-0.929754453,-0.233827799,-0.108730074,9,0
24312023,0.014488913,-0.82395853,-1.180561708,-1.454466207,-1.607179162,-0.397684657,-0.400380554,-0.247679546,-0.198172306,-0.771563208,-1.122330225,-0.749508165,-0.272446791,-1.165774155,-0.159093671,-0.011495477,0.027504736,-0.119588643,-0.849715041,-0.113721627,-0.136734434,-0.095205953,0.074949775,-0.035136206,-1.938877275,-0.161290792,-0.238089116,-0.007914629,-0.022056526,-0.021365579,-0.966583282,-0.715503745,-0.075115618,-0.499385644,1.607874949,1.666979966,-0.02394487,-1.352979564,-1.580823688,-1.643045146,1.590044614,1.286633231,-1.726119046,-0.210824248,-0.765481938,-0.694903226,-0.233827799,-0.108730074,6,0
24312024,0.065988126,-0.81864552,-1.157468927,-1.359870308,-1.571642951,-0.397684657,-0.400380554,-0.247679546,-0.208578081,-0.753759281,-1.347447928,-0.862368492,-0.268252003,-1.283070584,-0.161072645,-0.006945303,0.028089397,-0.110095905,-0.933080436,-0.107728628,-0.130569495,-0.068736904,0.097159538,-0.028950244,-1.938877275,-0.164601883,0.115050335,-0.006336945,-0.008818553,-0.022800387,-0.209584085,-0.285148936,0.007892205,-0.020384055,1.461490565,1.526678941,-0.02395941,-1.314953382,-1.551362408,-1.621470547,1.571103212,1.28589099,-1.726119046,-0.210824248,-0.695310718,-0.65392622,-0.233827799,-0.108730074,6,0
24332023,-0.174717534,0.225305646,0.251692193,0.023928589,0.207919606,-0.070498037,-0.071296015,-0.319164315,-0.011171191,0.328670401,-0.107463795,-0.318983119,-0.081784238,0.1863326,-0.029693799,-1.598313375,0.154370633,0.020221862,0.331220409,0.05300753,0.038309013,0.125015077,-0.097088222,-0.164143349,0.401691854,-0.162671319,0.718366337,-0.003970896,0.007771459,-0.008694252,0.229060498,0.152146528,-0.02315811,0.639274542,0.331652378,0.642719264,-0.020453594,0.663672824,-0.106073402,-0.139308571,0.173715176,-0.336938644,0.316628821,-0.210824248,0.354511252,0.579000847,-0.916692265,0.087812101,5,0
24332024,0.061858064,0.192234242,0.219750452,0.023972023,0.199413954,-0.070498037,-0.071296015,-0.319164315,-0.00460639,0.277936158,-0.13937221,-0.349007685,-0.083967738,0.174972563,-0.045338321,-1.598313375,0.066925213,0.019274934,0.382391768,0.048422514,0.034546183,0.121902959,-0.049730004,-0.143497938,0.409180767,-0.151659017,0.733751055,-0.006336945,-0.008818553,-0.008903743,-0.12330021,-0.154446822,-0.022119608,0.742654878,0.274386818,0.611302381,-0.019956699,0.803351162,-0.059167849,-0.082541884,0.117058511,-0.38180659,0.373585328,-0.210824248,0.346784032,0.544339254,-0.976541539,0.093834129,5,0
24342023,-2.524864169,-2.717292333,-2.073366852,-1.71968835,-1.697608508,-2.097798592,-2.118674831,-0.229801719,-0.259293796,-1.768867073,-2.36663102,-1.249390643,-0.262930598,-1.895302986,-0.252367248,-0.32967826,0.028089397,-0.085652809,-0.445787554,-0.091339788,-0.11107547,-0.080849963,0.099058304,-0.018160068,-0.613765414,-0.070307082,1.602435714,-0.01146538,-0.023029364,-0.011514136,-0.954340711,-0.742918078,-0.267020456,-0.280376882,-0.289851027,-0.186023719,-0.027489782,1.885918301,-0.67297034,-0.799341599,0.816725138,-1.135185815,-0.152771359,-0.210824248,-0.785017948,-0.786805114,-0.233827799,-0.108730074,8,0
24342024,-2.209988051,-2.397287111,-1.950159194,-1.454731359,-1.473167468,-2.097798592,-2.118674831,-0.280537321,-0.223729816,-1.750547514,-2.477811691,-1.28371707,-0.262716779,-1.9197519,-0.252070151,-0.357288688,0.025137702,-0.084789183,-0.377486218,-0.073248474,-0.093188346,-0.082203772,0.087974846,0.002053866,-0.483488792,-0.069422347,1.455576115,-0.006336945,-0.008818553,-0.010319727,-0.252662553,-0.286316537,-0.232818264,-0.301265089,-0.488270479,-0.204414619,0.016883546,1.984923616,-0.365198627,-0.448342943,0.478461537,-1.019420751,0.157309991,-0.210824248,-0.765176996,-0.390068524,2.062557674,-0.108730074,8,0
24362023,0.459073425,0.294627151,0.026059854,-0.687353902,-0.156518448,0.168709247,0.168910113,-0.193308321,-0.003941054,0.230822363,-0.109370354,-0.271925417,-0.119249473,0.432449398,0.114266868,1.135047732,0.033941912,-0.059206923,0.185084764,-0.025550485,-0.041718499,0.042207178,0.144174634,-0.133417947,0.123277595,-0.200527283,1.77677501,0.052674649,0.136763353,-0.009476065,0.24781529,0.108030936,-0.089332605,0.605571351,1.704521616,1.638265927,-0.01794388,0.352637182,-0.575498304,-0.690768391,0.713019336,1.463940116,-0.080876761,-0.210824248,-0.326320768,-0.097990627,-1.104376807,0.112694083,5,0
24362024,0.195989219,0.332260365,0.043444591,0.098454865,-0.081015688,0.168709247,0.168910113,-0.193305457,0.011840916,0.209125142,-0.062061687,-0.25662121,-0.094054953,0.45276067,0.006166847,1.136425513,0.030395394,-0.034389345,0.204661068,-0.000876247,-0.01694643,-0.01469647,0.012844906,-0.130433767,0.125609083,-0.201273287,1.371933103,-0.006336945,-0.008818553,-0.009092547,0.135811278,0.008545392,-0.074604231,0.082695321,0.358283086,0.543788122,-0.019459843,0.330535459,-0.43138906,-0.52540461,0.55346197,1.370767086,-0.060590227,-0.210824248,-0.154012058,0.062304817,-1.037235997,0.100808469,5,0
24382023,-0.954343914,-1.815987941,-1.303932356,-0.778473238,-0.815562537,-1.269777811,-1.280203737,-0.357033271,-0.254623086,-1.377494063,-2.038331399,-1.117745395,-0.269377987,-1.912405764,-0.267259184,-1.598313375,0.030904579,-0.092640798,-0.930686892,-0.102715071,-0.125238097,-0.109265315,0.076643838,0.059306696,-0.192152179,-0.057102489,0.850807194,-0.007914629,-0.043437864,-0.020638396,-1.093652502,-0.861280156,0.167539309,-0.547042096,-1.378669406,-0.602786228,-0.02395941,-1.004947591,0.231509927,0.268181441,-0.237546877,-0.967219376,0.57627035,4.818912166,-0.724404611,-0.791841618,-0.233827799,-0.108730074,8,0
24382024,-1.087362894,-1.467741232,-1.122379234,-0.709199427,-0.606370069,-1.145971507,-1.155082054,-0.298697909,-0.297088051,-1.332382703,-1.370327581,-0.928596352,-0.250829324,-0.943253793,-0.253918317,-0.179982267,0.118732842,-0.098516387,0.073299672,-0.116248536,-0.129991706,-0.098930197,0.055668574,0.069202187,-0.109142345,-0.048885377,1.200444866,-0.006336945,-0.008818553,-0.011102631,-1.355002876,-1.268581231,-0.1212497,-0.422431065,-0.914873835,-0.156889058,-0.027805233,1.632964464,0.517677978,0.60504774,-0.585490446,-0.84258847,0.738315279,-0.210824248,-0.772803418,-0.927765948,-0.233827799,-0.108730074,8,0
24402023,-0.320716545,-0.472620436,-0.857277363,-0.420074952,-0.587989289,-0.115751125,-0.116775911,-0.352245143,-0.276182451,-0.846483978,-0.092781201,-0.112491672,-0.250197367,-0.960669937,-0.169841228,-0.373876032,0.191091003,-0.096267681,0.227289827,-0.134484299,-0.144959654,-0.15669123,0.081236976,0.103254703,-0.071492146,-0.065472957,0.50125885,-0.017781288,-0.039752631,-0.011106149,-1.137176956,-0.933000451,0.175650046,-1.139027465,0.1203065,0.462888031,-0.028918302,0.224436298,-0.014399524,-0.02853389,0.062962993,0.488827051,0.400759884,-0.210824248,-0.551051619,-0.752094339,-0.233827799,-0.108730074,7,0
24402024,-0.716208233,-0.400150905,-0.798015509,-0.307246506,-0.490681782,-0.115751125,-0.116775911,-0.352245143,-0.299830804,-0.850672562,0.110944957,0.046411481,-0.235547017,-0.804741354,-0.170764422,-0.377405716,-0.417986288,-0.078539512,0.316179518,-0.092995058,-0.098830418,-0.16027333,0.086657764,-0.006082038,-0.026618447,-0.053499371,0.427406912,-0.006336945,-0.008818553,-0.010573824,-0.424963592,-0.416046445,-0.215257431,-1.168592321,-0.014418537,0.321984832,-0.042020843,0.186449289,0.146166139,0.165511949,-0.132932409,0.509245719,0.50226416,-0.210824248,-0.448525726,-0.528069589,-0.233827799,-0.108730074,7,0
24442023,-0.428294417,-0.710329125,-0.906458705,-0.860057687,-0.493654478,-0.513082803,-0.516586301,-0.269000624,-0.278031633,-1.059333182,-0.414479744,-0.388297172,-0.226773389,-0.73135307,-0.169064931,0.080749962,-1.193194055,-0.067719618,0.017290089,-0.077385061,-0.093419442,-0.017386927,0.054909466,-0.007984426,-0.083197921,-0.062512143,0.137805198,-0.051429155,0.297161463,-0.010465818,-0.464114394,-0.458319004,-0.135915886,1.350895189,0.68990316,0.476024355,-0.127987678,0.446162698,0.384061972,0.449723875,-0.424162218,-0.070259557,0.556765895,-0.210824248,-0.383665304,-0.452532875,-0.233827799,-0.108730074,9,0
24442024,-0.037823658,-0.770514553,-0.947891762,-0.879000749,-0.534772643,-0.513082803,-0.516586301,-0.269000624,-0.287764128,-1.081882978,-0.588187273,-0.507189014,-0.231111504,-0.522116937,-0.176358727,0.293052898,0.055890198,-0.093791465,0.017414332,-0.085348261,-0.098986198,-0.031380102,0.107838564,-0.043513393,-0.115207105,-0.074038978,0.718366337,-0.006336945,-0.008818553,-0.010601247,-0.520077958,-0.510117013,0.072285574,0.956057782,0.641642853,0.534228607,-0.050802083,0.686315691,0.343288939,0.401362706,-0.374245468,-0.110362228,0.503000012,-0.210824248,-0.593485776,-0.509886866,-0.233827799,-0.108730074,9,0
24532023,0.20449158,0.24412581,-0.134253227,0.329197997,0.114313893,-0.533818567,-0.537474535,-0.356738469,-0.06496661,-0.351022495,0.441830297,0.172389669,0.036548843,0.933844671,-0.117295181,0.852490949,0.170985664,-0.010270384,0.012168957,-0.00422996,-0.022194131,0.019990499,0.073839077,-0.094222675,-0.490892265,-0.16184951,0.536865261,-0.006336945,-0.008818553,-0.008547716,0.331982233,0.467270355,0.068789239,1.179317254,-0.327278962,-0.12565148,-0.020748193,-0.665251603,0.556811496,0.650002187,-0.632471345,0.55026211,-0.755818232,-0.210824248,0.308563252,0.371779393,-0.872157614,0.083658276,5,0
24532024,0.063145907,0.247627586,-0.128378236,0.325622138,0.106301328,-0.533818567,-0.537474535,-0.356760398,-0.059385423,-0.32280825,0.500902085,0.226965932,0.058995621,0.988704579,-0.114140261,0.847599618,0.05779248,-0.004469381,0.026766431,0.004165089,-0.013715425,-0.036301982,0.073280489,-0.105804125,-0.512797402,-0.150690697,0.622259608,-0.006336945,-0.008818553,-0.008405559,0.343335475,0.496866892,0.099459115,-0.154283917,-0.311757525,-0.286064503,-0.020918783,-0.665251603,0.508998909,0.595332613,-0.575354481,0.566461425,-0.807025866,-0.210824248,0.377438146,0.462905216,-0.842530897,0.081008631,5,0
24552023,0.152787284,-0.317031041,-0.183403577,-0.443753512,-0.272006338,0.210580897,0.210920951,-0.340205861,-0.045392867,-0.016606121,-0.155575638,-0.400261079,-0.060851607,0.211035693,-0.133052515,1.116349005,0.028561309,0.03991793,-0.098434244,0.038982178,0.020027927,0.008580103,0.081107753,-0.135475651,-0.027201605,-0.074892174,2.606882226,-0.006731341,-0.006094758,-0.006781834,0.726000679,0.456966738,0.007574453,-0.055681351,0.426221109,0.467322466,-0.022203726,-0.141693542,-0.470723219,-0.571039592,0.597684792,-0.810958654,-0.159164995,-0.210824248,0.326629601,0.289594996,-0.954191093,0.091512877,5,0
24552024,0.418115027,-0.223184126,-0.182416637,-0.487507273,-0.394183048,0.210580897,0.210920951,-0.340205861,-0.008957845,0.056007228,-0.030626762,-0.30468147,-0.030714294,0.197480684,-0.104001649,1.07040497,0.028561309,0.074561125,-0.158700447,0.094261994,0.074676122,0.07978985,0.085975641,-0.211448864,-0.192098291,-0.137653818,2.617866467,-0.006336945,-0.008818553,-0.004527631,1.436579047,0.979482576,0.027472671,0.487079498,0.661874478,0.600452899,-0.022721192,-0.388577666,-0.742293233,-0.874676024,0.888175096,-0.674583665,-0.489884399,-0.210824248,0.552197117,0.620746071,-0.911896422,0.087353441,5,0
24622023,0.030295599,0.051079812,-0.032832532,0.08778954,0.031351586,-0.057010908,-0.025898748,-0.144244883,-0.023536305,-0.020065756,0.099818202,-0.042701092,-0.145288377,-0.090966889,-0.121705203,0.404600874,0.306384933,-0.019191644,0.076244077,-0.013425421,-0.030789727,-0.034236398,0.018565342,0.09940487,0.06702801,-0.056036908,0.655038052,-0.003970896,-0.005192425,-0.008975763,0.140761487,0.110655787,-0.013017585,0.250929486,-0.123129558,0.15964178,-0.020206539,-0.287932572,0.020028227,0.013328215,0.02090465,-0.370261618,0.011151314,-0.210824248,0.021510876,0.063713405,-0.298907846,0.040080242,6,0
24652023,-0.596222064,-0.253262537,-0.685895508,-0.044473731,-0.233958671,-0.774100212,-0.779681606,-0.124552888,-0.315615899,-1.03184021,0.159758071,0.016732744,-0.146892753,0.417669134,-0.185276542,0.775928612,-0.58359037,-0.103489852,0.349904383,-0.138928616,-0.145205442,-0.092086316,0.087972434,0.040904654,-0.283546954,-0.068948727,1.628953935,-0.018176187,-0.008818553,-0.010969197,-1.108490255,-1.315508751,-0.17804584,-0.441010393,-0.377232825,-0.872252509,-0.029588908,0.284768666,0.784137466,0.902646074,-0.898954098,0.447533327,0.085522245,-0.210824248,-0.733212969,-1.024708234,-0.233827799,-0.108730074,8,0
24682023,-0.430478324,-0.581036852,-0.925563446,-0.465170847,-0.706788927,-1.039124898,-1.0471556,-0.305291509,-0.153325177,-0.845889676,-0.250170841,-0.28015542,-0.212218955,-0.779382557,-0.184202353,0.227356248,0.028561309,-0.049365447,-0.599285495,-0.052449971,-0.073104642,-0.029960138,0.09025713,-0.076883898,-0.721276902,-0.106105224,0.329825617,-0.005942564,-0.016537597,-0.007820353,0.036180386,-0.011379338,-0.005733981,1.434014421,0.040829832,-0.258631754,-0.02150246,-0.883454209,-0.202009418,-0.254336465,0.287880537,0.466249979,-0.90731198,-0.210824248,-0.065624343,-0.06283205,-0.510109926,0.054829843,7,0
24682024,-0.103150413,-0.514521228,-0.862746115,-0.379976872,-0.613353634,-1.039124898,-1.0471556,-0.305291509,-0.150930045,-0.829924353,-0.276844669,-0.295524683,-0.216985236,-0.820474787,-0.183216837,0.227356248,0.028561309,-0.052952334,-0.945298346,-0.05436288,-0.075514083,-0.023406105,0.096888314,-0.063920868,-1.938877275,-0.130610776,-0.294406113,-0.006336945,-0.008818553,-0.004432139,0.036180386,-0.020990026,0.527385512,1.608403149,-0.043287,-0.110749847,-0.022661696,-1.205425585,-0.073508498,-0.099872215,0.134377256,0.566501825,-1.726119046,-0.210824248,-0.127028408,-0.093608074,-1.02057907,0.098765862,7,0
24712023,-0.14999036,-0.738517943,-1.239185125,-0.83965381,-0.953383537,-1.665416764,-1.680488907,-0.248964986,-0.18101274,-1.124972244,-0.904993396,-0.811833501,-0.198729617,-0.519586661,-0.174497718,0.507898884,-0.282160715,-0.046991186,-1.120248906,-0.03198924,-0.053264608,-0.05501343,0.096229965,-0.065140186,-1.938877275,-0.164915189,1.280275787,-0.007125754,-0.016432971,0.008840376,1.10154863,0.867455584,0.079567708,-0.234381343,0.607738153,0.733160224,-0.023234426,-1.391803372,-0.269120601,-0.334374499,0.366808016,2.271500508,-1.726119046,-0.210824248,0.141641776,0.559271549,-0.943795862,0.090464895,6,0
24712024,-0.088546525,-0.775898803,-1.247034392,-0.831340034,-0.980110738,-1.665416764,-1.680488907,-0.246889902,-0.180080674,-1.115421005,-0.879195336,-0.796322314,-0.197141851,-0.520111042,-0.1802535,0.467578539,0.134003986,-0.045214181,-1.169278027,-0.033091096,-0.054388151,-0.055232049,0.12735936,-0.070896633,-1.938877275,-0.157287947,1.280275787,-0.006336945,-0.008818553,0.011418031,0.973842747,0.742919166,0.006004218,-0.383677779,0.535615003,0.644593598,-0.023245646,-1.391803372,-0.320521488,-0.39553892,0.426838033,1.285304284,-1.726119046,-0.210824248,0.185515728,0.534885151,-0.981704456,0.094385225,6,0
24822023,-0.059880115,-0.751208293,-1.079989286,-1.005938195,-1.202225726,-0.88125191,-0.887783499,-0.254639631,-0.173926097,-0.770459772,-0.566679138,-0.652112258,-0.149375114,-0.105287691,-0.1663263,0.44114346,0.300078998,-0.022373107,-0.907154481,-0.021779595,-0.042921082,-0.031490123,0.092932308,-0.059077555,-1.236502296,-0.143097289,1.363144815,-0.007125754,-0.017271442,0.002219565,2.018899525,1.234291189,0.14807824,0.788072419,0.918307107,0.80092333,-0.023100394,-1.314953382,-1.025227658,-1.165335264,1.159744295,0.742683668,-1.603282522,-0.210824248,0.31443117,0.337209592,0.426564184,-0.005929362,7,0
24822024,-0.040817206,-0.876255783,-1.219832522,-1.419447055,-1.590273302,-0.88125191,-0.887783499,-0.254639631,-0.176004286,-0.818307036,-1.115176792,-0.923127399,-0.21288038,-0.355558679,-0.166512106,0.388293005,-1.879636345,-0.076758191,-1.009269734,-0.06108267,-0.082292093,-0.069481734,0.118050317,-0.04934596,-1.938877275,-0.142171634,0.89210764,-0.006336945,-0.008818553,-0.005413362,-0.327012104,-0.350219205,0.201996161,-0.41857531,1.49375011,1.362577133,-0.022767537,-1.352979564,-1.511129517,-1.590657003,1.543961961,0.723995402,-1.726119046,-0.210824248,-0.478749269,-0.224996342,-0.613538828,0.062470839,7,0
24832023,-0.068550186,-0.569432556,-0.254628457,-0.250363324,-0.20106613,-0.41925529,-0.422096826,-0.212680128,-0.06510898,-0.187538322,-0.423753386,-0.410811495,-0.216125446,-0.388759172,-0.212835208,0.435054926,0.028561309,-0.079104195,0.103712282,-0.068605156,-0.085336961,-0.046717913,0.057732503,-0.077811983,0.144820029,-0.049301785,-0.003384343,-0.023311618,-0.307466668,-0.0102742,-0.328140504,-0.334547441,-0.111709563,0.097270068,-0.4576862,-0.045444426,-2.37E-05,0.686315691,-0.159917307,-0.204135251,0.238161558,-0.871111354,0.288847554,-0.210824248,-0.469787614,-0.364432653,-0.997510596,0.096112858,6,0
24832024,-0.535654815,-0.67395506,-0.268658263,-0.308869739,-0.233231934,-0.41925529,-0.422096826,-0.212680128,-0.063312426,-0.182869715,-0.420163155,-0.402932273,-0.219612128,-0.346733987,-0.220664503,0.426828739,0.028561309,-0.090887684,0.046762758,-0.068283515,-0.085591807,-0.043517968,0.039904004,-0.08386958,0.070700629,-0.04429829,-0.210527625,-0.006336945,-0.008818553,-0.010245482,-0.261910458,-0.282226401,-0.107525039,0.180610373,-0.503906794,-0.145520897,-0.003537912,0.566173559,-0.216785871,-0.272331776,0.305662868,-0.923621882,0.144899972,-0.210824248,-0.557260267,-0.360827897,-0.874055608,0.08383086,6,0
24842023,0.30102528,-0.118571919,-0.061811133,-0.4866845,-0.431488934,0.044224776,0.043948438,0.026397577,-0.02431262,0.238712346,-0.245348772,-0.367371158,-0.143626541,-0.157451719,-0.07399782,0.584244804,0.013878459,-0.011516452,-0.091075139,-0.001384144,-0.020118195,-0.007141648,0.083152025,-0.211158651,-0.281702321,-0.134305293,0.329825617,-0.005548199,0.000857066,-0.008012989,0.340811597,0.109343217,-0.012058918,-0.093638703,0.8166862,0.65786679,-0.02122069,-0.194551332,-1.003551829,-1.144133387,1.140164879,-0.110795299,-0.739915347,-0.210824248,0.046939462,0.111618232,-0.211529334,0.034227947,5,0
24842024,0.011384841,-0.216951109,-0.20315262,-0.636933234,-0.728706252,0.044224776,0.043948438,-0.003263777,-0.024359068,0.153447215,-0.293800092,-0.354151978,-0.183114653,-0.218183608,-0.086837158,0.561415193,0.025994578,-0.049996464,-0.345636321,-0.031990707,-0.051929397,-0.0383534,0.082206163,-0.154526285,-0.534714199,-0.124133261,0.091992402,-0.006336945,-0.008818553,-0.007847954,-0.68342971,-0.558865331,-0.020317703,-0.196138951,0.959104038,0.677112487,-0.021512079,-0.665251603,-1.341815812,-1.454079519,1.422463434,-0.162050157,-1.065632864,-0.210824248,-0.24781544,-0.108970506,-0.485984616,0.053092855,5,0
24852023,0.795252297,0.502864156,0.347844269,0.224501139,0.022158685,0.75458702,0.755688225,-0.07054859,0.127271555,0.616133875,0.375638231,0.238560149,-0.155514753,0.421029877,0.074566444,1.068821729,0.398909851,-0.122244348,-0.223154777,-0.208554058,-0.23337591,0.116364436,0.052074728,-0.022682021,-0.302891157,-0.232912698,-0.183353814,-0.009887101,-0.046050787,-0.016083746,-0.758572818,-0.624840295,-0.032228321,1.122140268,0.390716337,0.371228701,-0.024406579,-0.85445211,-0.742561269,-0.874676024,0.888175096,-0.218166938,-0.964298785,-0.210824248,-0.522194807,-0.735611636,-0.233827799,-0.108730074,6,0
24852024,0.563351339,0.266111554,0.174493583,-0.119262068,-0.330983531,0.75458702,0.755688225,-0.07054859,0.031749064,0.517482724,-0.176721343,-0.108947839,-0.378550709,0.218098271,0.022756691,0.868556508,0.233173454,-0.39809481,-0.009259864,-0.436790462,-0.473364406,0.006836807,-0.051228909,-0.118573281,-1.204755143,-0.283055129,-0.602076308,-0.006336945,-0.008818553,-0.019847612,-1.231027425,-0.889768487,0.024690646,0.358099287,0.691577348,0.576963388,-0.024079773,-1.102267789,-1.165318823,-1.298372179,1.281723425,-0.279729472,-1.686039657,-0.210824248,-1.21672922,-1.283252911,-0.233827799,-0.108730074,7,0
24882023,0.184584865,-0.099616128,-0.430308316,-0.560433254,-0.553922571,-0.84262851,-0.848811235,-0.3257994,0.018815504,-0.211506213,-0.215879295,-0.343196711,-0.141529773,-0.361400672,-0.060017362,0.4808152,-0.656351893,0.005926923,-1.1796529,0.021413113,-1.21E-05,0.017420685,0.087652874,-0.08884123,-1.023522493,-0.261549593,0.020943367,-0.007520183,-0.017481591,0.036702212,0.826053412,0.496866892,0.126800214,0.859974571,0.9828393,1.050234514,-0.02331923,-1.314953382,-0.683335548,-0.810237862,0.827085562,0.69192462,-1.521069756,-0.210824248,0.713334655,0.893419491,-0.292980814,0.039679298,5,0
24882024,-0.02319803,-0.03489432,-0.328155439,-0.426019284,-0.45434782,-0.84262851,-0.848811235,-0.32570904,0.046353274,-0.120499766,-0.044106585,-0.206968373,-0.12069139,-0.182923731,-0.054196795,0.559366566,0.028561309,0.015605446,-1.122762465,0.038925433,0.017464138,-0.00305493,-0.010155567,-0.081936649,-0.942432555,-0.262364983,0.48313129,-0.006336945,-0.008818553,0.035521969,1.264516253,0.827706357,0.156629931,0.377503261,0.824133178,0.94435259,-0.02331923,-1.314953382,-0.634156992,-0.756371589,0.775783519,0.793285776,-1.465385495,-0.210824248,0.855128809,1.122015076,-0.211833735,0.034248128,5,0
24912023,-1.731597257,-0.749304136,-1.245905591,-1.522003053,-1.700910937,-0.807206597,-0.813075664,-0.292319639,-0.253379669,-0.823668637,-1.769883987,-1.10674654,-0.253667965,-0.749802389,-0.147441639,0.33514509,0.05518459,-0.117249488,-0.732230992,-0.06091153,-0.081813584,-0.087699137,0.104628482,-0.032440308,-1.182381779,-0.148494125,-0.323177603,-0.00830909,-0.018641349,-0.008062372,0.045966218,-0.141445549,-0.548560631,-0.400525604,1.790403954,1.559224663,-0.021731424,0.58324289,-1.651719125,-1.694576089,1.635073892,1.392804746,-1.554840922,4.818912166,-0.880461312,-0.232384827,2.062557674,-0.108730074,9,0
24912024,-1.363149631,-0.799811627,-1.25997327,-1.416106556,-1.63118237,-0.807206597,-0.813075664,-0.292319639,-0.266245408,-0.853288819,-1.74668355,-1.130090562,-0.248795477,-0.738688263,-0.156993724,0.381408836,-0.072469776,-0.108795291,-0.993201433,-0.105897479,-0.128743538,-0.073642301,0.11327604,-0.028843806,-1.182381779,-0.143581325,-0.381988084,-0.006336945,-0.008818553,-0.025036865,-0.771160018,-0.594083501,-0.40897169,-0.159494962,1.573667105,1.336748025,-0.023886216,-1.391803372,-1.529936512,-1.605178604,1.556765758,1.021712899,-1.550483393,4.818912166,-0.795106045,-0.720721946,-0.233827799,-0.108730074,9,0
24932023,0.287905172,0.214108304,-0.110278395,0.050340414,-0.092743606,-0.357666171,-0.360098435,-0.16761997,-0.015872829,-0.036886704,-0.007270985,-0.264991088,-0.041201304,-0.120072712,-0.041802078,0.10397062,0.265243577,0.096667909,-1.564284614,0.10531564,0.083453381,0.042274559,-0.018507948,-0.09727891,-0.492172004,-0.264226837,1.371933103,-0.007520183,-0.01064937,0.289943835,1.419188887,1.211035531,0.031241967,0.658326317,0.255595374,0.380289107,-0.023369376,-1.391803372,-0.162144332,-0.206774522,0.240779568,0.048014241,-0.917488833,-0.210824248,1.329999991,1.302098234,-0.79860812,0.077215066,5,0
24932024,0.196726746,0.080844818,-0.212997181,-0.221170946,-0.383016338,-0.357666171,-0.360098435,-0.16761997,0.002727807,0.006329728,0.051982247,-0.203427895,-0.038169175,-0.046792461,-0.04189019,0.181830239,-1.088085099,0.093369691,-1.494021002,0.103430194,0.081585527,0.025396429,0.079184154,-0.216557509,-0.908663349,-0.226385864,1.813303958,-0.006336945,-0.008818553,0.219412131,1.538461978,1.16678828,0.039879514,0.071389216,0.599883427,0.648417705,-0.023369376,-1.170359437,-0.668951701,-0.794440645,0.812062351,0.029480532,-1.461771738,-0.210824248,1.296151414,1.284862892,-0.360423282,0.044279112,5,0
24952023,-0.584131939,0.540960709,0.130230462,0.255071695,0.034671315,0.613582685,0.614682015,-0.288198388,-0.026231701,0.265780547,-0.589084955,-0.716739075,-0.132010363,0.125806914,0.091574367,0.942622303,0.059569394,-0.027486047,0.34815125,-0.012867366,-0.026900439,-0.037455467,-0.007140978,0.018818597,0.335895586,-0.378448284,0.536865261,0.001153645,-0.016851786,-0.009569016,0.037402932,-0.050334757,0.010949155,-0.064248351,0.393795104,0.671545505,-0.016692212,1.302273587,-0.313214985,-0.387018041,0.418490132,0.732219477,0.256350199,-0.210824248,-0.202416859,-0.152258888,-0.714271837,0.070286681,5,0
24962023,-1.000897195,-1.809053848,-1.305050207,-0.803539765,-0.997370585,-3.452128503,-3.495524738,-0.180569541,-0.167172681,-1.18861397,-0.964074526,-0.898639098,-0.188011445,-0.392088515,-0.264743946,-1.598313375,0.028561309,-0.04284155,-0.818874579,-0.046843626,-0.067863346,-0.039728679,0.065400626,-0.055597416,-1.938877275,-0.109867933,-0.104084326,-0.007125754,-0.012082258,-0.004803738,0.537896285,0.388559581,0.249669056,1.305848079,-1.289962357,-0.241292521,-0.022687263,-1.391803372,-0.265450239,-0.330126375,0.362629452,-0.037126153,-1.726119046,-0.210824248,1.122127616,1.078727188,-0.855101127,0.082123022,6,0
24962024,-0.79194893,-1.594194937,-1.260285594,-0.775716664,-0.974210333,-3.452128503,-3.495524738,-0.179862189,-0.161183379,-1.139935822,-0.909413242,-0.886531685,-0.178176774,-0.313680712,-0.255805639,-1.598313375,0.028561309,-0.037320978,-0.85028664,-0.038660313,-0.059721441,-0.03872473,0.087325233,-0.06318277,-1.938877275,-0.119616614,0.408372117,-0.006336945,-0.008818553,-0.002724918,0.740259833,0.552158593,0.254792605,1.077586858,-0.963735765,-0.064892842,-0.022896121,-1.391803372,-0.284277806,-0.352438808,0.384563177,0.027559189,-1.726119046,-0.210824248,1.446440052,1.498606865,-0.770265923,0.074839736,6,0
24972023,0.177183855,0.015270525,-0.219655181,-0.010681585,-0.024243975,-0.26855394,-0.270430166,-0.111986183,-0.141689068,-0.32162506,0.072063974,-0.116344287,-0.0982419,0.32522417,-0.109879383,0.973643524,0.322206234,-0.017470078,0.335462872,-0.015819829,-0.030030177,-0.005884305,0.062502736,0.009512935,0.139418897,-0.053415238,1.568028053,-0.001211212,0.014381374,-0.009587386,0.24155997,0.265411705,-0.118722582,0.589185196,0.038622165,0.101142273,-0.016622855,0.446162698,0.287780436,0.335371157,-0.306370647,-0.258305423,0.391646029,-0.210824248,0.113099605,0.128345767,0.04975257,0.017342203,7,0
26112023,0.065677887,-0.128914487,-0.258355756,-0.884379114,-0.571450173,0.234494881,0.234909526,-0.336484631,-0.087109468,0.031471699,-1.094539464,-0.827540657,-0.235565907,-0.717816461,-0.042629982,-1.598313375,0.054202477,-0.085012939,-0.006200241,0.026471075,0.008223683,-0.080657912,0.228037109,-0.010998824,-0.411957882,-0.25594478,-0.294406113,-0.017386408,-0.033991803,-0.007715271,1.33240608,0.780300063,-0.011971736,-0.231590688,1.501317172,1.559642449,-0.021974772,0.640367111,-0.980966607,-1.1218522,1.119548432,1.193413176,-0.828765573,-0.210824248,-0.459707073,0.200526675,-0.999548796,0.09634049,8,0
26112024,0.328896428,-0.040052234,-0.211865779,-0.813859309,-0.392421473,0.234494881,0.234909526,-0.320397194,-0.099829201,0.013041449,-1.029545043,-0.81504398,-0.22640293,-0.641471335,-0.018791607,-1.598313375,-0.044403233,-0.073787385,-0.018608839,-0.002430949,-0.02064591,-0.06370105,0.307251437,-0.116998816,-0.265517198,-0.257020962,0.182427521,-0.006336945,-0.008818553,-0.00837851,0.753232725,0.404248683,-0.092641952,-0.750655029,1.496666852,1.491709781,-0.021347665,0.566173559,-0.690982166,-0.818960117,0.835372587,1.237542447,-0.584787998,-0.210824248,-0.412579139,0.026252744,-1.09320611,0.109508076,8,0
26302023,-0.747887076,0.283957756,-0.029840768,-0.005389067,-0.073312492,0.344325081,0.345035731,0.1495407,-0.19505341,0.083581802,0.249508517,0.145788036,-0.19990107,-0.519535697,0.006947091,-0.646976873,0.115349328,-0.04828521,0.4099056,-0.058996675,-0.071561095,-0.147219908,0.045378638,0.157086432,0.104764199,-0.029061164,1.168874035,0.022021839,0.376586538,-0.010219351,-0.244550526,-0.243804527,-0.252095056,-0.543920981,0.492260568,-0.026031016,0.004584935,0.307918598,-0.272276183,-0.338623498,0.370986245,0.404875254,-0.001341389,-0.210824248,-0.270464406,-0.338088995,-0.824474652,0.079431186,7,0
26422023,0.240213255,-0.484191465,-0.228152412,-0.300875624,-0.048498367,-0.596202257,-0.600330228,-0.177721137,-0.147926883,-0.30603499,0.145396858,0.014391979,-0.160082301,0.013189502,-0.188959622,-1.598313375,0.025864195,-0.045858397,0.063727869,-0.048922187,-0.066233923,-0.030714299,0.082406954,-0.118460365,-1.938877275,-0.162626488,-0.05304363,0.001153645,0.010465775,-0.009762423,0.048414616,0.074014932,0.146168472,0.061719648,-0.177454743,0.385821501,-0.014217454,-1.391803372,0.228911627,0.265076235,-0.234373061,0.137675829,-1.726119046,-0.210824248,-0.105036209,-0.112882728,-0.750522983,0.073214517,5,0
26422024,0.047784856,-0.634623016,-0.243705051,-0.34753275,-0.019103603,-0.596202257,-0.600330228,-0.177721137,-0.160653253,-0.380355374,0.122333468,0.019901198,-0.191481507,-0.035914491,-0.208690853,-1.598313375,0.06760385,-0.082137308,0.069958026,-0.082747082,-0.095690325,-0.038896743,0.065096279,-0.102983061,-1.938877275,-0.141947296,-0.294406113,-0.006336945,-0.008818553,-0.010538812,-0.634024921,-0.609510582,0.100177601,0.077038954,-0.334171661,0.278619557,0.243661133,-1.391803372,0.366719551,0.429155015,-0.402913584,-0.00287661,-1.726119046,-0.210824248,-0.507553008,-0.494704137,-0.233827799,-4.373092698,5,0
27012023,-0.638159969,-0.430812386,0.427643584,-1.44342454,-0.382416283,1.057602406,1.058199566,-0.360415997,0.157094453,0.855204848,-1.525002563,-1.171684547,-0.225463994,-2.393881061,-0.094982729,0.227356248,0.028561309,-0.033846004,-2.371192461,-0.012373543,-0.033820442,-0.050205679,0.112871285,-0.052941732,-1.938877275,-0.248245842,-0.960478236,-0.007520183,-0.014350937,-0.009418755,0.20659959,-0.042698618,-0.000630913,-0.156519382,2.000035415,2.13843952,-0.02337644,-1.391803372,-1.60932992,-1.664088132,1.608469168,1.466947986,-1.726119046,-0.210824248,-0.291494178,-0.254955432,0.040626871,0.017919288,6,0
27012024,-0.742158745,-0.390847068,0.445822478,-1.491397353,-0.368901158,1.057602406,1.058199566,-0.360415997,0.171096876,0.875243674,-1.53902458,-1.186394066,-0.225220393,-2.323729046,-0.085294127,0.227356248,0.028561309,-0.034066196,-2.371192461,-0.015147315,-0.036588841,-0.054845781,0.088885127,-0.060713877,-1.938877275,-0.256780037,-1.12068848,-0.006336945,-0.008818553,-0.009418755,-0.011341755,-0.171082681,0.009605551,-0.199019831,2.103382647,2.250568345,-0.02337644,-1.391803372,-1.611740869,-1.666429438,1.610516042,1.479755393,-1.726119046,-0.210824248,-0.292257156,-0.262446495,-0.0169253,0.021577543,6,0
27042023,1.211605712,1.260768935,1.171196197,0.180906414,0.605829643,0.88413484,0.885108122,0.681281616,0.45111082,1.593041944,-0.642697611,-0.618360192,-0.194007846,0.292425357,1.045347639,-1.598313375,0.028561309,-0.162109164,0.518497009,0.065645091,0.054153581,0.329964487,-0.013103829,-0.138445886,-1.938877275,-1.582695809,-0.602076308,-0.014228029,-0.038295686,-0.009087123,3.491928032,2.353285219,-0.076203328,0.751377913,1.639313746,1.73717902,-0.01879569,-1.069203664,-0.973652137,-1.114618779,1.112846638,1.264141407,-1.726119046,-0.210824248,-0.589315948,0.03759134,-0.590875783,0.0607671,6,0
27042024,1.165376938,1.503865468,1.374260588,0.349121097,0.663363605,0.88413484,0.885108122,0.681281616,0.573475572,1.877172703,-0.631031603,-0.607247924,-0.194934183,-0.091858313,1.599416535,-1.598313375,0.028561309,-0.07926015,0.485858062,0.175030117,0.162107928,-0.030665944,0.128366932,-0.183302705,-1.938877275,-2.191121511,-1.039270233,-0.006336945,-0.008818553,-0.008020386,3.307784028,2.060490486,-0.098619531,-0.21542377,1.723833361,1.799682519,-0.021405908,-1.314953382,-1.219304313,-1.347011439,1.325929436,1.352916504,-1.726119046,-0.210824248,-0.412299564,0.38274811,1.314742658,-0.059085989,6,0
27062023,-0.588363429,-0.018513966,0.567901759,-1.432010686,-0.265181882,1.142876493,1.143198576,-0.296295497,0.265826669,1.008263928,-1.441840112,-1.206196708,-0.213312018,-2.511090121,0.016529982,0.227356248,0.028561309,-0.020126325,-0.827911974,0.00502324,-0.016099714,-0.046234458,0.097273229,-0.068539609,-1.938877275,-0.361759936,-0.63545589,-0.007125754,-0.017586746,0.004251997,0.069256818,-0.124029388,0.010772306,-0.183804442,2.371560133,2.558493789,-0.023158515,-0.074614845,-1.609932136,-1.664673398,1.608980892,1.517817672,-1.726119046,-0.210824248,-0.266174723,-0.228050804,-0.122711772,0.028395359,6,0
27062024,-0.845533566,-0.00305926,0.58917384,-1.561294088,-0.249607077,1.142876493,1.143198576,-0.296295497,0.279650206,1.03213014,-1.420949615,-1.199054066,-0.211671398,-2.423485902,0.025120059,0.227356248,0.028561309,-0.018901797,-0.804118013,-0.001379422,-0.02245663,-0.051712182,0.082831181,-0.071950201,-1.938877275,-0.367233086,-0.922030643,-0.006336945,-0.008818553,0.002374275,0.063121085,-0.127769043,0.019938637,-0.21542377,2.532032454,2.761080641,-0.023119876,-0.042444159,-1.613552736,-1.667600333,1.611539457,1.530885929,-1.726119046,-0.210824248,-0.262898135,-0.243897398,-0.269753687,0.03811384,6,0
27122023,-1.842761394,-2.987972987,-1.036723854,-1.172398018,-0.961233677,-0.469203701,-0.4723919,-0.276381962,-0.208780106,-0.828020231,-1.057633699,-0.835090104,-0.225933933,-1.011433086,-0.273478709,-1.598313375,0.028561309,-0.056054802,-0.441573051,-0.06083999,-0.081067981,-0.054731128,0.070817159,-0.047031159,-0.387228589,-0.061916685,1.628953935,-0.003182339,-0.0023026,-0.009281885,-0.089811075,-0.164316222,-0.023971059,0.146146408,-2.439019914,-1.257661611,-0.018427736,0.686315691,-0.61036619,-0.729774622,0.750374854,-1.46082865,-0.277396179,-0.210824248,-0.24781544,-0.27282557,-0.938815424,0.089969154,7,0
27122024,-1.493967756,-2.818262429,-1.030352273,-0.944069317,-0.743904302,-0.469203701,-0.4723919,-0.276381962,-0.259529229,-0.981444615,-1.422428914,-0.886871132,-0.272714533,-1.102120647,-0.284132392,-1.598313375,0.028561309,-0.123015971,-0.327070849,-0.147120831,-0.169190825,-0.095829332,0.073691725,0.054902274,-0.174529127,-0.051014576,1.371933103,-0.006336945,-0.008818553,-0.014303268,-1.195237219,-0.947465412,-0.072754045,-0.461408068,-2.914014165,-1.19760253,-0.02485181,1.383701997,-0.106073402,-0.139308571,0.173715176,-1.553922114,0.286116973,-0.210824248,-0.81439222,-0.959657475,-0.233827799,-0.108730074,8,0
27222023,-0.908615263,-1.476479061,-0.541022933,-0.830959415,-0.684924438,-0.316380493,-0.318549787,-0.241618763,-0.142102118,-0.297906564,-0.964026386,-0.8609018,-0.198175511,-0.428490921,-0.245087751,-1.598313375,0.028561309,-0.051656928,-0.239865695,-0.05270074,-0.072124602,-0.053135492,0.044363849,-0.015906879,-0.266697576,-0.084378389,1.843136622,-0.001999617,-0.003594791,-0.009323654,0.031292171,-0.098367855,0.136058575,-0.018017403,-0.599416719,0.096933246,-0.018178299,0.566173559,-0.784084212,-0.919610675,0.930590308,-0.550191862,-0.393925002,-0.210824248,-0.217827968,-0.207760513,0.618374157,-0.017483274,6,0
27222024,-0.422641485,-1.120929496,-0.375449173,-0.773815079,-0.61105761,-0.081447508,-0.082299285,-0.044684212,-0.149936615,-0.10822309,-1.080861312,-0.869388974,-0.220484231,-0.41602544,-0.222827007,-1.598313375,0.135946891,-0.084660891,-0.012523572,-0.081630654,-0.095951498,-0.070012041,0.021896803,0.181704286,-0.314020183,-0.115220703,0.89210764,-0.006336945,-0.008818553,-0.010545709,-0.726496611,-0.597177036,0.083189439,-0.199019831,-0.135301308,0.391264287,-0.077705567,1.093356691,-0.884625927,-1.024796497,1.029271762,-0.382767457,-0.593271105,-0.210824248,-0.481066719,-0.46766809,2.062557674,-0.108730074,6,0
27482023,0.042712509,-0.301590231,-0.110459233,-0.40629028,-0.040299852,-0.459506522,-0.462626394,0.177559216,-0.145549535,-0.088318747,-0.244093566,-0.402600787,-0.118987747,0.03653045,-0.134108142,-1.598313375,0.028561309,-0.002992406,0.177035158,0.0009344,-0.01546512,-0.058606634,-0.002997756,-0.093021072,-0.19298702,-0.161261315,1.389270661,-0.004365199,-0.01249316,-0.00898648,0.311825686,0.364057767,0.099882814,-0.235078103,0.371377407,0.444559214,-0.019545096,-0.347395401,-0.016358541,-0.030628949,0.065064931,-0.680609391,-0.399526902,-0.210824248,0.353808923,0.384761194,-0.598199881,0.06131575,5,0
27482024,0.125039337,-0.251096007,-0.104393131,-0.422103515,-0.066339976,-0.459506522,-0.462626394,0.177559216,-0.128361946,-0.05121448,-0.22087127,-0.387740189,-0.113831239,0.064149754,-0.119351543,-1.598313375,0.028561309,-0.000342608,0.09041225,0.012993986,-0.004361195,-0.002533746,0.081440555,-0.115034915,-0.192656386,-0.163187812,0.778875729,-0.006336945,-0.008818553,-0.008468342,0.400260855,0.324051236,0.041029191,0.197914577,0.485303093,0.479045769,-0.020743151,-0.640048746,-0.102593256,-0.13509874,0.169520635,-0.608124646,-0.423023298,-0.210824248,0.383515703,0.508452997,-0.29713097,0.039959978,5,0
29012023,-0.318333723,-1.660963059,-1.606624782,-2.03772662,-1.942435831,-0.975016221,-0.982424129,-0.359029281,-0.201604477,-1.160078472,-1.971898426,-1.368493667,-0.24187989,-1.461563664,-0.217310118,-1.598313375,0.028561309,-0.062408818,-1.594780318,-0.065984171,-0.087402673,-0.067141961,0.09606029,-0.029486799,-1.938877275,-0.115692941,1.439441508,-0.007520183,0.014381374,0.012997626,-0.058539976,-0.199205481,0.124903646,-0.012488986,1.657398958,1.779045246,-0.0232531,-1.391803372,-1.631231298,-1.679904546,1.622284413,-0.313472182,-1.726119046,-0.210824248,-0.293529261,-0.29060336,-0.926575505,0.08876705,6,0
29012024,-0.296197548,-1.636214484,-1.610936025,-2.132731913,-1.984907205,-0.975016221,-0.982424129,-0.359029281,-0.201033633,-1.156489774,-1.970648319,-1.377239313,-0.24147236,-1.424178736,-0.215171802,-1.598313375,0.028561309,-0.062694319,-1.71085732,-0.065425913,-0.086852149,-0.068074059,0.095602444,-0.032478729,-1.938877275,-0.116928993,1.487004282,-0.006336945,-0.008818553,0.028927277,-0.057334044,-0.199205481,0.120427399,-0.112022388,1.827349329,1.949316026,-0.023304689,-1.391803372,-1.689382948,-1.721051274,1.658089126,-0.288802958,-1.726119046,-0.210824248,-0.298368771,-0.281431199,-0.960334732,0.092141213,6,0
29042023,-1.60323776,-2.676806262,-0.969405693,-1.298546672,-0.769110575,-0.88214939,-0.88868917,-0.295418717,-0.17110057,-0.86222617,-1.294695762,-0.934564732,-0.239148928,-1.728208061,-0.262764672,-1.598313375,0.028561309,-0.055050968,-0.087052416,-0.05638981,-0.074890655,-0.038520561,0.106768976,-0.101343527,-0.287392016,-0.058941369,0.091992402,0.003517977,-0.000620401,-0.009764423,-0.03074588,-0.071262514,-0.012529613,0.413043601,-1.413277648,-0.362223766,-0.014065867,1.213277717,-0.280204083,-0.347655533,0.379863869,-1.113107382,-0.048116631,-0.210824248,-0.185077487,-0.155231778,-0.515012475,0.055184745,6,0
29042024,-0.970709442,-2.224863743,-0.948915726,-1.399513524,-0.799645018,-0.88214939,-0.88868917,-0.295418717,-0.162131216,-0.807765909,-1.230530303,-0.936651726,-0.229118363,-1.694890835,-0.249402229,-1.598313375,0.028561309,-0.044694183,-0.136601417,-0.044960887,-0.06383114,-0.032340555,0.079438223,-0.051882056,-0.291137284,-0.064343058,-0.078388004,-0.006336945,-0.008818553,-0.009265241,0.342073469,0.201890863,0.00024754,0.517870429,-0.359569501,0.249375668,-0.018427736,1.038010943,-0.388515874,-0.475600412,0.505036063,-0.949754182,-0.094971584,-0.210824248,-0.025447359,0.010618385,-0.543389581,0.057252392,6,0
29102023,-1.278539887,-0.877591428,-0.012035734,-0.343963637,0.176014171,0.152303307,0.15244668,-0.307102338,-0.105043051,-0.168939357,-1.032261698,-0.95901269,-0.188459171,-0.73192047,-0.243331319,0.227356248,0.028561309,-0.025434709,0.467920669,-0.024316152,-0.036160501,-0.032109839,0.101094771,-0.113311583,0.431585696,0.010196015,0.778875729,0.003517977,-0.01218492,-0.009861376,0.020305305,0.102129261,0.274262872,0.223542675,-0.798403791,-0.234953876,-0.013234768,1.807540418,0.440921368,0.515955469,-0.492765632,-0.449498237,0.827453418,-0.210824248,-0.088223502,-0.085101427,2.062557674,-0.108730074,7,0
29102024,-1.36000603,-1.038947162,0.042543051,-0.518019013,0.226048066,0.152303307,0.15244668,-0.360415997,-0.0770607,-0.124574081,-1.105682836,-1.065308295,-0.182729848,-0.717645797,-0.238746132,0.227356248,0.028561309,-0.019824826,0.484406314,-0.015633922,-0.027223395,-0.012214084,-0.024810912,0.048393133,0.473435987,0.023786702,0.427406912,-0.006336945,-0.008818553,-0.009790489,-0.013770288,0.040853388,0.400426178,0.285099503,-0.638056339,-0.035957681,-0.01253622,1.859525827,0.472157749,0.552854684,-0.531107655,-0.276386175,0.86626755,-0.210824248,-0.04914228,-0.02774473,-0.827802134,0.079719913,7,0
30022023,-0.341280442,-0.539354618,-1.009318346,-1.513578607,-1.058767994,-0.507470733,-0.510933348,-0.341721062,-0.179198184,-0.741413332,-1.111987311,-0.829239684,-0.238359758,-0.934766169,-0.114205233,0.177033696,0.026124384,-0.075439254,-1.1796529,-0.073041972,-0.094389205,-0.064652237,0.111477939,-0.028457589,-0.983124548,-0.188572956,-0.412044331,-0.008703568,-0.065084362,-0.009269861,-0.244550526,-0.290978739,-0.094410792,-0.007743501,1.989721317,1.975432997,-0.019368966,-1.069203664,-0.849185755,-0.987813501,0.994673893,0.540784736,-1.355189664,-0.210824248,-0.446524985,-0.413954944,-1.418213533,0.425045554,6,0
30022024,-0.304745419,-0.4692734,-0.942376267,-1.401189937,-1.019778551,-0.507470733,-0.510933348,-0.340230743,-0.182798397,-0.672847011,-1.120663875,-0.831411717,-0.239304502,-0.912108592,-0.103897542,0.178470771,0.015613991,-0.080438337,-1.157821271,-0.072899771,-0.094235577,-0.099265274,0.124415337,-0.029679438,-0.932916795,-0.19272775,-0.412044331,-0.006336945,-0.008818553,-0.009254165,0.420563089,0.164051259,-0.158710861,-0.556394088,1.902464261,1.862094109,-0.017362687,-1.036769453,-0.866761785,-1.006017227,1.011717066,0.597616901,-1.309187627,-0.210824248,-0.486287828,-0.412174137,-2.204474417,1.899168076,6,0
30032023,1.106711693,0.577098469,0.298664156,-0.226133466,-0.143577756,0.016655657,0.016261031,-0.331075607,0.432284851,0.618968102,0.142282581,-0.112497007,-0.03025361,0.247857978,0.239663316,0.585730479,0.031081387,0.068391135,-0.106903803,0.084755136,0.065521893,0.022090291,0.114482947,-0.092063024,0.047784058,-0.335982122,0.995950525,-0.006731341,-0.005092332,-0.005401059,0.388854953,0.128403482,0.06477124,0.110260486,1.342964223,1.234501466,-0.022449246,-0.474901572,-0.999811317,-1.140788834,1.13707284,0.314062647,-0.471528561,-0.210824248,0.674191454,0.734455665,0.382372568,-0.003245812,5,0
30032024,1.080120371,0.645722111,0.342107489,-0.121341916,-0.1279466,0.016655657,0.016261031,-0.331075607,0.480837099,0.673158649,0.202159068,-0.050438411,-0.025852453,0.340847019,0.27631173,0.607954755,0.040988247,0.059681823,0.00929789,0.100930252,0.082418724,-0.055002301,0.102693912,-0.097015052,0.041114793,-0.31873996,1.032688921,-0.006336945,-0.008818553,-0.006107735,0.526374921,0.212550105,-0.01383632,-0.27766549,1.264461564,1.072372468,-0.02226688,-0.347395401,-1.037811899,-1.177625756,1.171076995,0.378867782,-0.515964087,-0.210824248,0.607268592,0.846860115,0.092705932,0.014636244,5,0
30042023,-1.439792414,-0.307018122,-0.094205697,-0.138301457,0.118751964,-1.443309543,-1.455691924,-0.075856317,-0.03757664,-0.264253851,-0.067338176,-0.237817066,-0.113729213,0.051648769,-0.1788854,0.596388112,0.070609806,0.001139981,0.304725984,0.00106093,-0.013710533,-0.041566192,0.060320301,-0.043656903,0.301758973,0.011890707,0.808127205,-0.003182339,0.00056207,-0.00930042,0.343335475,0.493420949,-0.020126982,0.007324387,-0.248074327,-0.515281007,-0.018658884,0.574751445,0.459243936,0.5374858,-0.515127249,-1.014155705,0.661315603,-0.210824248,1.115548002,1.082093751,0.349632862,-0.001251311,7,0
30112023,-0.683603739,-0.96506903,-0.865501037,-0.547344632,-0.681363284,-0.377047189,-0.379606062,-0.212898432,-0.212869751,-0.772407572,-0.709718437,-0.581377749,-0.236018265,-0.33494344,-0.227826229,0.298055294,0.249579859,-0.124663286,-0.474035173,-0.164559558,-0.18904463,-0.079852472,0.038286878,0.051189417,-0.332343969,-0.072024771,1.49469101,-0.008703568,-0.020875173,-0.018180532,-1.153797569,-0.942648093,-0.166056588,-0.255138607,-0.427720093,-0.075518187,-0.024478327,-0.640048746,-0.245731572,-0.306777231,0.339641335,0.336544324,-0.203753734,-0.210824248,-0.796329516,-1.043288116,-0.233827799,-0.108730074,7,0
30112024,-0.541291945,-0.935440265,-0.576738085,-0.229565017,-0.341528259,-0.377047189,-0.379606062,-0.358516667,-0.21643455,-0.617524027,-0.708905748,-0.559807773,-0.24716733,-0.181359199,-0.270183452,0.400947012,-0.166395461,-0.168469712,-0.127387016,-0.209713806,-0.233193487,-0.126094183,0.063000735,0.104183651,-0.042650607,-0.052317106,0.408372117,-0.006336945,-0.008818553,-0.014769072,0.319380308,0.257357835,-0.211002861,-0.609701785,-1.234794397,-0.452459999,-0.024806412,0.616369485,0.115877244,0.129115149,-0.0960064,0.501840732,0.272348817,-0.210824248,-1.116611818,-1.365419754,-0.233827799,-0.108730074,7,0
30142023,1.17986806,0.489093956,0.305836939,0.008714739,-0.160403084,0.056098241,0.055871454,0.175250638,0.204668268,0.63523991,0.429725381,-0.119083981,0.342118802,1.082878218,0.127008916,1.545792855,0.028561309,0.272601333,-0.865869906,0.311344091,0.288500617,0.262633853,0.110521557,-0.279526515,-1.938877275,-0.444902823,2.005230056,-0.007520183,-0.018113348,0.054587058,3.125663134,1.937772623,0.043096627,1.651273104,0.797568499,0.899094869,-0.023340867,-1.391803372,-1.043805825,-1.183216196,1.176227556,0.929025302,-1.726119046,-0.210824248,2.142570902,2.183574399,-0.633875111,0.064015392,5,0
30142024,1.226041007,0.60140544,0.361543624,0.124898613,-0.063705262,0.090617982,0.090530457,0.337165593,0.27503185,0.675189743,0.469162695,-0.102369019,0.387563414,1.168897834,0.179920818,1.594847328,0.028561309,0.286127682,-0.87514284,0.321630717,0.298705278,0.120567395,0.122315376,-0.349713451,-1.938877275,-0.504024369,1.958552407,-0.006336945,-0.008818553,0.057775607,1.816385482,1.097381226,0.017025865,-0.099782871,0.755652102,0.873226858,-0.023344452,-1.391803372,-0.942621682,-1.083503353,1.083969204,0.976805691,-1.726119046,-0.210824248,2.166063119,2.17640395,-0.883064464,0.084655059,5,0
30162023,0.910790582,0.300312773,0.152729083,-0.271030124,-0.115616176,0.664645666,0.665762244,0.298886803,-0.164332326,0.3976301,0.153301891,0.031328137,-0.170975665,-0.296878793,0.06790262,0.435987041,0.028561309,-0.030609013,0.291466226,-0.029908805,-0.044676968,0.005980868,-0.021831295,-0.156299402,-0.046764909,-0.222678904,1.916638709,0.000759539,0.009120757,-0.00971962,-0.126876227,-0.200421619,0.013533196,-0.214715835,1.028981064,0.996466418,-0.014621827,0.077926772,-0.704104654,-0.833143805,0.848836519,-0.168359839,-0.472980954,-0.210824248,-0.22530426,-0.237238466,-0.907471136,0.086932841,6,0
30182023,-1.188565644,-1.070915766,-1.423674041,-0.433501129,-0.508450794,-1.525297915,-1.538649317,-0.290467659,-0.402029565,-2.828723806,-1.111845539,-0.768896995,-0.259012209,-0.951881127,-0.252047678,-1.598313375,0.856541011,-0.113391682,0.099050615,-0.140076105,-0.154531585,-0.177128876,0.130500026,0.09159427,-0.148489337,-0.053892008,0.446209111,-0.006336945,-0.008818553,-0.011472961,-1.360444463,-3.304679958,-0.540339749,-3.069817485,-0.927423999,-1.036312673,-0.028402955,1.486339521,2.467106779,2.184021641,-2.325177139,-0.064324468,2.178626132,4.818912166,-1.124125774,-1.45746559,-0.233827799,-0.108730074,9,0
30182024,-1.381027949,-0.963214519,-1.116432414,-0.531274275,-0.581426137,-0.974403801,-0.981805852,-0.302602043,-0.405666492,-1.364499442,-0.897993182,-0.671596382,-0.24976859,-1.303401416,-0.229365347,-1.598313375,0.004795076,-0.078762079,0.118643915,-0.123407152,-0.136419032,-0.078037523,0.063417694,0.029358489,-0.235775104,-0.066650556,0.995950525,-0.006336945,-0.008818553,-0.011143236,1.995734102,4.116244929,-0.731025512,-0.268144142,-0.465349855,-0.657519413,-0.029803972,1.291320109,0.596086571,0.694888526,-0.679511332,1.785424054,0.459817972,-0.210824248,-0.507260779,-0.948876268,-0.233827799,-0.108730074,9,0
30212023,0.154182033,-0.198008909,-0.580615192,-0.114019166,-0.321190714,-0.590216674,-0.594298498,-0.349434716,-0.122389307,-0.649986938,-0.087984961,-0.205342901,-0.158037943,-0.112396029,-0.155395343,-1.598313375,0.540680712,-0.031261109,-0.09450568,-0.035610601,-0.054241459,-0.00796923,0.085646841,-0.050011654,-0.07746462,-0.084717,-0.05304363,-0.004365199,-0.013626736,-0.009060053,0.019085544,0.036965577,0.075093631,1.43039441,-0.1070091,0.105022863,-0.01847189,-0.24975275,0.186992084,0.214823819,-0.18309516,0.13433636,0.226774874,-0.210824248,0.076367088,0.04301516,1.080531907,-0.045033698,6,0
30212024,0.255076315,-0.126524474,-0.507261913,-0.072405354,-0.276680797,-0.590216674,-0.594298498,-0.349434716,-0.118602684,-0.564607749,0.015964516,-0.112243375,-0.155462583,-0.119203231,-0.143318929,-1.598313375,0.100478125,-0.027814848,-0.064688288,-0.04141051,-0.059813753,-0.043481807,0.068488553,-0.029195425,-0.07644113,-0.095855388,0.268268366,-0.006336945,-0.008818553,-0.009321793,0.12591902,0.124455077,0.087476424,0.450418894,-0.075003242,0.113350894,-0.011818202,-0.307454587,0.159455947,0.181613714,-0.149295079,0.229897007,0.160949525,-0.210824248,0.119289555,-0.025113038,0.080859797,0.015380864,6,0
30242024,0.258379632,-0.144621262,-0.171008181,-0.121769179,-0.231013738,0.626200557,0.627305874,-0.357047735,-0.121823589,-0.025655412,-0.206894595,-0.317126352,-0.154692632,-0.217036077,-0.138433169,0.067278809,-0.165154807,-0.018771361,-0.005444822,-0.018923762,-0.036967925,0.050556313,0.074101602,-0.18686748,-0.094784118,-0.117541043,0.702805508,-0.006336945,-0.008818553,-0.008854266,0.219071765,0.140263814,0.107631607,1.902517787,0.006782874,-0.109389013,-0.019475849,0.931086449,-0.39574409,-0.484159669,0.513370475,1.330108212,-0.270886118,-0.210824248,-0.16557929,-0.181872561,-0.188926112,0.032733242,7,0
30252023,-0.704032372,-0.950924299,-1.365162714,-0.927331476,-1.096975549,-1.363679139,-1.375147633,-0.318201167,-0.188410483,-1.200523163,-1.064157567,-1.03464979,-0.179985021,-0.482268062,-0.195532234,0.652212211,0.028561309,-0.028553617,-0.821862519,-0.021329824,-0.042382708,-0.072503062,0.081230455,-0.031173119,-0.489185868,-0.090367676,1.709439686,-0.007125754,-0.00639614,-0.000303193,1.797419579,1.211035531,0.00195309,-0.563863639,0.478752776,0.37128706,-0.023033394,-1.069203664,-0.403413965,-0.493258045,0.522224383,0.501346915,-0.244527213,-0.210824248,0.437422221,0.604810765,-0.964941254,0.092616999,6,0
30252024,-0.793909634,-1.166403537,-1.539567351,-1.483957589,-1.627916019,-1.363679139,-1.375147633,-0.318201167,-0.183691109,-1.165561216,-1.063360092,-1.032785565,-0.180156489,-0.480765885,-0.194310953,0.669021233,0.028561309,-0.02882701,-0.80580404,-0.022365096,-0.043396778,-0.037577567,0.126968371,-0.124260053,-1.938877275,-0.096850443,2.280419221,-0.006336945,-0.008818553,-0.000891737,1.907300921,1.269959093,0.043726256,0.304334932,1.269373873,0.817695092,-0.023033394,-1.004947591,-1.206064386,-1.335115549,1.315137683,0.533167144,-1.726119046,-0.210824248,0.431828917,0.58578766,-0.939200024,0.090007296,6,0
30272023,0.174229451,-0.183917502,-0.386989087,-0.217188576,-0.389330138,-0.346762827,-0.348794722,-0.014650588,-0.166985176,-0.250516344,-0.412123543,-0.444189704,-0.188479874,-0.079926629,-0.131914709,0.480287534,0.058783548,-0.068879739,-0.132242761,-0.044923492,-0.063766762,-0.146882723,0.100100758,0.12990132,-0.420201929,-0.14203596,0.918905095,-0.040720521,-2.231288297,-0.009274483,0.037402932,-0.015226021,-0.177230252,-0.805431808,0.154134728,-0.121018727,-0.01860949,-0.388577666,-0.385404574,-0.471856928,0.501389354,0.241705122,-0.690851121,-0.210824248,-0.393736594,-0.12440071,-0.161540217,0.03093197,7,0
30272024,-0.016634369,-0.208367828,-0.327480798,-0.130909241,-0.320263614,-0.345508058,-0.342644929,-0.014859968,-0.176751906,-0.208259672,-0.3456563,-0.393611066,-0.185808999,-0.014722074,-0.154852503,0.457820557,0.10129659,-0.074891468,-0.113405483,-0.064300581,-0.082939293,-0.072764939,0.045716257,-0.016579487,-0.291924843,-0.11244996,0.137805198,-0.006336945,-0.008818553,-0.010018322,-0.331522552,-0.342412221,-0.171742889,-0.27223084,-0.086083746,-0.411865122,0.005485503,-0.011137651,-0.325480408,-0.401399121,0.432576451,-0.058738784,-0.495104049,-0.210824248,-0.435699509,-0.322981846,-0.233827799,-0.108730074,7,0
30312023,-0.073648724,-0.39118086,-0.401804713,-0.844813037,-0.978601466,0.138215691,0.138308376,-0.13497652,-0.115980612,-0.024281057,-0.719731067,-0.652038479,-0.205600783,-0.535229989,-0.112762784,-0.244023361,-0.099966915,-0.053716437,-0.572186592,-0.026165797,-0.046794515,-0.048607996,0.046074397,-0.059090067,-0.789939348,-0.145406948,-0.028044568,-0.00515385,-0.009122827,-0.005493827,0.340811597,0.048637687,0.065298093,-0.170599758,1.101470144,0.960465754,-0.022532371,-0.743504611,-1.50185068,-1.583694809,1.537815299,0.80034289,-1.328214632,-0.210824248,-0.285397846,-0.093364754,-0.639751681,0.064464625,6,0
30312024,0.106629927,-0.338715874,-0.394784866,-0.853083373,-0.96412616,0.138215691,0.138308376,-0.135034796,-0.108559397,-0.019294319,-0.695016621,-0.643470122,-0.201091437,-0.554290694,-0.100425536,-0.199497055,0.010740073,-0.047698703,-0.616590265,-0.024927756,-0.04565335,-0.037446922,0.114964791,-0.067776038,-0.789939348,-0.161819929,0.427406912,-0.006336945,-0.008818553,-0.004800902,0.114803387,-0.092081388,0.046859221,-0.072014178,1.185205733,1.053038101,-0.02267023,-0.825969496,-1.487279832,-1.572102782,1.527569648,0.834149932,-1.329600283,-0.210824248,-0.242300742,-0.085101427,-0.980286135,0.094233224,6,0
30382023,0.532484251,0.098344395,-0.267946742,-0.311560909,-0.264523372,0.029594455,0.029255907,-0.313633032,-0.054309353,-0.15584095,0.177494337,-0.027285414,-0.078316636,0.208524107,-0.020215372,0.638849493,0.032315416,0.021986556,-0.113894278,0.031553883,0.012536221,0.021963906,0.086896589,-0.162198728,-0.266359151,-0.21527294,0.638744183,-0.006336945,-0.016747004,-0.006884685,1.194158465,1.041199407,0.134193447,0.332014144,0.804552322,0.783279745,-0.022158354,-0.665251603,-0.298024373,-0.368923103,0.400746456,0.540025806,-0.483225462,-0.210824248,0.309267516,0.352267997,-0.18555317,0.032510826,5,0
30382024,0.238813363,0.036636409,-0.307847024,-0.449801725,-0.394010265,0.029594455,0.029255907,-0.301059289,-0.044914163,-0.126591808,0.042118787,-0.132896082,-0.111146115,0.257873028,-0.025557763,0.709499717,0.124666108,-0.020789998,-0.173677778,0.008865321,-0.010406341,-0.00395555,-0.014562372,-0.116229115,-0.357116141,-0.22726897,0.588705866,-0.006336945,-0.008818553,-0.007188633,0.560965962,0.360660127,0.096016758,0.125728096,0.973239343,0.959319682,-0.022020973,-0.690887742,-0.534345987,-0.644291852,0.668368193,0.483289136,-0.654660867,-0.210824248,-0.019172062,0.191348533,-0.526408812,0.056012338,5,0
30402023,-2.399840753,-1.944725217,-1.132061098,-2.212372589,-2.034816057,-1.19873582,-1.208398634,-0.343385232,-0.130637029,-0.65840069,-1.877093866,-1.278702203,-0.241984618,-2.241703608,-0.227585845,-0.568584962,0.028255541,-0.052640482,-2.124280792,-0.052369843,-0.073783168,-0.058213266,0.053919612,-0.060073223,-1.938877275,-0.099948144,0.50125885,-0.007520183,-0.016956621,0.675576732,0.887389516,0.307831925,-0.08725804,-0.281054125,1.65607356,1.684863247,-0.023372911,-1.391803372,-2.224304551,-2.036289217,1.925040393,1.392083927,-1.726119046,-0.210824248,-0.093336175,-0.023917346,-1.075612753,0.106219945,6,0
30402024,-1.795695464,-1.836237634,-1.149434615,-2.183385806,-2.129374166,-1.19873582,-1.208398634,-0.343385232,-0.133040288,-0.667239306,-1.952324897,-1.258373038,-0.247392061,-2.13790161,-0.223713341,-0.588890363,0.028561309,-0.059338274,-2.371192461,-0.058138247,-0.079559898,-0.070476645,0.116155826,-0.041551917,-1.938877275,-0.1025034,1.581963639,-0.006336945,-0.008818553,-0.009418755,-0.048886065,-0.208312567,-0.093382246,-0.356923011,1.714968257,1.752853346,-0.02337644,-1.391803372,-2.325624697,-2.084172382,1.964261535,1.382417887,-1.726119046,-0.210824248,-0.220318621,-0.126610768,-1.204696369,0.176735268,6,0
30412023,-0.103595788,-0.615741672,-0.709230825,-0.351073602,-0.58645712,0.262547214,0.266294801,0.213502759,-0.936127697,-0.604246785,-0.564313328,-0.534521093,-0.205844781,0.644073054,-0.20509193,1.374844657,0.575298413,-0.314481118,-0.897247468,-0.713265523,-0.777865752,-0.242455259,0.080657686,0.023361722,-0.640761484,-0.141059033,1.765979072,-0.007520183,-0.008818553,-0.305184693,-5.052647063,-3.012310306,-0.487304853,-1.662638155,-0.291366579,0.027579569,-0.02340444,-1.135980066,-0.288900728,-0.35828655,0.390306203,0.633758308,-0.882225318,-0.210824248,-1.413950237,-3.053869463,-0.233827799,-0.108730074,7,0
30412024,0.187298587,-0.556657451,-0.688324989,-0.541914655,-0.389004525,-0.328662346,-0.330908907,-0.112800489,-0.335389345,-0.771032009,-0.487658305,-0.524938656,-0.177612604,0.402601367,-0.171215913,1.178787317,0.037413505,-0.161808632,0.263038586,-0.190839154,-0.203401914,-0.174231132,0.126769562,0.15052554,-0.153554823,-0.109077335,1.431266039,-0.006336945,-0.008818553,-0.011728886,-1.398473486,-1.164991573,-0.341764573,-0.992428289,0.254092776,0.382828844,-0.026374769,0.249002966,0.218231278,0.252133897,-0.221151332,0.697573797,0.164058022,-0.210824248,-1.041648781,-1.198024896,-0.233827799,-0.108730074,7,0
30432023,-0.732471739,-1.184320081,-1.36751883,-0.381544172,-0.623991848,-2.002981889,-2.022523266,-0.360415997,-0.25433836,-1.923850411,-0.619216062,-0.566889367,-0.210568856,-0.568217684,-0.271090746,0.159764307,0.17290495,-0.057446787,0.02847004,-0.072557619,-0.089937188,-0.05469865,0.095083786,-0.029515346,-0.25437094,-0.064587796,0.945133784,0.013757665,0.026964669,-0.010361443,-0.415315725,-0.420570101,0.945965158,1.466619116,-1.302031451,-0.826267483,0.073949248,0.715522352,1.180949529,1.303215555,-1.330352845,-0.88269236,0.904744511,-0.210824248,-0.063926061,-0.371122354,-0.233827799,-0.108730074,8,0
30432024,-0.676066124,-1.033527313,-1.15663661,-0.311582694,-0.556368825,-2.002981889,-2.022523266,-0.360415997,-0.238593347,-1.513528938,-0.875802069,-0.710679764,-0.227373711,-0.729929218,-0.266721294,0.164778181,0.121684671,-0.0686968,0.003862642,-0.064390614,-0.082133611,-0.061936801,0.09540284,-0.040838763,-0.297261792,-0.068204974,0.50125885,-0.006336945,-0.008818553,-0.010112873,1.455319207,2.569015201,1.559495225,0.560778323,-1.198685418,-0.693487464,-0.003755833,1.033531039,0.812035882,0.932502809,-0.930725527,-0.35936582,0.43419399,-0.210824248,-0.40089726,-0.131527287,2.062557674,-0.108730074,8,0
30462023,0.416362093,-0.197015471,-0.627370279,-0.13112191,-0.336590922,-0.870802256,-0.877238757,-0.128254341,-0.183216201,-0.72126757,0.357124456,0.240777013,-0.186059739,-0.500200115,-0.151666892,-0.063625138,-0.022005298,-0.034174103,-1.31550167,-0.028623153,-0.049975355,-0.016160327,0.059958556,0.115083568,-1.938877275,-0.187202673,1.327170917,-0.007520183,-0.017691956,0.02757769,0.716932738,0.809997987,0.650879853,1.342780035,-0.065112515,0.331105038,-0.023326466,-1.352979564,0.245418341,0.284736323,-0.254477841,2.295810804,-1.726119046,-0.210824248,0.131421976,0.237112462,-0.402971092,0.047226468,6,0
30462024,0.608085818,-0.169376573,-0.562608531,-0.105826179,-0.30706769,-0.870802256,-0.877238757,-0.122438857,-0.161893982,-0.633155979,0.502273599,0.378579672,-0.168974118,-0.424099595,-0.148956757,0.019645392,0.001929795,-0.019981917,-1.017136774,-0.013736983,-0.034981452,-0.030403339,0.173660089,-0.071334849,-0.677857498,-0.212224616,0.748962407,-0.006336945,-0.008818553,0.009075754,0.85213,0.898053297,0.591663669,0.453823655,-0.074414133,0.405606849,-0.023256819,-1.352979564,0.190271326,0.21897205,-0.18732199,2.258813445,-0.93201299,-0.210824248,0.345612931,0.44271239,-0.48460608,0.052994067,5,0
30502023,0.421541865,-0.534604737,-0.102974285,-0.475719447,0.0073338,-0.05836662,-0.0591058,-0.077900716,-0.158452534,-0.127113863,-0.717590275,-0.710192904,-0.180665664,-0.247449355,-0.174710335,-0.973085969,0.028561309,-0.04496638,0.440855968,-0.052106118,-0.064191672,-0.026325767,0.094739556,-0.086607811,0.254625448,-0.056651505,-0.266045982,0.018087191,0.00056207,-0.010150145,-0.199034196,-0.205887178,0.038694586,0.085121485,0.142603441,0.520499449,-0.002881945,1.470417838,0.107990117,0.119747386,-0.086516021,-0.738822917,0.446050136,-0.210824248,-0.192996452,-0.243128031,-1.127638337,0.122614014,7,0
30512023,-1.156367981,-0.567635166,-0.27051234,-0.83352305,-0.195061988,0.117273807,0.1172889,-0.360415997,-0.104642384,-0.220618197,-0.351947473,-0.431973126,-0.164119433,-0.252140396,-0.147968794,0.24780775,-2.376929625,-0.026389157,0.421841915,-0.031587348,-0.044238809,0.018607411,0.073061375,-0.161376123,0.160269343,-0.017037696,1.336289612,0.002335876,0.000857066,-0.009895177,0.189164617,0.138944887,0.683986327,0.214437631,0.839829029,0.418845925,-0.012449186,1.143815004,-0.111542104,-0.145624801,0.180006317,-0.305827082,0.346228336,-0.210824248,-0.085790172,-0.124891708,-1.066536507,0.10480809,8,0
30542023,-0.771438619,-1.740812191,-1.808023372,-2.23055084,-2.641799928,-0.783137768,-0.788797165,-0.307463788,-0.216170689,-1.269522332,-2.61078511,-1.354926987,-0.260838568,-1.890716202,-0.219302637,-1.409549065,0.06446233,-0.082068223,-1.163021229,-0.073374259,-0.094714912,-0.091420265,0.095547188,-0.024484473,-1.938877275,-0.106335982,1.568028053,-0.007914629,-0.019595407,-0.009556478,-0.144719678,-0.261041291,-0.352574459,-0.028261115,1.87576646,1.860254392,-0.018322639,0.822210608,-2.368945547,-2.103587006,1.980046104,2.86389115,-1.726119046,-0.210824248,-0.524542829,-0.414847656,2.062557674,-0.108730074,7,0
30542024,-0.76667626,-1.873972406,-1.862382808,-2.414913989,-2.831795332,-0.831009804,-0.837088981,-0.308805849,-0.236312518,-1.306991186,-2.130578765,-1.206418119,-0.259680835,-1.834210188,-0.223602894,-1.598313375,-0.004370276,-0.081192111,-1.195618761,-0.088758683,-0.110821765,-0.072482941,0.093174033,-0.024486218,-1.938877275,-0.104517949,1.813303958,-0.006336945,-0.008818553,-0.024120298,-0.777926768,-0.581222219,-0.46406444,-0.028261115,2.023477125,2.084251325,-0.023895066,-0.107685413,-2.542597776,-2.174464528,2.037046896,1.944563059,-1.726119046,-0.210824248,-0.520434732,-0.562580297,-0.233827799,-0.108730074,7,0
30552023,0.579890253,-0.041435683,-0.38811485,-0.442706564,-0.526597217,-0.351680628,-0.354074197,-0.117028564,-0.064730453,-0.166520576,-0.611670169,-0.546891894,-0.218224203,-0.02580624,-0.0543352,0.18846658,0.55803666,-0.138030245,-0.193346523,-0.095527282,-0.112951244,-0.053670605,0.318366428,-0.12957055,-0.258981971,-0.258096595,0.82251106,-0.009492573,-0.038537786,-0.011081577,-0.454660104,-0.430529093,-0.229948366,-0.141557764,0.846297498,1.046915244,-0.028551005,0.236793634,-0.692517887,-0.820596062,0.836926275,0.313382162,-0.463948201,-0.210824248,-0.883543231,-0.565457292,-0.233827799,-0.928891186,7,0
30552024,0.476273692,-0.436276659,-0.691480624,-1.03315853,-1.062649222,-0.351680628,-0.354074197,-0.137021151,-0.109212353,-0.346731439,-1.041949516,-0.790610368,-0.237100968,-0.072688213,-0.111321134,0.26116817,-2.511652905,-0.166775767,-0.446471246,-0.219818984,-0.247733667,-0.147208764,0.294777554,-0.176007045,-0.73189303,-0.202261159,1.942132635,-0.006336945,-0.008818553,-0.022565246,-1.20901601,-0.877173137,-0.192533249,-1.013573389,1.371099876,1.438916505,-0.023999875,0.224436298,-1.278799989,-1.399844643,1.373700384,0.136202179,-1.139477552,-0.210824248,-1.089712634,-1.417029046,-0.233827799,-0.108730074,7,0
30572023,-0.395354065,-1.054978988,-1.443734505,-0.927023742,-1.078491559,-0.636554588,-0.640998399,-0.289372254,-0.294952366,-1.330610476,-1.127474573,-0.884891826,-0.224967488,-0.263389537,-0.206333122,0.586600972,0.028561309,-0.112358578,-0.399602015,-0.143185836,-0.165695948,-0.093310852,0.094833297,-0.000260457,-0.41569948,-0.087506192,0.588705866,-0.009492573,-0.029350564,-0.014966946,-1.470620927,-1.125336158,-0.374085153,-0.586210233,0.322525894,0.099040104,-0.024660938,0.352637182,-0.231419756,-0.289812425,0.322916281,0.740616263,0.010337395,-0.210824248,-0.778298108,-1.001348623,-0.233827799,-0.108730074,8,0
30602023,0.020748891,-0.195162459,-0.267380808,-0.156405653,-0.218232512,-0.1292589,-0.130353659,0.252267543,-0.144677451,-0.193850714,-0.165253347,-0.201016218,-0.221119831,-0.002912548,-0.14620844,0.540473238,0.295303614,-0.147661351,-0.084317812,-0.179165508,-0.199936165,-0.012551372,0.094585355,-0.052887522,-0.132259701,-0.081678741,-0.156560177,-0.007520183,-0.054545248,-0.013319788,-1.098291662,-0.894230008,0.010966841,0.416435426,-0.00321482,0.065884015,-0.025080189,-0.124569846,-0.180120151,-0.228428641,0.26224212,0.168307173,-0.221099559,-0.210824248,-0.856756455,-1.008590011,-0.233827799,-0.108730074,7,0
30622023,0.600954551,0.303991916,0.183874114,0.102984905,0.004867862,0.790060585,0.791139356,-0.041637216,-0.076807552,0.374467319,0.079168448,0.039741977,-0.261885196,0.064839335,-0.010574083,0.934766341,-1.219515799,-0.24252489,0.290635572,-0.258295933,-0.274089525,0.035334875,-0.036124908,-0.004218435,-0.135247809,-0.25224997,0.408372117,-0.006336945,-0.008818553,-0.012449891,-0.836587794,-0.689998769,0.020934306,0.878442125,0.299539609,0.484439127,-0.026206558,-0.194551332,-0.488258834,-0.591477466,0.617443567,0.470399823,-0.594979549,-0.210824248,-0.806122428,-0.835456918,-0.233827799,-0.108730074,6,0
30942023,0.022830367,-1.204453987,-1.475338749,-2.336137965,-2.021536392,-0.788135184,-0.793837884,-0.304460126,-0.199582177,-1.010302839,-1.640635245,-1.205218414,-0.232218566,-0.957128911,-0.185813578,0.327543554,-0.013187618,-0.064835509,-1.125719752,-0.061724859,-0.083007621,-0.066554176,0.095433246,-0.047251735,-1.938877275,-0.139580971,1.986235723,-0.005548199,0.055023945,-0.003647364,0.114803387,-0.106524337,-0.02592362,-0.374568764,2.461585183,2.626985086,-0.022875592,-1.314953382,-1.876979448,-1.845224902,1.764884977,0.725908593,-1.726119046,-0.210824248,-0.340569568,-0.246207134,-0.938623031,0.089950083,6,0
30942024,-0.009634466,-1.243585353,-1.507873699,-2.427113755,-2.086030313,-0.788135184,-0.793837884,-0.307817798,-0.203877811,-1.034258746,-1.852659016,-1.257848914,-0.242145738,-1.029293801,-0.188392181,0.267037531,0.019603843,-0.077178963,-1.129562038,-0.070763183,-0.092074525,-0.071751207,0.094874823,-0.038595513,-1.938877275,-0.136698494,1.628953935,-0.006336945,-0.008818553,-0.008132628,-0.154210602,-0.259265005,-0.024316849,-0.384976897,2.537043029,2.730449116,-0.021473564,-1.277700858,-1.933842185,-1.879470056,1.793983716,0.727006284,-1.726119046,-0.210824248,-0.477012439,-0.376171148,-1.07845941,0.106690207,6,0
31382023,0.40589431,-0.259264832,-0.51683922,-0.439018861,-0.288170116,-1.681825699,-1.697104612,-0.088322261,-0.118199818,-0.568767577,-0.429884641,-0.583441505,-0.119916422,0.187000086,-0.119322848,0.735387005,0.050626971,-0.021795604,-0.111260756,-0.016688796,-0.035495726,-0.04881194,0.035515441,-0.056260226,-0.109549719,-0.12241937,1.880937339,-0.00515385,0.000365269,-0.008391182,0.363545537,0.359980758,-0.049581125,-0.17941847,0.507558497,0.610489654,-0.020738108,-0.159061541,0.145558393,0.164992366,-0.132404681,-0.000250564,0.097445274,-0.210824248,0.772393734,0.907057181,-0.279900114,0.038796569,6,0
31382024,0.210330915,-0.195374264,-0.360857357,-0.081575013,-0.247850986,-1.560000536,-1.573770561,0.058284799,-0.115085553,-0.327661354,-0.456781438,-0.580290586,-0.134419391,0.273174868,-0.16145875,0.849372457,-0.127158396,-0.049972442,-0.101695929,-0.036702543,-0.055377402,-0.045367711,-0.064308692,0.115947877,-0.044005733,-0.0853044,1.241128112,-0.006336945,-0.008818553,-0.00907448,0.342073469,0.297036994,-0.052422642,-0.020384055,-0.178926071,-0.062948455,-0.01959824,-0.091035337,-0.071448728,-0.097245562,0.131753601,-0.340634672,0.040763925,-0.210824248,0.040948002,0.40486552,-0.792674397,0.076713401,6,0
31642023,-1.947724763,-1.670211625,-1.117308346,-1.51883663,-1.635224366,-0.731798016,-0.737019604,-0.142949855,-0.210214708,-0.697347369,-1.486050681,-1.156554972,-0.223301117,-0.671254073,-0.226161184,0.206029033,0.047815622,-0.066557168,-1.015609712,-0.067976218,-0.089205565,-0.069261179,0.080290041,-0.034502532,-1.001893269,-0.101444896,0.748962407,-0.001211212,0.085918828,-0.007746722,-0.334899805,-0.357964339,-0.095613974,-0.295222676,0.711804084,0.779145475,-0.021579223,-1.135980066,-1.691986397,-1.723408839,1.660134563,-0.843350534,-1.391401637,-0.210824248,-0.366548753,-0.338903276,-0.188006551,0.032672589,7,0
31642024,-1.400188088,-1.5234208,-1.085269539,-1.545964089,-1.553862268,-0.731798016,-0.737019604,-0.153299719,-0.204392859,-0.678161791,-1.37455746,-1.09909339,-0.218269429,-0.700832953,-0.217838034,0.194140065,-0.010365983,-0.059455144,-0.581650803,-0.059894213,-0.080507102,-0.055733609,0.078901058,-0.019747722,-0.71517172,-0.098618184,0.329825617,-0.006336945,-0.008818553,-0.008709882,0.119741936,-0.095854535,-0.048530605,0.11269978,0.952245693,0.87933124,-0.02000375,0.224436298,-1.60452463,-1.660577382,1.605398745,-0.763939555,-0.97394163,-0.210824248,-0.266426902,-0.228305522,-1.16914014,0.148380046,7,0
31672023,0.142676382,-0.122253981,-0.232580932,-0.075695997,-0.021837136,-0.79804906,-0.803838022,-0.248559074,-0.041619257,-0.352367594,-0.636095991,-0.597016646,-0.201786234,-0.143098727,-0.141298005,0.645747523,-3.836291332,-0.08438235,0.152673729,-0.070281994,-0.086429962,0.068706273,0.055661843,-0.167144177,0.140482483,-0.050964577,0.733751055,-0.020941009,-0.019489163,-0.010325634,-0.454660104,-0.448172158,0.053699287,2.103919687,-0.059534131,0.048777093,0.028400171,1.033531039,0.328543819,0.383849366,-0.356205417,-0.658198565,0.420208023,-0.210824248,-0.548983946,-0.368608264,-1.460238995,0.48524459,6,0
31672024,-0.681788403,0.049066231,-0.073969006,0.050963339,0.065305972,-0.704016615,-0.709006685,-0.084510107,-0.030323549,-0.141459884,-0.179574023,-0.332141605,-0.124801502,0.361165698,-0.112588169,0.834044626,0.597202607,-0.052979335,0.137391972,-0.041901063,-0.058511514,-0.189403463,0.035071432,-0.001628419,0.039779622,-0.040671257,1.502311242,-0.006336945,-0.008818553,-0.009710706,0.072940498,0.092960652,-0.048530605,-0.815024435,-0.041241521,-0.028703662,-0.015154623,0.384861177,0.221309167,0.256276145,-0.225381846,-0.543027149,0.055023101,-0.210824248,-0.179887379,0.001117584,-0.497531401,0.053922269,6,0
31682023,0.256612894,-0.279333428,-0.476219675,-0.358263093,-0.564971346,-1.051208985,-1.059359204,-0.306890596,-0.113229664,-0.27061019,0.098947852,-0.094616664,-0.092736573,0.163516178,-0.13514822,0.749179659,0.156450302,0.011590372,-0.441099835,0.009814113,-0.010570377,0.032836009,0.090284521,-0.186796581,-0.701132902,-0.156887122,0.970810275,-0.007125754,-0.004592352,-0.004491789,0.654882275,0.439818315,0.217416325,0.912795172,0.304212747,0.385476682,-0.022700008,-0.943073834,-0.633671261,-0.755828375,0.775265086,-0.068720184,-1.124907036,-0.210824248,0.969320271,0.903862093,-1.090451124,0.108907461,6,0
31682024,0.49641687,-0.110856007,-0.356905281,-0.364071317,-0.559173987,-0.877230663,-0.883725598,-0.098801124,-0.121420052,-0.106672538,0.005659023,-0.174519979,-0.106158367,0.153595275,-0.087237407,0.787894708,-0.802600409,-0.002240878,-0.685550546,-0.003755428,-0.024656623,-0.033258276,0.087462225,0.017287355,-0.85587457,-0.19598193,0.091992402,-0.006336945,-0.008818553,-0.00126246,0.612357602,0.324727735,0.134323969,-0.199738698,0.586349371,0.677911056,-0.022993456,-1.135980066,-0.808863666,-0.945425298,0.954888009,0.12211458,-1.379045074,-0.210824248,0.616279875,0.582942123,-1.120277116,0.11906116,6,0
32292023,-1.141914522,-1.422169,-1.705828533,-1.121729829,-1.361337838,-1.168092308,-1.17743287,-0.287281586,-0.268295517,-1.493411642,-0.844481054,-0.630816169,-0.253899901,-1.515427613,-0.225443162,-0.664276074,-0.064931734,-0.078985478,-0.606682588,-0.085067624,-0.105442824,-0.083842465,0.093736073,-0.021177715,-0.49559748,-0.071250812,0.748962407,-0.01146538,-0.03037982,-0.011510384,-0.673590397,-0.583444993,-0.198899103,-0.446757909,0.203491624,0.236462409,-0.027152465,-0.4973533,-0.478084089,-0.579642245,0.606005132,-0.008787636,-0.059048881,-0.210824248,-0.526892269,-0.554333755,-0.233827799,-0.108730074,8,0
32292024,-1.484106131,-1.496291033,-1.79986039,-1.329287914,-1.602825002,-1.168092308,-1.17743287,-0.287281586,-0.264843106,-1.480095261,-0.851039709,-0.640951479,-0.250920675,-1.641750489,-0.222141969,-0.732103174,0.021615411,-0.070016329,-0.65854434,-0.072218623,-0.092992504,-0.064143876,0.090437372,-0.050800603,-0.660866149,-0.07513585,1.008324385,-0.006336945,-0.008818553,-0.010050267,-0.287209071,-0.315799812,-0.069290807,0.58659994,0.551450838,0.490572411,-0.008359057,-0.590900304,-0.842703808,-0.981199571,0.988475201,0.104153621,-0.446194092,-0.210824248,-0.41285878,-0.388068304,2.062557674,-0.108730074,8,0
32572023,0.13498381,-0.629324276,-0.996468182,-1.312641109,-1.592908729,-0.842857999,-0.849042776,-0.240214012,-0.120639117,-0.574225227,-0.753252241,-0.777145368,-0.167664003,-0.549926094,-0.135193551,0.669825672,0.028561309,-0.011434688,-1.393000947,-0.011523439,-0.032922189,-0.021425818,0.093803519,-0.046572474,-1.938877275,-0.150671441,2.068696903,-0.007520183,-0.011569584,0.054592026,1.559957372,0.708456019,0.012612416,1.146241744,1.59931437,1.393384091,-0.023340867,-1.391803372,-1.759286176,-1.769523807,1.700008848,0.912190069,-1.726119046,-0.210824248,0.458149607,0.456918657,-1.048296267,0.102243798,6,0
32572024,-0.7821378,-0.751736932,-0.811669698,-1.593881951,-0.885718982,-0.842857999,-0.849042776,-0.213563391,-0.126840341,-0.564297521,-0.924208841,-0.863921615,-0.187935794,-0.580624422,-0.146188313,0.64655788,0.028561309,-0.031911913,-0.469820217,-0.023262961,-0.043636976,-0.1737149,-0.009382358,0.075474392,-0.233747233,-0.085035693,1.539442319,-0.006336945,-0.008818553,-0.006359512,0.8208424,0.383790043,-0.063828652,-1.59973062,1.892816353,1.559176445,-0.022342974,0.049016506,-0.788548026,-0.92400156,0.934726777,1.11981256,-0.152281511,-0.210824248,0.155413181,0.298418349,-0.767464464,0.074607714,6,0
32962023,-0.066865805,-0.598797813,-0.881367506,-0.443475292,-0.564151759,-0.578511344,-0.582503447,-0.23493403,-0.20900283,-0.915709823,-0.544858361,-0.515081112,-0.208455055,-0.078729514,-0.189889118,0.417493285,0.365696204,-0.108255309,0.143632982,-0.117766699,-0.129818129,-0.04090699,0.089290775,-0.061584907,-0.400339226,-0.106465753,0.289048467,-0.014228029,-0.085484783,-0.011012076,-0.855708446,-0.789678933,-0.049496443,0.672199774,-0.039771031,0.16190503,-0.030655121,-0.231082473,0.103332602,0.114020899,-0.080717321,0.097847192,-0.245620332,-0.210824248,-0.726529957,-0.769029114,-0.233827799,-0.108730074,6,0
32962024,0.034898887,-0.487793623,-0.831332634,-0.335578052,-0.553669921,-0.578511344,-0.582503447,-0.23493403,-0.201345189,-0.837992099,-0.489243245,-0.494150378,-0.195755408,-0.164718754,-0.184430217,0.374934928,0.035252573,-0.06949354,0.04533235,-0.06212226,-0.079516155,-0.050055446,0.065990179,-0.013986388,-0.299650532,-0.105374375,0.932089485,-0.006336945,-0.008818553,-0.010078188,0.146953035,0.119194497,-0.081881593,0.501608708,-0.101139425,0.122138666,-0.006772914,-0.091035337,0.030560646,0.025872458,0.008279825,0.372781941,-0.091084249,-0.210824248,-0.400067987,-0.275689685,2.062557674,-0.108730074,6,0
33082023,0.322156629,-0.55106205,-0.906027969,-0.63548078,-0.574110604,-1.035714122,-1.043711211,-0.352494225,-0.161780158,-0.948830351,-1.176530415,-0.897303737,-0.230244395,-1.054180853,-0.160884708,-0.150358444,0.028561309,-0.059481721,-0.013025588,0.028818613,0.01050782,-0.04266656,0.087038405,0.011560948,-0.043067924,-0.114419616,1.136354068,0.01848071,-0.01528543,-0.007619684,2.197904102,2.786181978,0.212568238,0.848553056,0.464551144,0.648461071,-0.021891115,1.401320198,0.125567778,0.14055985,-0.107608455,-0.017551031,0.551160029,-0.210824248,-0.239296082,1.172505429,2.062557674,-0.108730074,8,0
33082024,0.169121192,-0.518463058,-0.819719509,-0.602335278,-0.44441549,-1.27489559,-1.285377349,-0.352494225,-0.152956497,-0.955442586,-2.329671625,-1.265391013,-0.260630724,-1.965746017,-0.158101933,-0.430396255,-0.954600496,-0.08022892,0.103607762,-0.052786933,-0.069684486,-0.064551493,0.0055145,0.037369859,0.066995768,-0.104622121,0.369588644,-0.006336945,-0.008818553,-0.009902381,0.111101307,0.126428963,0.246801781,0.073809714,0.444990314,0.651275499,-0.00788776,2.105616957,0.343288939,0.401362706,-0.374245468,0.09937449,0.806054859,-0.210824248,-0.554302724,-0.012693816,2.062557674,-0.108730074,8,0
33112023,-0.05336137,-0.542076863,-0.456116086,-0.555696257,-0.745470534,-1.081895395,-1.090352122,-0.038753808,0.005746522,-0.159633394,-0.326263674,-0.355554838,-0.20137891,-0.496293681,-0.167145953,0.151496059,0.028945228,-0.051235597,-1.098068198,-0.037412837,-0.058671692,-0.049486319,-0.118648231,-0.031163282,-0.863837421,-0.140705413,-0.352368754,-0.007125754,0.074658826,0.005564918,-0.114946889,-0.213761125,-0.038125995,0.044846972,0.307733949,0.502364425,-0.023150823,-1.391803372,-1.026270763,-1.166452102,1.160774624,0.63863722,-1.372976882,-0.210824248,-0.089440475,0.191118912,-0.425967591,0.048835502,6,0
33112024,0.107259548,-0.417195617,-0.387258812,-0.44096775,-0.613184324,-1.081895395,-1.090352122,-0.038753808,0.002427994,-0.123168354,-0.228935479,-0.265214136,-0.210390509,-0.43436614,-0.155895921,0.115709234,0.037310778,-0.065119424,-0.667850829,-0.05505727,-0.0758481,-0.038054528,0.090906234,-0.060627952,-1.071962785,-0.162854135,-0.810316313,-0.006336945,-0.008818553,-0.007661384,0.250318452,0.036317892,-0.018877989,0.12899004,0.258656665,0.510395325,-0.021161735,-1.391803372,-0.871275819,-1.010433682,1.015848033,0.587608884,-1.572694362,-0.210824248,-0.335115913,-0.096042172,0.592980219,-0.015960935,6,0
33212023,-0.437955165,-0.628620009,-0.963915435,-0.293863328,-0.376872736,-0.572456225,-0.576402189,-0.321578087,-0.331438981,-1.442945541,-0.523158899,-0.408832324,-0.268438272,-0.418444885,-0.215797219,0.388547168,-0.084961652,-0.173129859,0.206734387,-0.205237146,-0.220590141,-0.096487466,0.067861126,0.091470264,-0.073193851,-0.060865649,0.389100724,-0.011070785,-0.023354965,-0.012136786,-1.820277454,-2.15195572,0.022998467,-0.332559586,-0.457801966,0.029846629,-0.02613738,0.991656277,1.031620311,1.159333865,-1.174094425,-0.420593763,0.929812321,-0.210824248,-1.27817541,-1.48999472,-0.233827799,-0.108730074,8,0
33212024,-0.857740205,-0.640390948,-0.996734381,-0.233986587,-0.317570525,-0.572456225,-0.576402189,-0.359264268,-0.401690295,-1.763768247,-0.364694106,-0.314462942,-0.254918628,-0.396136686,-0.227546035,0.410480311,0.013498671,-0.154022407,0.012696016,-0.174397544,-0.192961996,-0.181135432,0.114458496,-0.001817584,-0.038722645,-0.044859458,0.638744183,-0.006336945,-0.008818553,-0.012531825,-1.338664521,-1.731572065,-0.160796524,-0.782002482,-0.634193059,-0.095886845,-0.025717012,0.384861177,1.519059366,1.59720766,-1.6545307,-0.542600338,1.337813023,-0.210824248,-1.114420834,-1.2310354,-0.233827799,-0.108730074,8,0
33382023,0.297624749,0.073007084,-0.337885326,0.083807323,-0.107179295,-0.709457958,-0.714493074,-0.155466575,-0.1111548,-0.45128643,0.080321618,-0.087815499,-0.118230654,0.14008458,-0.112056339,0.608017367,0.030993154,-0.014009811,-0.85877472,-0.006400013,-0.027526286,0.022340669,0.054731857,-0.081030016,-1.938877275,-0.185973217,1.056554608,-0.007125754,-0.014247341,0.003473821,0.310567062,0.339624588,0.149745541,1.520148915,-0.073152767,0.328115548,-0.023131513,-1.391803372,0.304533659,0.355495037,-0.327039571,0.303152089,-1.726119046,-0.210824248,0.350062679,0.446044006,-0.523429889,0.055795657,5,0
33382024,0.240098118,0.039694372,-0.356947698,-0.001578154,-0.18422236,-0.709457958,-0.714493074,-0.155453137,-0.098789244,-0.389313153,0.06979457,-0.092010083,-0.124418322,0.154202014,-0.102963602,0.68024574,0.0399191,-0.022584257,-0.792361878,-0.004071426,-0.025127015,-0.037979027,0.068437451,-0.081424864,-1.938877275,-0.187002584,0.983446456,-0.006336945,-0.008818553,0.001581112,0.589210202,0.614005705,0.184631579,0.003353284,0.061776034,0.383693092,-0.023092573,-1.352979564,0.104215205,0.115062177,-0.081771575,0.378141917,-1.726119046,-0.210824248,0.234435655,0.474645188,-0.374873248,0.045275919,5,0
33562023,0.218969671,-0.255359212,-0.733236869,-0.969359024,-1.10956625,-0.679594475,-0.684384174,-0.213538047,-0.091692836,-0.383152483,-0.650131847,-0.726216537,-0.151328815,0.050056008,-0.072981813,0.586822242,0.028561309,-0.040124227,-0.49133135,-0.004132494,-0.024616233,-0.005057406,0.097754599,-0.050609686,-0.67828819,-0.215522767,1.179501192,-0.005942564,0.030111701,-0.004744928,1.145161887,0.558397025,0.326919756,-0.028261115,1.485373914,1.383724632,-0.022746516,-1.036769453,-1.305544407,-1.423217501,1.394749832,2.644353575,-1.044315032,-0.210824248,-0.011454794,0.456253239,-0.960889704,0.092198317,7,0
33562024,0.149366333,-0.140848046,-0.63349926,-0.949970832,-1.111531481,-0.843663387,-0.849855367,-0.213538047,-0.040512113,-0.265118639,-0.684305425,-0.743164472,-0.157073859,0.032851858,-0.042289389,0.600578504,0.028561309,-0.04462645,-0.449010523,0.067024905,0.046386901,-0.026643713,0.094883393,-0.133917926,-0.67828819,-0.258796382,1.168874035,-0.006336945,-0.008818553,-0.000851783,2.866213023,1.646561778,0.128214132,-0.028261115,1.590640063,1.575329786,-0.023057173,-0.743504611,-1.432456405,-1.528759008,1.489134893,2.742827735,-1.094073637,-0.210824248,-0.033660444,1.485872233,0.10392308,0.013932288,7,0
34162023,0.035448204,-0.219109469,-0.327646566,-0.44681443,-0.681927665,-0.875285606,-0.879582178,0.097667187,-0.047783885,-0.01757321,-0.179793551,-0.40728437,-0.07328115,0.036640878,-0.107768203,0.750634901,0.076190645,0.046882762,-0.588728211,0.054599247,0.033671673,0.018742637,0.080206401,-0.122937882,-0.646061422,-0.186789174,1.808201953,-0.007125754,-0.00269965,0.001856798,1.355075747,0.850406355,-0.038160202,0.447866079,0.586076797,0.654296923,-0.0231082,-0.943073834,-1.088932521,-1.226905777,1.216387742,0.031217441,-1.148398714,-0.210824248,1.348942129,1.361564274,-0.329244799,0.042142188,5,0
34162024,0.0484183,-0.06006639,-0.156920648,-0.390989773,-0.337818778,-0.847171728,-0.853395119,0.11028746,-0.014447659,0.062906646,-0.070217092,-0.335466009,-0.0406971,0.281223244,-0.067250712,0.808690548,0.097049983,0.052316904,-0.125679196,0.065286684,0.046038841,0.02156013,-0.041290762,-0.001922452,-0.195265569,-0.18440317,1.954489455,-0.006336945,-0.008818553,-0.005775494,1.212723907,0.724620897,-0.020629737,0.275082468,0.718373692,0.761270039,-0.022497482,-0.307454587,-0.663699388,-0.788996852,0.80688104,-0.326941696,-0.499606689,-0.210824248,1.395806924,1.467782676,-0.303345399,0.040380828,5,0
34192023,-0.204395677,-0.784197488,-0.911122945,-0.805011806,-0.76489837,-0.292437838,-0.294458857,-0.225600765,-0.226901275,-0.776783741,-0.584259244,-0.521303019,-0.221406684,-0.050450028,-0.183223264,0.583608463,0.22246352,-0.139294954,-0.097992629,-0.133814823,-0.151996655,-0.04790163,0.155486453,-0.047562307,-0.282083047,-0.085669633,0.671144254,-0.009887101,-0.045675942,-0.012019565,-1.03687574,-0.85637915,-0.142914178,0.316904809,0.467928543,0.614231334,-0.02631302,0.455993427,-0.369976578,-0.453684544,0.483673262,-0.453889352,-0.098416,-0.210824248,-0.868757028,-0.801154317,-0.233827799,-0.108730074,7,0
34192024,-0.533581568,-0.904664578,-0.994062337,-0.764444827,-0.79393872,-0.292437838,-0.294458857,-0.287327279,-0.238909186,-0.880196106,-0.549594127,-0.506874697,-0.215168069,0.020409289,-0.201304151,0.675103419,-0.638972523,-0.140174289,-0.341645297,-0.147146061,-0.169365763,-0.079588897,0.08640911,-0.062239228,-0.409894791,-0.080593732,0.733751055,-0.006336945,-0.008818553,-0.014477938,-1.025666163,-0.834259234,-0.145159993,-0.248251586,0.193598418,0.406056805,-0.024824097,-0.141693542,-0.298383677,-0.369455077,0.401268414,-0.575452495,-0.288842256,-0.210824248,-0.874607776,-0.887343045,-0.233827799,-0.108730074,7,0
34322023,-2.256972867,-2.288704853,-2.875170417,-2.810054083,-2.580167564,-2.148382495,-2.16998474,-0.257989522,-0.298041456,-2.315851907,-3.021411602,-1.421294147,-0.262844838,-2.370253769,-0.234825941,-0.663070177,0.027801908,-0.077966328,-1.116514623,-0.083435033,-0.105096381,-0.067301564,0.068956945,-0.020895289,-0.843389,-0.091059007,1.771397551,-0.00830909,-0.019382979,-0.016258073,-0.691287003,-0.555715703,-0.020231015,1.004747994,2.225985312,2.383796678,-0.024352913,1.559559382,-1.321919789,-1.436922828,1.407068397,0.332158924,-0.385758396,-0.210824248,-0.61647459,-0.621989491,-0.233827799,-0.108730074,8,0
34322024,-0.950102921,-2.150612322,-2.757261877,-3.262148483,-4.004535188,-1.859879251,-1.877471262,-0.237637694,-0.307093501,-2.055806015,-2.514470772,-1.29788003,-0.262442996,-2.248557635,-0.230204221,-0.680746442,0.03878846,-0.078845348,-1.211327115,-0.084623862,-0.106454067,-0.094321738,0.152333324,-0.004919089,-1.938877275,-0.095686478,1.524780839,-0.006336945,-0.008818553,-0.020396694,-0.971287189,-0.686582725,0.058259182,-1.188263616,2.83732002,3.101017658,-0.024065602,0.512815953,-3.078108598,-2.340733387,2.166160214,0.480788005,-1.726119046,-0.210824248,-0.599149838,-0.614248797,-0.233827799,-0.108730074,8,0
34372023,0.5421557,-0.253192282,-0.456570804,-0.538651455,-0.719169321,-0.070071452,-0.070867347,0.081856761,-0.213360534,-0.17042485,-0.36253257,-0.39894664,-0.191597998,0.183242339,-0.106217378,0.579861045,0.102950951,-0.128440872,-0.404970735,-0.141646439,-0.164105346,-0.074680196,0.072789222,0.02155427,-0.721596233,-0.201346787,0.733751055,-0.009098063,-0.039874505,-0.014928186,-0.659781292,-0.549401106,-0.02492177,-0.198300418,0.718334011,0.914352862,-0.024609235,-0.615268439,-0.9756421,-1.116844034,1.114908805,0.16640009,-1.191967929,-0.210824248,-0.7250118,-0.777135353,-0.233827799,-0.108730074,6,0
34372024,0.44932378,-0.274742503,-0.466876152,-0.508662548,-0.744758309,-0.070071452,-0.070867347,0.081896249,-0.249122738,-0.173792,-0.342001877,-0.376778303,-0.195340255,0.273131168,-0.115011714,0.683038778,-0.280668527,-0.159448269,-0.507946188,-0.161287412,-0.185801201,-0.063144862,0.05197284,-0.029686022,-0.835581941,-0.200672252,0.268268366,-0.006336945,-0.008818553,-0.018713101,-0.429234456,-0.41200144,0.135386998,-0.089020309,0.626015444,0.843350987,-0.024180664,-0.825969496,-1.009700706,-1.150267263,1.145833225,0.247688427,-1.336583845,-0.210824248,-0.899889988,-0.882211158,-0.233827799,-0.108730074,6,0
34472023,0.089683483,-0.240188444,-0.706225125,-0.059037799,-0.292668977,-0.897853822,-0.903057955,-0.234181635,-0.198537508,-0.961177599,-0.113328306,-0.159697484,-0.219833084,-0.275902943,-0.17857133,0.627272868,0.153252242,-0.100489586,-0.157303915,-0.095555298,-0.112488377,0.050979145,0.099657821,-0.115704652,-0.24071332,-0.107743741,0.748962407,-0.011859992,-0.09000355,-0.011018977,-0.607114062,-0.646583266,-0.018877989,4.040005243,-0.316702839,-0.177533567,-0.028110075,-0.327273294,0.601110455,0.700494586,-0.685395548,0.303375706,0.125164381,-0.210824248,-0.732605214,-0.636426535,-0.233827799,-0.108730074,7,0
34942023,-3.028584533,-1.885185712,-0.975027517,-0.355295508,-0.355979288,-0.074577232,-0.075395171,-0.343979314,-0.628616692,-1.540612279,-1.039574839,-0.737558733,-0.256118287,-0.475923245,-0.323768717,0.30593187,0.022952276,-0.147197051,0.452475534,-0.206505123,-0.211955628,-0.102827325,0.093081243,-0.007253329,0.063437226,-0.023076749,0.204305575,-0.014622763,-0.024008236,-0.011369161,-1.677026839,-1.901887074,-0.289487863,-0.484866916,-2.953642209,-2.999172752,-0.027817427,1.791985462,1.184030071,1.30621726,-1.333628928,-1.815953485,1.378663124,-0.210824248,-0.832485071,-1.130720504,-0.233827799,-0.108730074,9,0
34942024,-0.851871085,-1.48596776,-0.919700853,-0.834387175,-0.439187963,-0.605712087,-0.609913752,-0.259462757,-0.345764286,-1.182241356,-0.860199079,-0.678668661,-0.236452887,-0.487571727,-0.245419299,0.260748993,0.082061044,-0.10775356,0.51161326,-0.150477522,-0.149719012,-0.090361545,0.090934128,0.082443049,0.007618918,-0.039872716,0.671144254,-0.006336945,-0.008818553,-0.010869877,-1.156565142,-1.279669006,-0.467057891,-0.323944882,-0.606948216,-0.631187677,-0.032535136,1.724866099,0.617919596,0.719343683,-0.705194862,-1.053498076,0.880945373,-0.210824248,-0.729263304,-1.04935675,-0.233827799,-0.108730074,9,0
35012023,0.895259959,0.528448228,0.309584388,-0.306300803,-0.188915451,-0.315914124,-0.3180805,0.339298458,0.31958678,0.650574021,0.313674039,0.079019044,-0.031868517,0.337638636,0.215955694,0.249209644,0.030057993,0.053595841,-0.652497941,0.069016917,0.047904329,0.135961826,0.039423273,-0.25412179,-0.736927034,-0.310414577,-0.473503689,-0.007520183,-0.01591061,0.005338311,0.192898095,-0.007529472,0.066697561,0.751377913,1.407799403,1.231764497,-0.023158515,-1.170359437,-1.103781665,-1.240941004,1.229254297,0.10734015,-1.456400657,-0.210824248,0.847118377,0.926849864,-0.468554556,0.051847364,5,0
35012024,0.697169767,0.612264042,0.395458913,-0.174614285,-0.063150337,-0.315914124,-0.3180805,0.339301514,0.368573385,0.722723496,0.38837875,0.140603714,-0.003408938,0.421290923,0.258557269,0.208971691,-2.534089595,0.071172772,-0.706296451,0.118405994,0.096964461,-0.05148166,-0.025382247,-0.084709543,-0.470274051,-0.275124403,-0.266045982,-0.006336945,-0.008818553,0.01296703,0.908313951,0.464521664,-0.049072933,-0.341145105,1.306425491,1.050487187,-0.023245646,-1.241198968,-0.996083692,-1.136887919,1.133465271,0.178326917,-1.213953492,-0.210824248,1.022612923,1.366734804,-0.340065262,0.042881707,5,0
35042023,0.348253553,-0.258295244,-0.157584285,-0.147661428,-0.185552408,-0.361891447,-0.364351141,0.309269136,-0.167714704,-0.038221844,-0.080758939,-0.149066443,-0.203735924,0.296742829,-0.164853779,1.015130609,0.028561309,-0.183346801,0.099999029,-0.218521882,-0.23781344,-0.03150006,0.060402117,-0.133045225,-0.178153282,-0.125256077,1.280275787,-0.006336945,-0.008818553,-0.012937314,-0.987260996,-0.825215838,0.08088409,0.160072331,-0.13672076,0.165544021,-0.025467218,-0.287932572,-0.309216587,-0.382226629,0.413793858,-0.704898871,-0.406502317,-0.210824248,-1.215785299,-1.416188053,-0.233827799,-0.108730074,6,0
35042024,0.310754822,-0.288214704,-0.210634068,-0.329840337,-0.222528038,-0.361891447,-0.364351141,0.309269136,-0.203655162,-0.095753341,-0.186656494,-0.235197143,-0.206472746,0.213403789,-0.14146578,0.947388148,0.028561309,-0.166359955,-0.06666274,-0.195477583,-0.216974509,-0.053068066,0.082871423,-0.067187367,-0.26581844,-0.132028422,1.210764166,-0.006336945,-0.008818553,-0.013663528,-0.806843317,-0.686582725,0.14512046,-0.036119655,0.227451996,0.403917587,-0.025055644,-0.690887742,-0.301082125,-0.37264721,0.404400055,-0.572546765,-0.519432936,-0.210824248,-1.092525749,-1.252552587,-0.233827799,-0.108730074,6,0
35182023,0.129350007,-0.796418696,-1.173021715,-1.069824188,-1.287541337,-0.772483216,-0.778050696,-0.012685484,-0.275291685,-0.851787159,-1.378817492,-0.962326102,-0.243867312,-0.897496043,-0.169276151,0.053880233,-0.548489381,-0.088139207,-0.498935402,-0.071621762,-0.092003517,-0.091790899,0.114546174,-0.038617656,-0.479533928,-0.136043452,1.546679824,-0.010676207,-0.042943158,-0.010117235,-0.804919668,-0.624840295,-0.113013236,-0.456954989,0.978771865,1.167777251,-0.026029587,0.319292522,-1.059834701,-1.198882367,1.190646924,0.383314199,-0.447247923,-0.210824248,-0.582472467,-0.389210639,-0.233827799,-0.108730074,7,0
35182024,0.346854892,-0.524849495,-0.851539444,-1.039045247,-0.757137171,-0.575199799,-0.579166645,0.041372253,-0.303262542,-0.693883979,-1.42405117,-0.96005842,-0.24987227,-0.618559441,-0.128251942,0.349749504,0.119671363,-0.120995519,-0.208987407,-0.141902584,-0.162251502,-0.110434743,0.038825085,0.221669331,-0.212031201,-0.152530309,0.793582924,-0.006336945,-0.008818553,-0.012945732,-1.285876145,-0.951877528,-0.122037585,-0.48233704,1.271787127,1.410035793,-0.024966733,1.232418717,-0.451191528,-0.548476615,0.575837949,0.626735267,-0.015475101,-0.210824248,-0.834019715,-0.964054928,-0.233827799,-0.108730074,8,0
35302023,0.32256764,-0.057403443,-0.519816283,-0.688142637,-0.740083174,-0.870656929,-0.877092111,0.168428597,-0.151868352,-0.244639574,-0.473766035,-0.367891539,-0.279827588,-0.255105854,-0.034352025,0.892621979,0.028561309,-0.206154302,-0.166220033,-0.249451496,-0.276168564,-0.021206676,0.093579715,-0.042909063,-0.192098291,-0.123781645,1.920961806,-0.009098063,-0.082896456,-0.0168929,-1.215440374,-0.897472225,-0.127260853,0.946336127,1.266932094,0.581913892,-0.024551935,0.13355864,-0.925054117,-1.065754641,1.067461834,1.998233702,-0.294335619,-0.210824248,-1.854370506,-2.241411562,-0.233827799,-0.108730074,6,0
35302024,0.14495834,-0.259912021,-0.694325759,-1.145503345,-1.424721942,-0.8888339,-0.895434808,0.147369544,-0.166701787,-0.272616763,-0.447916693,-0.39448705,-0.239606633,-0.282886299,-0.06562874,0.884279417,0.028561309,-0.13864716,-0.361804942,-0.123148417,-0.144060417,-0.037715039,0.089448376,-0.146805357,-0.831837639,-0.146705771,1.929518216,-0.006336945,-0.008818553,-0.013178691,-0.743043471,-0.588327233,-0.08442811,0.65486026,1.752805168,1.05200177,-0.025288742,-0.307454587,-1.842500701,-1.823087359,1.745990078,1.753320902,-1.301237344,-0.210824248,-1.140730005,-0.914657955,-0.233827799,-0.108730074,6,0
35352023,-0.089332765,-0.789612667,-1.11116023,-1.026352579,-0.934349678,-0.859741189,-0.866077604,-0.282302849,-0.190727724,-0.949896562,-1.289164498,-0.995664379,-0.224841242,-0.595515937,-0.170511851,0.738762387,-7.310130043,-0.07479857,-0.352956906,-0.079227597,-0.09767771,-0.059251881,0.097750297,-0.093151938,-0.40698108,-0.106245364,0.247221054,-0.017781288,-0.026651348,-0.010624815,-0.586057874,-0.533520675,0.525666357,-0.087478928,0.905526913,0.796719431,-0.029142373,0.887341188,-0.435037271,-0.529694935,0.557625633,0.02481865,-0.23664473,-0.210824248,-0.457408885,-0.475692673,-0.233827799,-0.108730074,7,0
35432023,0.447870215,-0.008887302,-0.220822528,-0.341823375,-0.332035187,-0.688228768,-0.693088969,0.31485676,-0.140280262,-0.034892026,-0.028303617,-0.151746241,-0.156995388,0.099877654,-0.056541095,0.284065746,0.139587006,-0.052220716,-0.206118256,-0.052148847,-0.071398783,-0.055988219,0.027126019,-0.090123347,-0.35406308,-0.18145981,-1.162420504,-0.001605407,0.007288502,-0.009380656,-0.347240642,-0.355758016,-0.052034065,-0.151298362,0.699864622,0.899657153,-0.014711976,-0.566934294,-0.543260376,-0.654009374,0.677716689,-0.078522387,-0.701681691,-0.210824248,-0.171988544,-0.133742121,-0.057493232,0.024176955,6,0
35432024,0.382309926,-0.067342373,-0.239276996,-0.24449633,-0.304036692,-0.688228768,-0.693088969,0.301174657,-0.160885947,-0.081264035,-0.033291739,-0.13173648,-0.180397732,0.170916209,-0.091639788,0.355204187,-0.400957328,-0.102774319,-0.354723329,-0.120331898,-0.141004026,-0.052409448,0.079094959,-0.077669218,-0.418121643,-0.157543089,-1.248010465,-0.006336945,-0.008818553,-0.012945732,-0.490174959,-0.457356811,-0.11551626,-0.110496115,0.408783072,0.655330584,-0.024854325,-0.825969496,-0.446259104,-0.543108502,0.570635046,-0.271109534,-0.779273853,-0.210824248,-0.705300242,-0.821785062,-0.233827799,-0.108730074,6,0
35632023,0.170435458,0.445341512,0.013090113,-0.746456293,-0.906074589,-1.324520767,-1.33554984,0.417579377,0.127359284,0.446532012,-0.436895855,-0.700121726,-0.072268044,0.239533176,0.207438937,0.843655068,0.629670078,0.023604488,-0.756925612,0.031805724,0.0106833,-0.001027777,-0.5013052,0.663170836,-1.938877275,-0.48501045,1.635448748,-0.007520183,0.004475859,0.005323026,0.635538963,0.229905556,-0.013801489,-0.077437188,1.960683745,2.046725381,-0.023177669,-1.391803372,-1.891890829,-1.853619843,1.772033114,1.411193108,-1.726119046,-0.210824248,1.459032284,1.52384586,-0.422573816,0.048597305,5,0
35632024,0.100934125,0.401616046,0.016214386,-0.644162167,-0.793353779,-1.324520767,-1.33554984,0.400328142,0.12340838,0.432126187,-0.527096799,-0.731380246,-0.101268022,0.29744223,0.171333732,0.873384017,1.318120517,-0.016591765,-0.921969109,0.008752542,-0.012475448,-0.024424469,0.093925852,-0.134592173,-1.938877275,-0.441652892,2.290766518,-0.006336945,-0.008818553,0.00927338,0.269110801,-0.017148162,0.026741104,-0.288488256,1.767120472,1.834082664,-0.023223162,-1.391803372,-1.726437836,-1.747023266,1.680585699,1.402123718,-1.726119046,-0.210824248,0.658285797,1.119496787,-0.001162349,0.056976962,5,0
35882023,-0.295251567,-0.672875005,-0.994341551,-1.250887075,-1.535519722,-1.303614869,-1.314412063,-0.137372305,-0.121132116,-0.582140844,-0.714730661,-0.701876299,-0.183004416,-0.012052031,-0.144164533,0.896162475,0.028561309,-0.070018724,-1.226699748,-0.068751983,-0.090099764,-0.027483495,0.087198924,-0.041845873,-1.938877275,-0.12442719,1.847982319,-0.010281645,-0.008818553,-0.005851896,-0.264218515,-0.318086998,-0.070634644,0.787197669,1.45035303,1.025417942,-0.022759138,-1.391803372,-1.677104684,-1.712805262,1.650929632,0.084482924,-1.726119046,-0.210824248,-0.415098195,-0.313622973,2.062557674,-0.108730074,6,0
35882024,-0.23789327,-0.554411586,-0.90248098,-1.202661097,-1.359272175,-1.263359475,-1.273715544,-0.13456003,-0.106959978,-0.51622144,-0.560701722,-0.621501285,-0.160625606,0.04865044,-0.126402176,0.92186162,0.028561309,-0.050351603,-1.175164901,-0.049811504,-0.071104892,-0.064507524,0.08459088,-0.02056503,-0.910081327,-0.126475559,1.479250253,-0.006336945,-0.008818553,0.003685902,0.348384826,0.04214997,-0.063711732,-0.070462752,1.509237838,1.075409974,-0.023192909,-1.352979564,-1.509486116,-1.589496271,1.542937555,0.196807981,-1.326832616,-0.210824248,-0.036077575,0.039006822,0.396363804,-0.004096468,6,0
35912023,0.358783017,-0.292217266,-0.327779432,-0.489286428,-0.603396882,-0.077802692,-0.078636483,0.2826276,-0.215903711,-0.047767185,-0.356422184,-0.429624897,-0.16808731,0.041508452,-0.121574709,0.58690013,-0.603063227,-0.057971989,-0.099413566,-0.063249761,-0.081799791,-0.053932802,0.079187305,-0.054604377,-0.341647739,-0.151012609,0.137805198,0.007457399,0.09381506,-0.00999191,-0.346121575,-0.359065473,-0.015350655,-0.038473526,0.559835832,0.680805362,-0.010272345,-0.176679028,-0.94036996,-1.081283521,1.081906022,-0.540226182,-0.673955538,-0.210824248,-0.301174691,-0.334025426,0.856666569,-0.031702823,6,0
35912024,0.3954765,-0.189436232,-0.261299212,-0.550918213,-0.543290876,-0.077802692,-0.078636483,0.271652526,-0.196327425,0.016047504,-0.190108839,-0.31322559,-0.146147934,0.086954661,-0.087725523,0.635159254,0.02820081,-0.038558331,-0.202359745,-0.036487006,-0.055760953,-0.039022799,0.065451972,-0.044232923,-0.382041153,-0.164234583,0.091992402,-0.006336945,-0.008818553,-0.008735985,0.296731323,0.070103072,-0.02749399,0.060110009,0.836122487,0.937300833,-0.020509803,-0.716968254,-0.921890321,-1.062429275,1.064366216,-0.400873822,-0.773746854,-0.210824248,-0.135356083,-0.112393459,-0.579309093,0.059904319,6,0
35932023,-1.541369862,-1.537237668,-1.262407061,-0.465485907,-0.571713356,-0.631199219,-0.635600641,-0.349655965,-0.426685817,-1.764516436,-0.877743093,-0.660815026,-0.249163966,-1.175302743,-0.28712367,-1.598313375,-0.019218031,-0.083068982,0.189293047,-0.109176851,-0.119526739,-0.075793799,0.076802354,0.009100797,-0.137119105,-0.047763976,0.464782627,-0.022521335,-0.096349193,-0.010833578,-0.88524362,-0.993420128,-0.180091127,-0.21613126,-1.781803416,-0.733080086,-0.033890052,1.348546201,1.081667916,1.208530992,-1.227354444,-0.876972121,1.072060452,-0.210824248,-0.518675473,-0.71158829,-0.233827799,-0.108730074,9,0
35932024,-1.917546528,-1.517709071,-1.235212557,-0.376360956,-0.436216986,-0.631199219,-0.635600641,-0.340498595,-0.51290542,-2.226715163,-0.879361286,-0.610927292,-0.282696688,-0.947759148,-0.299589653,-1.598313375,0.247820066,-0.141755521,0.310391981,-0.173612835,-0.183391773,-0.089787419,0.083958293,-0.000109276,-0.081560821,-0.041164707,0.020943367,-0.006336945,-0.008818553,-0.011393124,-1.615652322,-2.302081032,-0.159433553,-0.428848228,-2.028104208,-0.82054236,-0.027868163,1.436404205,1.868303727,1.851987949,-1.941376942,-1.194846438,1.708221239,-0.210824248,-1.038220954,-1.262499295,-0.233827799,-0.108730074,D,0
36072023,-0.296080489,-0.339822278,-0.557258231,-0.353680895,-0.452778513,-0.280186326,-0.282132681,0.238854733,-0.240633577,-0.471648312,-0.16987076,-0.205916579,-0.22009209,-0.162524021,-0.150402611,-0.482443457,-0.925098823,-0.117602377,0.125437766,-0.093312995,-0.104754894,-0.045718707,0.088281286,-0.079299292,-1.938877275,-0.146021501,-0.70377335,-0.013043932,-0.037691739,-0.010670041,-0.633031287,-0.57096784,-0.138942717,-0.085936601,0.193929645,0.479357772,-0.041092202,-1.391803372,-0.231081203,-0.289282496,0.322393535,-0.096630766,-1.726119046,-0.210824248,-0.717728351,-0.544346141,-0.233827799,-0.108730074,7,0
36072024,-0.136018535,-0.189668188,-0.441348733,-0.139787879,-0.239183209,-0.280186326,-0.282132681,0.197079385,-0.219920671,-0.484375133,-0.052887695,-0.121408817,-0.207391526,-0.173543218,-0.147893585,-0.498671415,0.108720768,-0.090686989,0.054891479,-0.069328488,-0.086540779,-0.053180743,0.137546097,-0.078374261,-1.938877275,-0.141790359,-0.738733718,-0.006336945,-0.008818553,-0.010276513,-0.091010538,-0.120909891,-0.079621757,-0.112785123,-0.03187905,0.327565421,0.009012933,-1.391803372,0.126309828,0.141600017,-0.108663335,-0.008219658,-1.726119046,-0.210824248,-0.538070904,-0.378706313,2.062557674,-0.108730074,7,0
36222023,-0.176004625,0.450801601,0.221967885,-0.766686286,-0.717506273,-0.01613114,-0.01667229,0.39368799,-0.036699243,0.663352637,-0.483393311,-0.56920772,-0.152336377,-0.521678875,0.212535182,0.201779616,-0.085052637,0.003701141,-0.706166524,0.047636846,0.02652701,-0.021389959,0.074181765,-0.094930476,-1.938877275,-0.527465314,-0.104084326,-0.007125754,-0.011774528,0.005211831,1.899149246,0.922292665,-0.013453138,-0.108204712,1.994011616,2.086944404,-0.023223162,-1.391803372,-1.864587803,-1.836840233,1.757736135,0.780537797,-1.726119046,-0.210824248,0.190959954,0.498080526,0.486736431,-0.009568951,6,0
36222024,0.115634283,0.510624347,0.285472002,-0.810464336,-0.729164991,-0.01613114,-0.01667229,0.370987854,0.031221097,0.740055442,-0.508218026,-0.640739681,-0.12966443,-0.476396562,0.256441726,0.162873576,0.020327392,0.025774712,-0.642879894,0.092231687,0.071027348,0.017798979,0.081051055,-0.111979324,-0.910081327,-0.580600569,0.48313129,-0.006336945,-0.008818553,0.00714271,1.165013158,0.491353946,0.027329904,0.031235557,2.115279156,2.209559702,-0.023230676,-1.241198968,-1.958848022,-1.893942408,1.806232344,0.81932143,-1.593648947,-0.210824248,0.366446407,0.818371955,0.796317579,-0.028109468,6,0
36452023,-0.465391046,-0.695611254,-0.135610863,-0.154414331,-0.080050078,-0.177420761,-0.178773431,-0.053110946,-0.094005562,-0.093594608,-0.501803694,-0.46717373,-0.21767733,-0.156840677,-0.250785129,0.805740801,0.031373214,-0.113687495,0.322620245,-0.143374695,-0.150966471,-0.025859102,0.056428642,-0.082513045,0.234221043,-0.01430183,1.044683232,-0.01620188,-0.091240897,-0.011051909,-0.713809236,-0.640078916,-0.03827992,0.154334142,-0.956938301,-0.56044923,-0.029484583,1.076879184,-0.074834609,-0.101448352,0.135951381,-1.304136506,0.378304014,-0.210824248,-0.666623923,-0.821785062,-0.233827799,-0.26495785,7,0
36452024,-0.347767353,-0.490689138,-0.114187742,-0.222798673,-0.101958552,-0.177420761,-0.178773431,-0.053950839,-0.066479933,-0.035356761,-0.2767482,-0.390145978,-0.147675316,-0.056460526,-0.203046365,0.815634979,0.034587692,-0.025060849,0.306314547,-0.025285976,-0.039870477,-0.010657348,0.063589663,-0.082919874,0.195015268,-0.023940295,1.136354068,-0.006336945,-0.008818553,-0.009673228,0.148191847,0.079887864,0.018588237,0.330333974,-0.380165328,-0.074581364,-0.016790283,0.764096808,-0.178826645,-0.22684346,0.260671999,-1.110769973,0.256036932,-0.210824248,0.009493147,0.010381102,-0.44735449,0.050342656,7,0
36522023,-0.305121059,-0.429938942,-0.771982953,-0.799455956,-0.929706086,-0.934241067,-0.941262808,0.074297579,-0.20164075,-0.492693173,-0.277969629,-0.419656527,-0.129011491,0.385060066,-0.124140653,0.645341841,-0.455941287,-0.061925228,-0.7567773,-0.063196439,-0.084137981,-0.055604792,0.00699031,-0.046864162,-1.938877275,-0.155763782,0.068625784,-0.004365199,0.194710456,-0.008290999,-0.210754645,-0.268130099,0.259652108,0.060110009,0.966032237,0.889148885,-0.021077844,-1.391803372,-0.931409487,-1.072407751,1.07365261,0.441257757,-1.726119046,-0.210824248,-0.288444364,-0.250576754,-0.29801954,0.040020112,6,0
36522024,0.275473252,-0.336186322,-0.707491267,-0.668815858,-0.819679886,-0.934241067,-0.941262808,0.074297579,-0.191528404,-0.457331066,-0.222352962,-0.381607831,-0.118941614,0.408677999,-0.113947542,0.671008917,-0.018881144,-0.054518545,-0.813142494,-0.04812088,-0.069133205,-0.045192346,0.228543705,-0.039988955,-1.938877275,-0.167834543,0.48313129,-0.006336945,-0.008818553,-0.00511738,0.068029297,-0.080739441,0.324200026,0.391872226,0.850343432,0.804851801,-0.022597337,-1.391803372,-0.808294217,-0.944875593,0.954371138,0.489147701,-1.726119046,-0.210824248,-0.169276016,-0.021526949,0.208832962,0.007397835,6,0
36692023,0.543750012,-0.2394485,-0.237037721,-0.295352217,-0.494118641,-0.632999402,-0.637415057,0.001383745,0.034944931,0.027573738,-0.209716728,-0.558621577,-0.006837856,0.894039736,-0.134211206,1.121190242,0.103949805,-0.04608803,-0.184998895,-0.018851982,-0.03808634,0.001440113,0.111778501,-0.090100422,-0.178844541,-0.170549335,0.48313129,-0.003182339,0.067489013,-0.008123516,1.212723907,0.766887051,0.142483258,0.638409226,0.233088641,0.459866923,-0.021617441,-0.327273294,-0.861369508,-1.000498546,1.006552967,-0.153651794,-0.450065167,-0.210824248,-0.100646394,0.256469232,0.148405024,0.011151123,5,0
36692024,0.613046537,-0.22669488,-0.14974009,-0.302222219,-0.456520559,-0.632999402,-0.637415057,0.001383745,0.043797504,0.130183624,-0.176843754,-0.56761798,0.019669483,0.948468623,-0.129757757,1.17081661,0.082483648,-0.034452624,-0.09944519,-0.020267487,-0.038985263,-0.016892494,0.094847417,-0.094921,-0.26581844,-0.185473654,0.044944734,-0.006336945,-0.008818553,-0.008553712,1.02246696,0.57713382,0.136991566,0.28844141,0.269395552,0.503074329,-0.02040749,-0.474901572,-0.919681132,-1.060212803,1.062302386,0.003019042,-0.654196712,-0.210824248,0.049574587,0.239848449,-0.809254965,0.078121331,5,0
36862023,-3.57840357,-1.274904423,-1.976356512,-3.368775441,-4.179504209,-0.90733257,-0.914103746,-0.360415997,-0.246967077,-1.369393464,-2.584815591,-1.292449262,-0.264237028,-2.203831875,-0.188133286,-1.598313375,0.331177894,-0.082352175,-1.740269349,-0.088018962,-0.110272469,-0.06854579,0.081020832,-0.024976119,-1.938877275,-0.137348868,0.958040043,-0.007520183,-0.019808078,-0.199028496,-0.804919668,-0.585665524,-4.207356075,0.23846779,3.369434236,4.136497022,-0.023435486,-1.391803372,-3.582546818,-2.441001983,2.239771135,2.814992478,-1.726119046,-0.210824248,-0.54013342,-0.562939681,-0.233827799,-0.108730074,8,0
36862024,-2.940199522,-1.618643809,-1.974680423,-3.352529807,-3.716166555,-0.90733257,-0.914103746,-0.360415997,-0.248650766,-1.375258028,-2.22721842,-1.196812448,-0.2642543,-2.667752926,-0.209545489,-1.598313375,0.024193267,-0.077076124,-1.93258987,-0.076433914,-0.098020282,-0.077490128,0.103519921,-0.02498577,-1.938877275,-0.11746795,1.602435714,-0.006336945,-0.008818553,-0.080363668,-0.463065921,-0.424568581,-0.218810632,-0.283760716,3.199024183,3.799268145,-0.023516221,-1.391803372,-3.287258221,-2.387775151,2.201197415,2.938096079,-1.726119046,-0.210824248,-0.483966181,-0.450585514,-0.233827799,-0.108730074,8,0
36942023,0.41510833,0.31928691,-0.023119415,0.284177616,0.075563961,-0.006381441,-0.006878358,0.132157788,-0.163840643,-0.05189509,0.732157808,0.561519144,-0.033105182,0.637802071,-0.060814359,1.223065802,0.028561309,-0.00458279,-0.109868637,-0.002570443,-0.021421187,0.09988214,0.07752771,-0.137585509,-1.938877275,-0.186974316,0.778875729,-0.005942564,-0.005092332,-0.007952317,0.27287318,0.311883742,0.17204501,1.465712836,-0.075003242,0.083321051,-0.02180214,-1.314953382,0.131121502,0.147320162,-0.114465617,0.114258513,-1.726119046,-0.210824248,0.120717542,0.125096995,0.285434496,0.002676982,6,0
41062023,-0.030144275,-0.465517139,-0.492498838,-0.530096763,-0.62700518,-0.521723634,-0.525290398,-0.156930379,-0.060431119,-0.260161553,-0.167379507,-0.421392688,-0.055631141,0.631771748,-0.155384422,0.687755476,0.017846659,-0.028364405,-0.066574158,-0.029022563,-0.047485144,-0.007849544,0.08474375,-0.078165698,-0.336055278,-0.114340994,0.182427521,-0.004365199,0.065203944,-0.00893924,0.344597614,0.141583017,0.184196159,0.807329929,0.374234064,0.474927981,-0.019315367,-0.107685413,-0.73934915,-0.871393205,0.885070364,0.085205651,-0.540588497,-0.210824248,0.088545108,0.094374335,0.041603689,0.017857479,5,0
41062024,-0.009315994,-0.50583885,-0.517141268,-0.645173387,-0.770498323,-0.521723634,-0.525290398,-0.156885035,-0.055290395,-0.228783259,-0.236577493,-0.47933309,-0.066904895,0.630948203,-0.151692635,0.682058261,0.316361422,-0.040885789,-0.103797765,-0.042063231,-0.060733394,-0.042609316,0.083028659,-0.065611449,-0.388341879,-0.123018929,-0.078388004,-0.006336945,-0.008818553,-0.00924679,0.212833756,0.020152362,0.170045933,0.131437757,0.553800096,0.583635722,-0.018411164,-0.091035337,-0.986988135,-1.127975825,1.125218625,0.109196942,-0.649110733,-0.210824248,-0.060530611,-0.051263342,-0.472716457,0.052144059,5,0
41082023,-1.850522547,-0.586584504,-0.78231159,-2.096093816,-2.307753976,0.288038134,0.288606711,-0.357783194,-0.298900342,-0.287689063,-1.863951804,-1.17629869,-0.250496986,-0.73886324,-0.113468053,0.453942563,0.028561309,-0.112043728,-1.303988971,-0.109740411,-0.133196466,-0.092933597,0.10432034,-0.02693365,-1.938877275,-0.196505442,1.354275498,-0.006336945,-0.008818553,-0.070894681,-0.438807791,-0.413014889,-0.438633382,-0.340485685,2.654970273,2.807313111,-0.023535991,-1.391803372,-2.837029337,-2.274829616,2.115862073,0.968410632,-1.726119046,-0.210824248,-0.564662258,-0.558990267,-0.233827799,-0.108730074,7,0
41082024,-2.674143143,-0.708599857,-0.747650533,-2.128650068,-2.39050537,0.288038134,0.288606711,-0.351351437,-0.328824285,-0.249607586,-1.89493348,-1.185541639,-0.251200661,-0.588266246,-0.132476699,0.582936722,0.028645767,-0.126358817,-1.310842929,-0.126780995,-0.151332263,-0.091348971,0.068596983,0.030946753,-1.938877275,-0.177871878,0.836736926,-0.006336945,-0.008818553,-0.107366156,-0.663730887,-0.522548376,-0.478573388,-0.32460862,2.599832647,2.720634997,-0.023482918,-1.391803372,-2.946649612,-2.306576644,2.140253097,1.071127434,-1.726119046,-0.210824248,-0.622160832,-0.621989491,-0.233827799,-0.108730074,7,0
41192023,0.251921668,-0.356604393,0.137867429,-0.660969186,-0.237014379,-0.302630896,-0.304714658,0.483938816,0.010235918,0.433249884,-0.680974709,-0.640589148,-0.197527368,-0.735544874,-0.119338845,0.222138832,0.028561309,-0.035143083,-0.389899512,0.002888671,-0.017308663,-0.042240452,-0.06914867,0.538339848,0.069985376,-0.072239922,1.397821923,-0.005942564,-0.006195184,-0.0055396,0.643273526,0.319317294,-0.06912476,0.011299598,0.80589222,0.713922096,-0.022536721,-0.074614845,-0.930772274,-1.071298679,1.072620856,-0.805001727,-0.31341314,4.818911942,-0.051806177,0.31603404,0.119144043,0.012978781,6,0
41192024,-0.111653326,-0.497274575,0.198470405,-0.289665686,-0.184306356,-0.302630896,-0.304714658,0.484341216,0.063516889,0.495749103,-0.530512065,-0.543872519,-0.186455119,-0.636305849,-0.193232263,0.173992684,0.028561309,-0.027553993,-0.437399905,0.060142105,0.039569387,0.048756521,-0.095611738,-0.080929383,0.048842441,-0.057902744,1.168874035,-0.006336945,-0.008818553,-0.001507865,0.52125723,0.223225418,-0.078604331,0.601257061,-0.227863229,-0.135184886,-0.022985423,-0.367827818,-0.921890321,-1.062429275,1.064366216,-1.041905447,-0.389014929,4.818912166,0.024873137,0.834872873,0.721325459,-0.023638456,6,0
41332023,-0.354730471,-1.025884832,-1.312104797,-2.042862549,-2.409910221,-1.260467607,-1.270792259,-0.101295943,-0.190811428,-0.807210508,-1.379613355,-1.029381133,-0.230284229,-1.102750356,-0.172024244,0.138305398,-0.245152485,-0.058095852,-1.520262665,-0.063447269,-0.084849227,-0.062884396,0.107948801,-0.039590076,-1.938877275,-0.112869083,1.091448332,-0.007520183,0.006127061,0.011805347,-0.034377936,-0.202244761,0.307951612,-0.061136013,2.247385514,1.84853002,-0.023260534,-1.391803372,-2.514390859,-2.163626966,2.028397733,0.420166532,-1.726119046,-0.210824248,-0.189282876,-0.214842953,-1.092792554,0.109414249,6,0
41332024,-0.310778439,-0.979828443,-1.279518717,-2.022539102,-2.20760195,-1.260467607,-1.270792259,-0.101295943,-0.188069282,-0.790784412,-1.421967586,-1.046377666,-0.232288409,-1.086482521,-0.167480388,0.152254071,-0.024721212,-0.060779287,-1.562374096,-0.058050262,-0.079446089,-0.066748796,0.102110655,-0.037827443,-1.938877275,-0.115313244,0.702805508,-0.006336945,-0.008818553,0.026405506,0.175487433,-0.089563858,0.228145272,-0.166168274,2.260568543,1.825102709,-0.023308332,-1.391803372,-2.304053336,-2.074183612,1.956113369,0.453876797,-1.726119046,-0.210824248,-0.242300742,-0.113372066,-0.917687195,0.087907632,6,0
41552023,-0.562841566,-0.701163583,-0.537689795,-0.65177197,-0.811440726,-0.060106332,-0.060853891,0.069703201,-0.199847887,-0.239480374,-0.687413313,-0.585826831,-0.225976613,-0.619753072,-0.183867846,0.20492282,0.429050167,-0.072217507,-0.251737394,-0.072589161,-0.091964346,-0.074336678,0.025841062,0.006615482,-0.330384524,-0.076069556,0.733751055,-0.024497196,-0.089042618,-0.010310311,-0.469349483,-0.441839514,-0.113338544,-0.538923198,0.265001272,0.225825491,0.099662865,0.249002966,-1.035002702,-1.174831441,1.168501558,-0.085896229,-0.542976359,-0.210824248,-0.411181914,-0.415443675,2.062557674,-0.108730074,6,0
41552024,-0.680286846,-0.602461018,-0.370874969,-0.489178385,-0.464004678,-0.049708894,-0.050406634,0.058385571,-0.186499886,-0.177018618,-0.471222832,-0.454398621,-0.211310413,-0.586114589,-0.185004369,0.280399523,-1.027142718,-0.056029078,-0.393512476,-0.046464998,-0.066550967,-0.064449113,0.009487628,0.106069293,-0.084459402,-0.052809031,0.182427521,-0.006336945,-0.008818553,-0.00845304,-0.018624785,-0.133370787,-0.119714243,-0.150551105,0.060057818,0.036948406,-0.020888795,-0.091035337,-0.584983738,-0.701053133,0.722879405,-0.591735294,-0.146181868,-0.210824248,-0.286920698,-0.198935176,0.245115132,0.00515695,6,0
44262023,-0.076684898,-0.922530327,-0.147845456,-0.455878922,-0.051824208,0.134812744,0.134893003,-0.319005028,-0.097477166,-0.145421452,-0.636178816,-0.562406704,-0.219379472,-0.477198708,-0.233584278,-0.136337067,-0.353276716,-0.075723994,0.320831223,-0.094465578,-0.100129885,-0.01377813,0.064822028,-0.039114115,0.32651171,-0.006690573,0.571630298,-0.031614707,-0.180545834,-0.010585292,-0.483945871,-0.465509027,-0.009930234,0.243449869,-0.585893576,-0.123184438,-0.059446638,1.312973447,0.032440848,0.028485013,0.005649225,-0.946637636,0.600354138,-0.210824248,-0.423812059,-0.514758003,-0.233827799,-0.108730074,7,0
44262024,-0.128844592,-0.945663337,-0.17565519,-0.513950713,-0.024875394,0.134812744,0.134893003,-0.319005028,-0.13100004,-0.230915022,-0.816999158,-0.582211733,-0.276619421,-0.529308499,-0.229356351,-0.137124681,0.004398871,-0.169361592,0.340417171,-0.184939036,-0.194199312,-0.069332063,0.069434891,-0.00251758,0.342433907,-0.001229928,-0.183353814,-0.006336945,-0.008818553,-0.011439436,-0.908976314,-0.816153547,-0.06628063,-0.166168274,-0.477992541,-0.114648724,-0.027524844,1.520976682,0.178516639,0.204450302,-0.172529858,-0.964334808,0.710788603,-0.210824248,-0.860447659,-0.909501982,-0.233827799,-0.108730074,7,0
44402023,-1.857871608,-1.467176438,-0.838542936,-0.869105219,-0.607920714,-1.09086398,-1.099411101,-0.176746468,-0.17578661,-0.7946202,-0.801531269,-0.620027007,-0.246370573,-1.849485001,-0.241942828,-0.538448175,0.028561309,-0.061292159,-0.062692622,-0.062594236,-0.080884713,-0.063092328,0.08344411,-0.038513146,-0.020705033,-0.041317903,0.519168976,0.02438206,0.060704422,-0.010003508,-0.164865949,-0.204066617,0.010507065,-0.603529096,-0.483061921,-0.306392454,-0.00937239,0.834512504,-0.10531594,-0.138256039,0.172666574,-0.926757911,0.466823912,-0.210824248,-0.266174723,-0.221437784,-1.118380549,0.118204071,6,0
44402024,-1.381607341,-1.316847072,-0.815473534,-0.874729293,-0.605179448,-1.09086398,-1.099411101,-0.1862233,-0.16537021,-0.758956978,-0.724687706,-0.58773663,-0.237852757,-1.837739203,-0.231601419,-0.576115429,0.028561309,-0.052213975,-0.004222992,-0.045765744,-0.063688413,-0.053245077,0.095713576,-0.048907806,-0.030535981,-0.047651263,0.289048467,-0.006336945,-0.008818553,-0.009573845,0.23405849,0.156773549,0.062592437,0.061719648,-0.214608524,0.043997263,-0.017191785,0.852572389,-0.141787823,-0.18197792,0.216164861,-0.846150001,0.415280627,-0.210824248,-0.105036209,0.05901662,-0.967137551,0.092845307,6,0
45452023,0.228732875,-0.439537812,-0.538593879,-0.335701286,-0.422530354,-0.897770853,-0.904453818,-0.033816976,-0.150326931,-0.467251353,-0.32920673,-0.371659162,-0.191598548,-0.346837362,-0.174793216,0.222945282,-0.193957969,-0.049826291,0.049797512,-0.048424383,-0.065867751,0.008192419,0.081695633,-0.097097658,-0.178844541,-0.10993834,-0.003384343,0.003123957,0.016752785,-0.009730536,-0.105384581,-0.143306123,-0.001192872,0.867886616,-0.01673657,0.208496778,-0.013296242,0.063565757,-0.188238275,-0.237942174,0.271661821,-0.631464996,-0.114672331,-0.210824248,-0.101377836,-0.035409777,-0.996316578,0.095980053,6,0
45452024,0.239346042,-0.332852778,-0.484104552,-0.33938907,-0.39747216,-0.897770853,-0.904453818,-0.033816976,-0.134607396,-0.399274134,-0.233941067,-0.33106985,-0.162291639,-0.169882037,-0.150832407,0.246507948,0.41128719,-0.030941514,-0.045800504,-0.021615798,-0.039957021,-0.047081409,0.088676909,-0.068632157,-0.230211253,-0.118432109,0.605581224,-0.006336945,-0.008818553,-0.008791888,0.4485301,0.324051236,-0.014306453,0.013686676,0.173808394,0.315813799,-0.019836035,-0.307454587,-0.227026483,-0.28451373,0.317688587,-0.488188334,-0.259963384,-0.210824248,0.190723294,0.347551267,-0.457699088,0.051075514,6,0
45552023,0.070432201,-0.302354666,-0.215828655,-0.679231982,-0.263422344,-1.053079548,-1.061248328,0.000782702,-0.004246601,-0.073171189,-0.595442097,-0.582422255,-0.19338279,-0.097060253,-0.104986389,0.525721413,-0.190965453,-0.075398549,0.227996314,-0.086336023,-0.09552278,-0.019290267,0.085888771,-0.056947332,0.149666504,-0.045895987,0.638744183,-0.030032415,-0.125924024,-0.010538812,-0.562858839,-0.510579172,-0.037458766,0.205344855,0.918114797,0.55430678,-0.061117429,1.113306323,-0.392026466,-0.47934462,0.508682526,-0.567265143,0.203569758,-0.210824248,-0.474409253,-0.558631648,-0.233827799,-0.108730074,6,0
45552024,0.154058081,-0.277786457,-0.217421829,-0.203548919,-0.28244745,-1.038637015,-1.046662905,-0.000900071,-0.012476625,-0.062210621,-0.544291099,-0.54740792,-0.190481027,-0.022821593,-0.159397941,0.518212343,0.152229315,-0.082532193,0.256733506,-0.091814011,-0.099586916,-0.042471101,0.086742224,-0.051959811,0.124588955,-0.053999107,0.115050335,-0.006336945,-0.008818553,-0.010585292,-0.299780586,-0.319799808,-0.008777404,0.087548843,-0.04050604,-0.052919702,-0.042927514,1.089281373,-0.434428406,-0.529158591,0.557105192,-0.737989724,0.148587576,-0.210824248,-0.556964428,-0.617194834,-0.233827799,-0.108730074,7,0
45622023,-0.682861974,-0.687777013,-0.80876816,-0.456152573,-0.408586302,-0.715204431,-0.720287277,-0.156051884,-0.296210627,-0.988180529,-0.98247611,-0.816173839,-0.215774233,-0.290139255,-0.202547961,0.203154039,0.153175071,-0.090353083,0.108890287,-0.114007057,-0.126768194,-0.065450282,0.091470092,-0.037404342,0.016261683,-0.041497937,0.160262474,-0.017386408,-0.026540181,-0.011005185,-0.709899344,-0.697245599,-0.081963346,0.045648984,-0.163477129,-0.489338941,-0.030231449,1.336164664,0.440450174,0.515442644,-0.492233367,-0.671198441,0.720541202,-0.210824248,-0.595273809,-0.773273357,-0.233827799,-0.108730074,9,0
45622024,-0.738885825,-0.695139023,-0.813828436,-0.380467628,-0.405578058,-0.715204431,-0.720287277,-0.155953699,-0.311888568,-1.004058055,-0.9544952,-0.810486173,-0.211159407,-0.204156613,-0.213484479,0.253183632,-0.295818549,-0.093522212,0.110192033,-0.096201002,-0.108113153,-0.062617193,0.088827664,-0.044905592,-0.019818172,-0.04463053,2.001481413,-0.006336945,-0.008818553,-0.010722731,-0.549677788,-0.544424891,0.167991496,0.140421862,-0.36203139,-0.631858241,-0.037716457,1.307654673,0.464057168,0.543122014,-0.520985971,-0.749493168,0.652616772,-0.210824248,-0.624856134,-0.616089663,-0.233827799,-0.108730074,9,0
45642023,0.245201904,-0.437652744,0.240708948,-0.55902442,0.230492459,0.310198759,0.310825705,0.441167093,-0.193149414,0.285587368,-0.629989578,-0.450879311,-0.301919148,-0.541956431,-0.146676674,0.208627885,1.042108118,-0.193346353,0.552471752,-0.285013688,-0.289701156,-0.032607502,0.062324734,0.069915724,0.321851983,-0.023184448,-0.078388004,-0.013043932,-0.027208647,-0.011682839,-0.876681309,-0.7805384,-0.009842929,-0.026687168,0.479207619,0.54809678,-0.027456726,1.379178694,-0.016918879,-0.031676549,0.066115865,-1.021148083,0.215405712,-0.210824248,-0.883851464,-1.216992018,-0.233827799,-0.108730074,5,0
45642024,0.102039249,-0.444090656,0.195320138,-0.514510083,0.219446277,0.310198759,0.310825705,0.441167093,-0.282479493,0.210098946,-0.713095357,-0.47121469,-0.337779311,-0.919161684,-0.152792834,0.181673875,-1.771293844,-0.197507983,0.584712306,-0.257221536,-0.258166612,-0.086319809,0.093455905,-0.056176787,0.301257869,-0.019844855,-0.130139395,-0.006336945,-0.008818553,-0.011420876,-0.875729322,-0.776376622,-0.01983218,-0.223885344,0.374849184,0.522586639,-0.027934954,1.508175837,0.055554682,0.056160652,-0.022244262,-1.03559148,0.242470013,-0.210824248,-0.900507256,-1.109487781,-0.233827799,-0.108730074,6,0
45722023,-0.343814274,-0.518584951,-0.77630592,-1.285059329,-1.047384253,-2.001850767,-2.021376426,-0.360415997,-0.009721536,-0.454086471,-0.911762489,-0.850019309,-0.188842112,-1.23638711,-0.116922383,0.188481959,-0.941491014,-0.009765724,-0.713378302,-0.007490445,-0.028426658,-0.03194717,0.050866287,-0.046934662,-1.938877275,-0.163501193,1.974531215,-0.007520183,-0.010241433,-0.001055095,0.929260291,0.456280217,-0.017853693,0.402875383,1.6790406,1.500772159,-0.022981402,-1.391803372,-1.142602022,-1.276944333,1.262181043,0.478913361,-1.726119046,-0.210824248,1.347589427,1.387402083,-0.744587919,0.072730339,6,0
45762023,-0.388093499,-0.239699244,0.06887801,-0.179763384,-0.045032103,-0.299544793,-0.3016095,0.287461162,-0.077146157,0.224539741,-0.29964306,-0.423374314,-0.139643535,0.31537876,-0.153906837,0.917596894,0.028561309,-0.0624926,-0.100585079,-0.064601327,-0.083150257,-0.041447635,-0.03739875,0.032279618,0.078730103,-0.051653509,1.008324385,0.031853401,0.270924408,-0.010040653,-0.336024476,-0.347994761,-0.023798131,-0.080531101,-0.028236215,-0.160879729,-0.008698037,0.249002966,-0.392221822,-0.479879566,0.509203429,-0.927682202,-0.151302651,4.818912166,-0.330713223,-0.329435383,-1.358693055,0.345241583,7,0
45762024,0.008185514,-0.192777806,0.129713302,-0.210568845,0.050306946,-0.299544793,-0.3016095,0.287461162,-0.070200734,0.252449583,-0.274648586,-0.408729455,-0.134057326,0.322939746,-0.135573516,0.917965761,0.028561309,-0.057267609,-0.016181585,-0.049114487,-0.067118466,0.001126933,-0.018431444,0.105091935,0.197208228,-0.04885009,2.01632895,-0.006336945,-0.008818553,-0.009646754,-0.144719678,-0.194335296,0.061050372,0.377503261,0.124124626,0.106802592,-0.01547539,0.591649172,-0.272276183,-0.338092325,0.370463984,-0.898802692,0.028276359,4.818912166,-0.277289291,-0.175626069,0.504552632,-0.010643688,7,0
45882023,-0.767911786,-1.038218521,-0.995931946,-0.587140349,-0.399564709,-2.005655795,-2.025234347,-0.296523323,-0.19855179,-1.47331221,-0.77522632,-0.695571646,-0.204758951,-1.284586269,-0.231318541,0.094429611,0.028762487,-0.025815225,-0.090360953,-0.031940829,-0.050556779,-0.033594703,-0.038583615,0.147075707,0.072275502,-0.033557716,1.595668316,-0.004759516,0.006998454,-0.008955257,0.813028597,1.45519089,-0.150983652,1.336470264,-0.45699183,-0.738121831,-0.019651276,0.715522352,1.029042369,1.156821921,-1.171379679,-0.740719331,1.331245383,-0.210824248,0.87868911,0.753441576,-0.778631885,0.075535499,6,0
45882024,-0.514785412,-0.990946277,-0.948956323,-0.848576938,-0.511848867,-1.833979437,-1.85122716,-0.190452186,-0.190899155,-1.119440809,-0.75500205,-0.709773709,-0.192827841,-1.04560622,-0.204817949,0.21679345,0.029486814,-0.019060989,0.06614367,-0.02596059,-0.043361489,-0.02679375,0.076944421,-0.060640722,-0.015571258,-0.048819503,1.628953935,-0.006336945,-0.008818553,-0.009228383,0.74933986,1.147962713,-0.111958181,0.782824697,0.246989679,0.175730939,-0.018620473,1.024470208,0.424410871,0.496974746,-0.473076611,-0.575515769,0.767384465,-0.210824248,0.94834224,0.797554187,-0.518817949,0.055460689,6,0
47202023,-0.194689081,-0.436819503,-0.5551384,-0.154404437,-0.266293747,-0.484890356,-0.488190123,-0.29327117,-0.172513758,-0.673407824,-0.016174283,-0.156781054,-0.141726297,0.294791016,-0.204840898,0.482059649,-0.052666088,-0.061631503,0.146427351,-0.05005542,-0.066516323,-0.015574362,0.090671247,-0.135937596,-0.009534647,-0.059062213,-0.156560177,0.12321449,0.01722567,-0.009890039,-0.166048416,-0.137721202,0.023639534,0.996771268,-0.450644704,-0.102131842,-0.006931956,0.160333989,0.304533659,0.355495037,-0.327039571,-0.68096509,0.387538435,-0.210824248,-0.311917505,-0.149288869,-0.598460927,0.061335339,5,0
47202024,-0.181741749,-0.352887055,-0.50324575,-0.183509289,-0.321830765,-0.356787619,-0.359214192,-0.267088216,-0.156607179,-0.50478637,0.055952594,-0.128312139,-0.102357921,0.389219152,-0.181074399,0.559798766,-0.03544424,-0.032438659,-0.03900481,-0.030251518,-0.048509229,-0.052580348,0.07529118,-0.041647489,-0.077373431,-0.066394321,-0.078388004,-0.006336945,-0.008818553,-0.009058252,0.410407987,0.40902899,0.005669187,0.024845377,-0.222887348,-0.000663474,-0.01937432,-0.287932572,0.016223549,0.008622422,0.025638085,-0.479867436,0.112319138,4.818912166,-0.009044524,0.024123804,-0.50191463,0.054238045,5,0
47222023,-0.891659131,-0.309624012,-0.170319386,-0.43262815,-0.171228908,-0.533695776,-0.537350834,-0.12430594,-0.012416129,-0.070847089,0.012884493,-0.105358808,-0.165113021,-0.17020078,-0.132665901,0.2296815,-0.57440213,-0.034021354,-0.182086034,-0.028396231,-0.047584284,-0.043067817,0.006048346,-0.034079099,0.090989532,-0.02920482,0.268268366,-0.002788083,0.024266703,-0.008498151,0.017865985,-0.057322469,-0.024818088,-0.169862172,0.414502915,0.220906902,-0.02063697,-0.091035337,-0.248478362,-0.309959664,0.342776679,-0.237985637,0.093921605,-0.210824248,0.024873137,0.105565633,-0.174798832,0.03180274,5,0
47222024,-0.801086957,-0.214507344,-0.051796243,-0.306049367,0.003409199,-0.533695776,-0.524680784,-0.120344729,0.004645964,-0.025736099,0.120380534,-0.029532405,-0.138053333,-0.04814548,-0.125878478,0.262641627,-0.040737509,-0.015288991,-0.121022578,-0.012388624,-0.031272553,-0.07195569,-0.007085269,0.180728616,0.270696594,-0.000651249,0.554351221,-0.006336945,-0.008818553,-0.008209078,0.148191847,0.079887864,-0.077848622,-0.303945151,0.297977321,0.073922621,-0.021033258,0.186449289,-0.019022603,-0.03377189,0.068217664,-0.084639053,0.387949946,-0.210824248,0.242926059,0.276453563,-0.264667916,0.037772272,5,0
47642023,0.430825646,-0.265025013,-0.189998908,0.025988754,0.023601736,-0.747584032,-0.752938865,-0.152030175,-0.068222997,-0.328224511,-0.282523568,-0.302637439,-0.214922363,-0.150585908,-0.205241507,0.295983058,0.035779379,-0.109193094,0.241337968,-0.117070761,-0.126192441,-0.053200117,0.083974389,-0.04346179,0.316433217,-0.03712301,0.571630298,-0.015412285,-0.031186755,-0.010874859,-0.68342971,-0.659115284,-0.085876997,0.023249383,-0.577720406,-0.087117401,-0.032920055,0.972097958,0.375722039,0.439955571,-0.41406773,-0.920771364,0.750657874,-0.210824248,-0.781352024,-0.80970726,-0.233827799,-0.108730074,5,0
47712023,0.128963454,-0.448253528,-0.205460462,-0.329539764,0.038510075,-1.490971119,-1.503913376,-0.029606204,-0.132795767,-0.386703757,-0.186611227,-0.410778851,-0.075713616,-0.720140013,-0.177480532,0.57889265,-12.48414474,0.095872175,0.079873055,0.097608278,0.079708968,0.062306919,-0.166228265,0.101063414,0.221276372,-0.036731053,2.107155181,-0.006731341,-0.004992271,-0.006739001,1.708158533,1.748457325,-0.050478358,1.457557836,-0.046238912,0.282668974,-0.022149254,0.092103125,0.47124005,0.551318166,-0.52950932,-0.921965723,0.612471943,-0.210824248,3.223744107,2.956798715,0.729823021,-0.024145512,5,0
47712024,0.420840801,-0.170070853,0.038567373,-0.434599551,-0.058487693,-1.330589978,-1.326510865,0.364315584,-0.064975239,0.185121061,-0.082641107,-0.338431852,-0.048429016,-0.3588041,-0.095604134,0.63264665,-1.625045968,0.106587431,0.244529646,0.114634168,0.098381233,0.087738213,-0.131907556,0.140686306,0.046518273,-0.091687933,1.336289612,-0.006336945,-0.008818553,-0.007507933,1.460675866,1.356865034,-0.021877179,1.103415236,0.636950504,0.672771416,-0.021750322,0.186449289,-0.367680616,-0.451013561,0.481067463,-0.774824822,-0.177124122,-0.210824248,3.075702892,2.923800592,0.203093133,0.007753184,5,0
49162023,-0.952046938,-0.285575719,-0.385448852,-0.325874697,-0.220226178,-0.555691235,-0.559510431,-0.034067701,-0.164136213,-0.401347682,0.004844728,-0.103814861,-0.174009136,-0.271690718,-0.141396908,-0.665487848,-2.062438594,-0.035782806,0.454617337,-0.043583318,-0.055504956,-0.057740708,0.085066001,-0.02633937,0.028346647,-0.036139271,0.605581224,0.008245118,-0.01218492,-0.010059906,-0.108972383,-0.087044662,-0.04905599,-0.010907854,0.223076183,-0.223605664,-0.000323906,0.512815953,0.059624099,0.060857139,-0.026982556,1.341112082,0.23944691,-0.210824248,0.009974149,-0.059695552,0.175838031,0.009443806,7,0
49162024,-0.232625197,-0.317287746,-0.419506803,-0.423784553,-0.333065045,-0.554193398,-0.558001337,-0.032181562,-0.169418544,-0.348309028,0.035988621,-0.080077583,-0.169139468,-0.081741635,-0.135629055,-1.598313375,-0.162008631,-0.04638843,0.416894975,-0.063979402,-0.076320597,-0.011883539,0.096956327,-0.063425373,-0.00018222,-0.054177725,0.50125885,-0.006336945,-0.008818553,-0.010284624,0.041071743,-0.003676447,-0.032056465,0.845918502,0.383423023,0.229972604,0.063612782,0.395363039,-0.183847248,-0.23265636,0.26642887,1.349930681,0.141021216,-0.210824248,-0.119934002,-0.300881839,-2.903923786,3.615311122,7,0
49342023,0.097959011,-0.553857999,-0.542488012,-0.688918257,-0.728180474,0.418872865,0.419739949,0.014817501,-0.396560464,-0.279748809,-0.307323646,-0.32098025,-0.215901887,-0.108008508,-0.15662267,0.752242017,0.034827914,-0.173609609,-0.240036793,-0.168144408,-0.190558507,-0.008539872,0.008550229,-0.016802618,-0.350885024,-0.13438343,1.581963639,-0.008703568,-0.034464637,-0.014406152,-1.075074043,-0.807485152,-0.106693134,0.323616669,0.571568513,0.778429502,-0.024824097,-0.543360684,-0.868565155,-1.008225286,1.013782584,0.03002001,-0.554626526,-0.210824248,-0.762432951,-0.735229129,-0.233827799,-0.108730074,7,0
49342024,-0.155373158,-0.814579694,-0.713509653,-0.567468654,-0.663792326,0.418872865,0.419739949,-0.158147326,-0.412395426,-0.553952875,-1.401870183,-0.806859073,-0.316358651,-0.181501524,-0.207803493,0.71191444,0.016287677,-0.350151519,-0.207869498,-0.397737785,-0.435148331,-0.159841586,0.07560884,0.018855965,-0.217132912,-0.092676021,0.850807194,-0.006336945,-0.008818553,-0.024897797,-2.359358796,-1.606631284,-0.152123057,-0.480438664,-0.115259303,0.318904388,-0.023892118,1.294082739,-0.465495094,-0.56512759,0.591963834,-0.277187314,-0.127186229,-0.210824248,-1.399672004,-1.529393418,-0.233827799,-0.108730074,7,0
49422023,1.026244283,0.665406222,0.508721254,0.103605303,-0.067648998,-0.088134643,-0.089019616,0.648432659,0.430801495,0.880546596,0.406425691,0.155581771,0.004130896,0.429471025,0.239913926,0.386890084,0.028561309,0.078018014,-1.008373562,0.116613095,0.094867363,0.057400911,0.184903255,-0.173319666,-1.282919318,-0.338938022,-1.039270233,-0.007520183,-0.009427441,0.041588105,0.194142903,-0.015226021,0.042718941,0.203692957,0.897726286,0.878418151,-0.02331923,-1.314953382,-1.182074656,-1.313055668,1.295091167,-0.028748477,-1.710248042,-0.210824248,0.849636189,1.073044413,0.035420977,0.01824885,5,0
49422024,0.679195405,0.655316256,0.59526171,0.141159371,0.106834695,-0.088134643,-0.089019616,0.648309655,0.465681249,0.939370733,0.357187545,0.120981667,-0.023531185,0.511845283,0.220266749,0.623187293,0.028561309,0.032635774,-0.777345494,0.08081885,0.059464788,0.01275898,-0.255124045,0.021777924,-1.275354328,-0.23672557,-1.428173818,-0.006336945,-0.008818553,0.012754834,0.61364457,0.262054891,-0.000139037,-0.031406783,0.811628498,0.583821676,-0.023249375,-1.241198968,-0.985312126,-1.126305469,1.12367226,-0.194276705,-1.710248042,-0.210824248,0.469551749,0.803996387,0.211198392,0.00725146,5,0
49492023,-0.035773764,-0.303430075,-0.797182807,-0.556578669,-0.778702465,-1.256552138,-1.266834312,-0.114007652,-0.136411303,-0.601973393,0.195581699,-0.01036317,-0.076063837,0.45259356,-0.116920484,0.244117736,-0.687261715,-0.014292003,-0.418404739,-0.016300848,-0.03653555,-0.083643924,0.088991217,-0.032753864,-0.51525743,-0.1172617,0.48313129,-0.006731341,-0.000423043,-0.00638356,0.519978089,0.393331651,-0.083596553,-0.75246701,0.678846475,0.157812612,-0.022167446,-1.036769453,-0.586611359,-0.70321912,0.724954992,1.367992686,-0.661659558,-0.210824248,0.660130477,0.629903505,-0.605235287,0.061844517,5,0
49522023,0.212694803,-0.362536196,-0.622694138,-0.73618682,-0.804035305,-0.422568261,-0.425432384,-0.257179944,-0.087474892,-0.35237789,-0.30060906,-0.469256714,-0.111988473,0.330871347,-0.114357371,1.138813452,0.028561309,-0.033667276,-0.287489102,-0.033877435,-0.053571555,-0.004644945,0.114245108,-0.164975844,-0.959316958,-0.162892991,1.602435714,-0.005548199,0.077268516,-0.008256664,0.217823857,0.019506815,0.010896098,-0.34378114,0.940844092,0.811714033,-0.021328199,-0.912989907,-0.900617331,-1.040833555,1.044240943,0.381094776,-1.428703633,-0.210824248,-0.003503357,0.008719783,-0.828244976,0.079758404,5,0
49522024,0.196001273,-0.321558026,-0.583027871,-0.731748984,-0.809573716,-0.422568261,-0.425432384,-0.257179944,-0.0720733,-0.29845689,-0.215895282,-0.407129747,-0.097750167,0.351248554,-0.105233781,1.145560847,0.028561309,-0.021031323,-0.060559388,-0.019810929,-0.038265417,-0.033684165,0.058489797,-0.053333173,-0.736577746,-0.166243282,1.588844509,-0.006336945,-0.008818553,-0.008688179,0.767513829,0.391286169,0.014826637,0.117581719,0.989350495,0.879939465,-0.020903795,-0.347395401,-0.968033676,-1.109057241,1.107690927,0.462152382,-1.164607508,-0.210824248,0.135938761,0.153578711,-1.086877322,0.108193858,5,0
49562023,-0.460291387,-0.684142554,-0.629028414,-0.779881522,-0.51026281,-0.528384704,-0.532000503,-0.137655972,-0.174399537,-0.539224325,-0.719802394,-0.543648237,-0.260102569,-0.733803593,-0.170771544,0.294514549,-1.041794361,-0.130597988,-0.02958792,-0.156459837,-0.174778729,-0.061439986,0.092058793,-0.03047191,-0.016300391,-0.049749064,-0.05304363,-0.010676207,-0.033167866,-0.012319741,-0.878584909,-0.744178232,-0.102021938,-0.054121015,0.564768297,0.525906568,-0.026497518,0.8283882,-0.244018222,-0.304655879,0.337551,-0.6759979,0.2622832,-0.210824248,-0.896804088,-1.059887167,-0.233827799,-0.108730074,6,0
49562024,-1.035000612,-0.598262409,-0.628102347,-0.644704285,-0.49455657,-0.528384704,-0.532000503,-0.137655972,-0.177512338,-0.551142766,-0.634877932,-0.531753358,-0.235547583,-0.701543041,-0.168219783,0.1871881,0.105435251,-0.086316089,-0.009627258,-0.085873429,-0.100024523,-0.100505324,0.077542834,-0.032101197,-0.02075633,-0.040841576,1.091448332,-0.006336945,-0.008818553,-0.010624815,-0.482906184,-0.457838014,-0.118569781,-0.316631645,0.411215166,0.28401491,-0.054968323,0.729721285,-0.205644067,-0.258569289,0.292065173,-0.591735294,0.263061176,-0.210824248,-0.535126204,-0.514409453,-0.233827799,-0.108730074,6,0
49612023,0.788009189,1.35165692,1.148270529,0.472946595,0.305427767,-0.28439504,-0.286366953,2.004610527,0.784007576,1.650730679,1.133435046,0.791582175,0.658865376,1.522080156,1.134590443,2.036705309,0.006452651,0.382019803,-0.710214748,0.478484163,0.45455432,0.336158384,-0.87989488,-0.613832562,-1.938877275,-1.388359974,0.671144254,-0.007520183,-0.01601498,0.049107442,0.674248421,0.255345702,0.193407975,0.292620809,1.317048218,1.37009018,-0.023337275,-1.352979564,-1.498595238,-1.580795445,1.535254028,1.387789472,-1.726119046,-0.210824248,3.98083208,4.327887496,-0.175721957,0.031863457,5,0
49682023,0.232537576,-0.08357806,-0.506152181,-0.347436561,-0.560624275,-0.669897957,-0.674608923,-0.021653592,-0.132292563,-0.316219409,-0.086579148,-0.254329726,-0.115604038,0.75498439,-0.080965446,1.329949411,-0.408438712,-0.178029876,-0.391461427,-0.213069705,-0.240062528,-0.061866817,0.065305109,-0.032773199,-0.407904823,-0.136619789,2.492138602,-0.00830909,-0.04530161,-0.020130479,-1.060185674,-0.827684074,-0.02592362,0.055284494,0.595302552,0.666200269,-0.024249632,-0.770508679,-0.575498304,-0.690768391,0.713019336,1.018534743,-0.632712824,-0.210824248,-1.39206029,-1.646996783,-0.233827799,-0.108730074,5,0
49682024,0.306723437,-0.017722795,-0.453522921,-0.519067399,-0.687428738,-0.666442641,-0.652690918,0.046905333,-0.109845142,-0.179442961,0.056017339,-0.198352855,-0.03871764,0.794481482,-0.037233949,1.354972812,-0.211306189,-0.051616312,-0.439346768,-0.031782199,-0.0520467,-0.047180003,0.080297537,-0.03178286,-0.77691391,-0.164874816,2.542746891,-0.006336945,-0.008818553,-0.007210528,0.185432563,0.014345462,-0.016098542,0.281759039,1.022668757,0.992438808,-0.021942314,-0.973721154,-0.919050759,-1.05965874,1.061786417,1.251655469,-1.261936271,-0.210824248,-0.170015662,0.108359949,-0.316029542,0.041241935,5,0
49762023,0.469861398,-0.362731379,-0.522666992,-0.970759139,-0.877692202,-0.102283231,-0.103239287,0.285270813,-0.376440185,-0.197553613,-0.847728776,-0.565276151,-0.312317014,-0.881628345,-0.098788623,0.31854066,0.028561309,-0.175213589,-0.402802859,-0.204615424,-0.231150097,-0.092209318,0.06885975,-0.01431222,-0.267416787,-0.156119227,1.49469101,-0.00830909,-0.049320125,-0.019792184,-1.186041928,-0.835490984,-0.127677142,-0.266097244,1.356876578,1.256353772,-0.024107996,0.352637182,-1.176060309,-1.307970848,1.29046418,-0.138428927,-0.459292726,-0.210824248,-1.006470615,-1.137673472,-0.233827799,-0.108730074,7,0
49762024,0.451418818,-0.370043579,-0.558761633,-0.947776548,-1.02257057,-0.104683468,-0.105651698,0.166879202,-0.252987979,-0.199398762,-0.721818256,-0.544533176,-0.260310441,-0.883808221,-0.101719708,0.343072923,0.028561309,-0.120127175,-0.408086756,-0.097789588,-0.117593149,-0.05608204,0.085272874,-0.052062677,-0.39585056,-0.166414913,1.423017265,-0.006336945,-0.008818553,-0.011817765,-0.661756508,-0.543065435,-0.126575608,-0.032192733,1.308936233,1.209615939,-0.025561231,0.034275351,-1.378403051,-1.484459139,1.449652768,-0.101573067,-0.678261813,-0.210824248,-0.687146738,-0.552188685,-0.233827799,-0.108730074,7,0
49892023,-0.143485812,-0.28099743,-0.622738345,-0.774517832,-0.900443778,-0.127393047,-0.128478078,-0.166867987,-0.154248964,-0.314630471,0.033016364,0.00894669,-0.278799263,-1.006853577,-0.092057593,-0.235143055,0.028561309,-0.134327945,-0.68616693,-0.155931872,-0.181081441,-0.094259638,0.083550513,-0.035637835,-0.895320327,-0.122409363,0.671144254,-0.00830909,-0.039630826,-0.024335385,-0.77309415,-0.615653782,-0.068127834,-0.349045445,1.122113448,0.98526495,-0.024028563,-1.352979564,-1.082316653,-1.220174473,1.210210885,0.481839075,-1.366979475,-0.210824248,-0.7767715,-0.875507275,-0.233827799,-0.108730074,6,0
49892024,-0.334351058,-0.440848562,-0.754797844,-0.931820339,-1.038479216,-0.127393047,-0.128478078,-0.166476385,-0.199030351,-0.430761037,-0.084535154,-0.049030188,-0.361171856,-0.919003794,-0.117763363,-0.237705219,0.028561309,-0.220161394,-0.634354308,-0.228908371,-0.258651556,-0.141987424,0.094155506,-0.000802448,-0.640761484,-0.103282728,0.349831699,-0.006336945,-0.008818553,-0.034292173,-1.375850155,-0.951476574,-0.060867868,-0.431411962,1.191403667,0.940786019,-0.023723392,-1.277700858,-1.155075901,-1.288781283,1.272981503,0.466012472,-0.964298785,-0.210824248,-1.288591353,-1.29489317,-0.233827799,-0.108730074,6,0
49942023,0.458862947,-0.604970612,-1.114256963,-0.805193944,-1.030456009,-1.118395647,-1.127222537,-0.19187718,-0.187953405,-0.894071208,-0.4894805,-0.714984617,-0.09097167,0.498541246,-0.156326475,1.018693564,0.046892611,-0.039646797,-0.718575163,-0.038836668,-0.059722917,-0.069816113,0.092260386,-0.158463161,-1.938877275,-0.194058026,1.782111878,-0.007125754,-0.013936832,-0.005002956,0.584071009,0.336914102,2.076679128,-0.003784181,0.731497006,0.998666691,-0.022759138,-1.391803372,-0.640979774,-0.763978441,0.783041093,2.471785172,-1.726119046,-0.210824248,0.124762569,0.181697379,-1.072075163,0.105655396,6,0
49942024,0.492564958,-0.600184718,-1.134435382,-0.888529953,-1.165813776,-1.118395647,-1.127222537,-0.24888106,-0.163723332,-0.852993124,-0.505421389,-0.787955792,-0.072426414,0.409870225,-0.149933665,0.921803559,0.017772854,-0.002706523,-0.997798694,0.00365007,-0.017623171,-0.059042874,0.094394827,-0.035109894,-1.938877275,-0.199819186,2.335063516,-0.006336945,-0.008818553,0.012601479,2.09258275,1.397164153,12.99099055,0.469159209,0.900214031,1.130879851,-0.023260534,-1.391803372,-0.884320691,-1.024243816,1.028755519,2.51190397,-1.726119046,-0.210824248,0.777672576,0.862469593,-0.983647197,0.094594194,6,0
49992023,0.707346048,-0.080621388,-0.303847652,-0.707711247,-0.890618693,-0.947579839,-0.95472705,-0.115787094,0.096669855,0.07177716,-0.38419363,-0.397477826,-0.204385887,-0.234745626,-0.04031378,0.443773917,0.028561309,-0.075938081,-0.448116612,-0.067193383,-0.08743284,-0.040695794,0.055889764,-0.057962641,-0.551651084,-0.228188682,-0.63545589,-0.015017515,-0.100097855,-0.009775434,-0.437746477,-0.415542085,0.055381013,-0.020384055,1.269972505,1.337281697,0.01999678,-0.543360684,-1.481933987,-1.568048975,1.523983312,0.123011476,-1.054453707,-0.210824248,-0.474120164,-0.312290846,-2.515631837,2.6262022,6,0
49992024,0.601241981,-0.114295361,-0.285960023,-0.758367227,-0.829573865,-0.947579839,-0.95472705,-0.115787094,0.096435896,0.078531756,-0.367743945,-0.39139955,-0.199599076,-0.195738681,-0.046915687,0.409891275,0.028561309,-0.072258325,-0.430885904,-0.054639749,-0.074840461,-0.056625696,0.048053165,-0.058749293,-0.64677652,-0.209540349,-0.884196709,-0.006336945,-0.008818553,-0.008852503,-0.113752508,-0.226427147,0.028240225,-0.123434554,1.3123734,1.344761183,-0.019951465,-0.665251603,-1.403845787,-1.505721461,1.46862755,-0.001124886,-1.185536065,-0.210824248,-0.433996053,-0.116799377,-1.112350883,0.115648106,6,0
52032023,-0.322611307,-0.254875907,0.007939639,-0.410442569,-0.382405906,-0.861755408,-0.868110005,0.487927323,0.004064079,0.313568191,-0.399288725,-0.971735209,0.025089717,0.973220812,-0.121838098,1.271338548,0.594090802,-0.037185495,-1.435952565,-0.009095293,-0.030507219,-0.062839771,-0.161398575,-0.025842198,-1.938877275,-0.275423806,0.808127205,-0.007520183,0.05037891,0.067526387,0.015427475,-0.129637328,-0.102338862,-0.084393334,0.454920867,0.799044998,-0.023344452,-1.391803372,-1.014163407,-1.154730054,1.149955341,0.968168352,-1.726119046,-0.210824248,0.083054733,0.500729895,-1.090451124,0.108907461,5,0
52032024,-0.104720094,-0.151497085,0.060966273,-0.324732258,-0.332464013,-0.861436166,-0.86778788,0.5016702,0.016976511,0.366017694,-0.331363051,-0.952188927,0.056686347,1.053425168,-0.105205105,1.342520101,0.836249284,-0.032087605,-1.376138272,0.005393659,-0.016042367,-0.021956245,0.054662088,-0.025665634,-1.938877275,-0.308887892,0.671144254,-0.006336945,-0.008818553,0.065187698,0.516141344,0.207218462,0.167765395,0.346309087,0.440697301,0.791604827,-0.023348031,-1.391803372,-0.99845433,-1.139116873,1.135526764,1.01671799,-1.726119046,-0.210824248,0.159683984,0.695741184,-1.074915609,0.106107056,5,0
52222023,0.395990607,-0.365081331,-0.664685083,-1.126355428,-1.141028788,-0.944693803,-0.951813795,0.086414885,-0.143328763,-0.294350925,-0.656849413,-0.779985207,-0.134698256,-0.564997548,-0.091680929,0.279918966,-0.230822256,0.025065162,-0.657740415,0.036864741,0.015877108,-0.008194603,0.208850226,-0.079483475,-0.881352053,-0.192131296,2.411352074,-0.007125754,-0.016851786,0.002341894,1.766285251,0.936569759,-0.017280462,0.58746163,1.605817127,1.493526057,-0.023123759,-1.069203664,-1.442681674,-1.536834979,1.496311012,0.408732169,-1.356648797,-0.210824248,1.089897874,1.196751003,-0.419175464,0.048359046,6,0
52222024,-0.110218756,-0.729575528,-0.570014165,-0.984485981,-1.033815665,-0.807390511,-0.81326119,0.064759095,-0.128919014,-0.209851556,-0.631472165,-0.747063516,-0.136903183,-0.529227473,-0.16441063,0.308694424,0.053078344,0.020824897,-0.549578473,0.028319229,0.007582211,0.00613836,-0.067930418,-0.092113065,-0.652772569,-0.12724282,2.170762124,-0.006336945,-0.008818553,-0.001287141,1.968500031,1.06422501,0.025510563,0.531583191,0.906663705,0.892853723,-0.022989442,-0.85445211,-1.383248642,-1.488478298,1.453242997,0.534743621,-1.07968383,-0.210824248,0.900402207,0.952346498,-0.784407403,0.076018402,6,0
52342023,-0.780474567,-0.022092143,-0.17133774,-0.244496927,-0.272415819,-0.498204965,-0.501600435,-0.319777446,0.067434698,0.002214499,0.157808928,-0.131683545,0.004598557,0.563642322,-0.076318657,1.174014809,-0.239942512,0.053237434,-0.340947895,0.051824361,0.031611392,0.02997907,0.031459162,-0.121419299,-0.304192059,-0.175584505,1.679469632,-0.007125754,-0.013936832,-0.003654909,1.027730248,0.724620897,0.017505086,0.352202186,0.482436216,0.686400553,-0.02285498,-1.004947591,-0.492953546,-0.596859642,0.622642079,-0.375361928,-0.641776647,-0.210824248,1.021702701,0.937479204,-0.742206385,0.072536606,5,0
52342024,-0.954760107,0.073978294,-0.116163658,-0.145852373,-0.206938966,-0.498204965,-0.501600435,-0.319759655,0.087678782,0.043815417,0.133623299,-0.167323991,0.011419724,0.602478056,-0.058424631,1.191481852,0.028561309,0.052536214,-0.321958072,0.062494761,0.042305853,0.049433704,-0.004329403,-0.129554335,-0.275087226,-0.197316536,2.298851453,-0.006336945,-0.008818553,-0.003450365,1.08307113,0.761948869,0.025082736,0.402028526,0.434329591,0.655588819,-0.022875592,-0.973721154,-0.438290173,-0.533449769,0.561268579,-0.286322431,-0.618442933,-0.210824248,1.013737138,1.047128944,-0.947787639,0.090865146,5,0
52442023,0.127273444,-0.713910483,-0.957539422,-1.10387265,-1.375306394,-1.083138318,-1.091607551,-0.1386156,-0.125142238,-0.574801976,-0.876502832,-0.827199846,-0.186672239,-0.52274523,-0.156229983,0.368042923,-0.300315983,-0.03359203,-0.851815297,-0.032325447,-0.053395039,-0.046992202,0.070999484,-0.056962788,-1.938877275,-0.151135407,0.918905095,-0.007125754,-0.018429978,-0.001493511,0.505915017,0.148183159,0.04909474,0.08350391,1.147926824,1.236932557,-0.022993456,-1.391803372,-1.471322996,-1.559368131,1.516297677,0.064177915,-1.726119046,-0.210824248,0.218620596,0.272824174,0.138741598,0.01175394,6,0
52442024,0.472207293,-0.442243843,-0.701480176,-1.108720569,-0.762660371,-1.083138318,-1.085031247,-0.111482987,-0.113053163,-0.477785228,-0.891780625,-0.834283741,-0.188464118,-0.46882492,-0.108964173,0.372425873,0.053606676,-0.03861098,-0.556916662,-0.029811951,-0.05039871,-0.041916572,0.062744171,0.128501801,-0.242232702,-0.153335584,0.983446456,-0.006336945,-0.008818553,-0.005995022,0.691050635,0.326757561,0.040005229,0.173208765,1.488322436,1.559738834,-0.02243163,-0.388577666,-0.700744808,-0.829323894,0.845211917,0.322806997,-0.228836031,-0.210824248,0.131421976,0.312875258,-0.219434637,0.034752479,6,0
52852023,0.361291368,0.117201598,-0.078321051,-0.335625974,0.004870115,-0.506939059,-0.510397809,-0.023793709,-0.026216672,-0.07696311,0.287125086,0.130318618,-0.130861893,0.090800321,-0.008865428,0.508027798,0.025204358,-0.022077182,0.325989434,-0.015295703,-0.029653414,0.039588854,0.076540076,-0.132727638,0.259790348,-0.043544905,1.270628414,-0.000422867,0.014096005,-0.009564191,-0.162500132,-0.179671877,-0.000753858,0.42492023,0.878515529,0.648807922,-0.014723986,0.106098302,0.044188977,0.042587898,-0.008558576,-0.056448693,0.412071679,-0.210824248,0.157074221,0.238024579,0.09534272,0.014470668,6,0
52922023,0.409878083,-0.214727785,-0.634588221,-0.148236476,-0.36841215,-2.211591946,-2.234114809,-0.16150894,-0.108212102,-0.694006648,-0.324494278,-0.40369891,-0.166981161,-0.884448111,-0.153184929,0.351109152,-0.322079384,0.003689562,-1.574054261,0.008823233,-0.01265228,-0.021398245,0.061436838,0.054204275,-1.008266018,-0.206672535,1.125296317,-0.007520183,-0.011877063,0.14865371,1.097587897,1.309346147,0.221715903,1.230376742,-0.056962205,0.239086157,-0.023362286,-1.352979564,0.1616161,0.184209814,-0.151934782,0.199746615,-1.399279524,-0.210824248,1.986737816,2.048991691,0.098310977,0.014284351,6,0
52922024,0.66138054,-0.022674381,-0.452956181,0.019280094,-0.198845388,-2.035627315,-2.055624434,-0.16150894,-0.082045928,-0.559551225,-0.276404027,-0.375726797,-0.1573033,-0.884976101,-0.130757967,0.311959797,0.130343124,0.014152888,-2.371192461,0.027676828,0.006119968,0.014122066,0.085872997,-0.053257081,-0.747852888,-0.249061828,1.308676574,-0.006336945,-0.008818553,-0.009418755,1.176931934,1.251752521,0.21602236,1.936610157,-0.099418678,0.177167015,-0.02337644,-1.391803372,0.2812053,0.327627177,-0.298423761,0.310874418,-1.077909306,-0.210824248,2.090010198,2.32637754,0.289209352,0.002445323,6,0
54712024,0.564203858,-0.043363356,-0.292160416,-0.89934214,-0.984283378,0.103104462,0.103065543,-0.30508936,0.027709358,0.105368035,-0.14313298,-0.395532841,-0.055004849,0.722705121,-0.014296487,1.44808995,0.027322773,-0.050246305,-2.371192461,-0.031033984,-0.052452236,-0.015915069,0.148262192,-0.079068586,-1.938877275,-0.25190455,1.26088883,-0.006336945,-0.008818553,-0.009418755,0.059441903,-0.13025986,0.034964796,0.146964665,1.626711543,1.498850098,-0.02337644,-1.391803372,-1.645468119,-1.690465437,1.631493071,0.477795213,-1.726119046,-0.210824248,-0.256605859,-0.117289273,-1.013663071,0.097951637,5,0
54842023,-1.394905582,-1.555121468,-1.716293761,-1.071225596,-1.32469604,-1.108855201,-1.117584755,-0.310110993,-0.285575973,-1.533520128,-1.399011833,-0.954568424,-0.248141861,-0.942748647,-0.235653394,0.213581425,0.027743156,-0.093447331,-0.440424723,-0.08890927,-0.108473851,-0.070751954,0.096159066,-0.021345211,-0.589446506,-0.085343989,1.406296142,-0.010281645,-0.008818553,-0.011325141,-0.889045901,-0.720158383,-0.464440943,0.094838006,-0.121025623,0.127447954,-0.026512794,0.834512504,-0.379980541,-0.465441208,0.49513728,1.866889881,-0.250557232,-0.210824248,-0.700152586,-0.592997135,-0.233827799,-0.108730074,8,0
54842024,-1.513437941,-1.684956166,-1.775149795,-1.03452837,-1.297487665,-1.108855201,-1.117584755,-0.310110993,-0.308824735,-1.640092253,-1.270103872,-0.923888234,-0.238212703,-0.54638463,-0.244124524,0.560856158,0.033397373,-0.105201899,-0.463362144,-0.098463279,-0.118730886,-0.083576223,0.086142251,-0.002098996,-0.475377823,-0.076372008,2.475152007,-0.006336945,-0.008818553,-0.012132794,-1.091796232,-0.884896741,-0.388107718,-0.500015828,-0.42489811,-0.03290602,-0.025831976,0.530971079,-0.222482281,-0.279216366,0.31246036,1.588745471,0.095221356,-0.210824248,-0.846304307,-0.703994402,-0.233827799,-0.108730074,8,0
55152023,0.663366039,0.634955483,0.293754886,0.316810951,0.225256581,0.533296291,0.534331367,-0.23288088,0.049514994,0.38906384,0.14504906,0.039999222,-0.190381094,-0.245210435,0.143293711,-1.598313375,-1.044349131,-0.055961585,-0.290684564,0.009282063,-0.010558776,0.144997125,-0.279211736,-0.314757272,-1.938877275,-0.580870391,-1.248010465,-0.001211212,0.549703244,-0.006229182,0.139523681,0.063589452,0.431252858,1.825261306,0.431104436,0.606233846,-0.022422808,-0.797992738,-0.149792054,-0.191998702,0.226116946,1.808021212,-1.726119046,-0.210824248,-0.328128222,-0.026309062,-0.591137849,0.0607867,6,0
55152024,0.139106674,0.583460558,0.385765613,0.498103971,0.380630409,0.303945186,0.304555979,-0.23288088,0.120869081,0.404487373,0.411843076,0.250988383,-0.1187815,-0.080307612,0.021048771,-1.598313375,0.134141489,0.008829579,-0.631016185,0.092929984,0.071743816,0.00070557,-0.055515086,-0.174413173,-0.477492778,-0.456453295,-0.999553345,-0.006336945,-0.008818553,0.006700308,0.809122921,0.72180812,0.289639563,0.156792687,-0.05754246,0.233425887,-0.023204289,-1.277700858,0.089883796,0.097875473,-0.064379503,1.649056171,-1.096810983,-0.210824248,0.082099605,0.53334525,-0.286744808,0.039258108,6,0
55332023,1.178122816,0.698412236,0.597548994,-0.234106373,-0.008865687,0.65372696,0.654841414,-0.336271631,0.683357506,0.982983682,0.071615619,-0.180733128,-0.039146101,-0.569762826,0.343848812,0.227356248,0.028561309,0.128500607,-0.588053391,0.139933655,0.118584437,0.204214522,-0.026814658,-0.304048309,0.292841232,-0.222709592,-0.536821459,-0.007520183,-0.017691956,0.008757075,0.48676042,0.199894062,0.9753373,1.04290794,1.518798437,0.959102697,-0.023226921,0.777416095,-1.209771577,-1.338513115,1.318221221,0.410617487,-0.360175876,-0.210824248,0.462571643,0.456475051,0.541062832,-0.012842354,6,0
55332024,1.171230586,0.717120199,0.601371931,-0.168833887,-0.016960875,0.65372696,0.654841414,-0.336271631,0.694541944,0.990666036,-0.279937103,-0.413782483,-0.133996265,-0.598864183,0.349761137,0.227356248,0.028561309,0.027506384,-0.309353453,0.032287275,0.012280236,0.061700932,0.001804532,-0.156563356,0.262960705,-0.231111006,-0.922030643,-0.006336945,-0.008818553,-0.004992251,0.02274543,-0.133370787,0.980409561,0.232659791,1.440905709,0.852686991,-0.022661696,1.093356691,-1.230604487,-1.357217801,1.335178108,0.424592763,-0.407503872,-0.210824248,0.029194334,0.024596983,-0.399261043,0.046967963,5,0
57062023,-0.630308452,-0.311027218,-0.513320748,-0.018667402,-0.199002921,-0.960479944,-0.967749292,-0.235036856,-0.147217717,-0.686973688,-0.289826073,-0.335752074,-0.194139343,-0.728148107,-0.205772799,-1.598313375,0.028561309,-0.030549111,-0.088441064,-0.02791035,-0.046527697,-0.029203299,0.058559171,-0.05667417,0.037478283,-0.142414994,1.509865772,-0.004365199,-0.017902541,-0.008834016,0.676832282,0.865323303,-0.012058918,1.203487583,-0.553510195,0.043005309,-0.020113168,0.296411419,0.43203093,0.505697199,-0.482121703,-0.124599359,0.498577082,-0.210824248,0.221218315,0.286651545,-0.780714315,0.075709369,6,0
57062024,-0.802812456,-0.232922278,-0.428359948,-0.032583002,-0.228671582,-0.823401392,-0.829413112,-0.235081753,-0.130344528,-0.472280639,-0.051209059,-0.150822447,-0.177460816,-0.564613195,-0.18264489,-1.598313375,0.028561309,-0.021176015,-0.179603784,0.004918242,-0.014370668,-0.01805683,0.062098064,-0.097601412,-0.011487518,-0.17741658,1.26088883,-0.006336945,-0.008818553,-0.007287366,1.655531837,1.817878728,-0.049242357,0.741782869,-0.368046313,0.168517546,-0.021951597,-0.107685413,0.129273243,0.145240261,-0.11235561,-0.628035737,0.217853288,-0.210824248,0.305276275,0.662545436,-0.571912235,0.059354882,6,0
61172024,-0.05832948,-0.430610365,-0.275966318,-0.295023138,-0.009601662,-0.667950556,-0.666040537,-0.045515872,-0.165929379,-0.467640249,-0.110033042,-0.289498693,-0.106002077,0.116900847,-0.179099202,0.54924792,0.051879262,0.002216465,0.367358869,0.004011518,-0.009826006,0.004491005,0.00091473,-0.049642721,0.151584433,-0.041702441,1.721101169,-0.006336945,-0.008818553,-0.009390984,0.764916419,1.19869321,-0.01896476,0.814338789,-0.096327748,0.11985408,-0.018888378,0.648211092,0.487377823,0.570262826,-0.549226726,-0.767684159,0.543521,-0.210824248,0.54107324,0.546097159,1.346264816,-0.060994572,7,0
61332023,-0.303406834,-1.000474295,-0.95662797,-0.458754239,-0.659435187,-0.329391963,-0.33164314,-0.24242175,-0.194578204,-0.942563235,-0.793367058,-0.657805587,-0.226318666,-0.754376025,-0.241773562,0.053251495,-0.152977422,-0.066124222,-0.095853453,-0.070661721,-0.089111525,-0.029735509,0.083191303,-0.031940282,-0.128772797,-0.064958342,0.671144254,-0.131630647,0.013429459,-0.010269582,-0.649892478,-0.593198869,-0.103904897,0.70520752,-0.723808354,-0.226677264,0.015987762,0.671292708,-0.017479493,-0.032200367,0.066641323,-0.129539361,0.355336149,-0.210824248,-0.367609656,-0.390640994,2.062557674,-0.108730074,7,0
61332024,-0.397526301,-0.905743673,-0.902999217,-0.446493603,-0.669352645,-0.329391963,-0.33164314,-0.24242175,-0.182672575,-0.843122984,-0.683572666,-0.603585358,-0.215793371,-0.703840227,-0.232804867,0.116096672,-0.299416056,-0.056564446,-0.103733937,-0.055613413,-0.074232256,-0.077994102,0.094677365,-0.04031759,-0.157663942,-0.064738156,0.764003086,-0.006336945,-0.008818553,-0.009712686,0.353436294,0.274818605,-0.143840067,-0.230193153,-0.579376359,-0.205058871,-0.015741208,0.521940858,-0.146646394,-0.187778869,0.221926836,0.459805786,0.212132556,-0.210824248,-0.267183554,-0.234938078,2.062557674,-0.108730074,7,0
61362023,-0.806271977,-1.325276519,-0.308713501,-2.030340349,-2.11837712,-0.345468356,-0.347821969,-0.349340161,-0.148922055,0.187805059,-1.213601173,-0.866538105,-0.244898971,-1.066951247,-0.197552921,-1.598313375,0.028685572,-0.08035334,-1.440753926,-0.051433376,-0.072804316,-0.055171189,0.109427365,-0.060806714,-1.938877275,-0.118031543,-0.810316313,-0.007914629,-0.049446584,0.021400084,3.867659949,1.884499177,-0.045730047,-0.209035842,1.966847815,1.976050208,-0.023308332,-1.241198968,-3.022367241,-2.327282294,2.156001582,1.687345389,-1.726119046,-0.210824248,-0.473831107,-0.190139493,-1.198742228,0.171640337,6,0
61362024,-0.627841108,-1.28841653,-0.384200513,-2.004378583,-1.946431177,-0.345468356,-0.347821969,-0.349194923,-0.151928795,0.102703573,-1.22992875,-0.880755881,-0.243466415,-1.030751327,-0.195157528,-1.598313375,0.024802745,-0.079573657,-1.205820865,-0.050859289,-0.072165761,-0.05523383,0.120878037,-0.062569909,-1.938877275,-0.122641803,-0.569201668,-0.006336945,-0.008818553,0.004513647,-0.914661157,-0.641381029,-0.050359897,-0.221775611,1.96396067,1.964454714,-0.023200501,-1.036769453,-2.791368449,-2.260395208,2.104680296,1.696613859,-1.726119046,-0.210824248,-0.468345032,-0.184375068,-1.124492433,0.121052674,6,0
61422023,0.511061609,-0.137773713,-0.246049091,-0.725646086,-0.475898419,0.791500359,0.79257802,-0.360415997,-0.233477831,0.006785008,-0.195207735,-0.214762541,-0.23047365,-0.168959815,-0.056623966,0.743044413,0.028561309,-0.137292078,-0.014163638,-0.082892932,-0.097116895,4.63E-05,0.030122456,-0.112023388,-0.101145115,-0.138131023,0.020943367,-0.010676207,-0.029578456,-0.010569556,-0.420682374,-0.409970005,-0.242229713,0.595219622,1.225929685,0.974901235,-0.036250254,0.049016506,-0.810573795,-0.947624322,0.956955448,-0.152965504,-0.304258927,-0.210824248,-0.552824662,-0.449937902,-0.233827799,-0.108730074,8,0
61422024,0.193080968,-0.252556407,-0.272759843,-0.586880516,-0.482723,0.791500359,0.79257802,-0.360415997,-0.296659583,-0.027036974,-0.691515697,-0.526275436,-0.260021367,-0.203973062,-0.101067568,0.809295246,0.028561309,-0.189907595,-0.092226295,-0.154915802,-0.174294507,-0.120160458,0.056272596,-0.062907719,-0.173094031,-0.104967094,0.369588644,-0.006336945,-0.008818553,-0.012628656,-0.68342971,-0.572308179,-0.292095897,-0.410206786,0.813389235,0.587023541,-0.025691575,0.557507926,-0.782971097,-0.917964418,0.92903906,-0.168048977,-0.405168892,-0.210824248,-0.678689418,-0.603965446,-0.233827799,-0.108730074,8,0
61522023,0.243629943,-0.289488811,-0.62750531,-0.228807257,-0.385248639,0.102171861,0.102129344,-0.181532877,-0.390493976,-0.660410589,-0.293863845,-0.348993052,-0.186880223,0.130865645,-0.157891488,0.805371152,-2.117551651,-0.10658184,-0.157196662,-0.084596562,-0.101055807,0.006618215,0.087056236,-0.093596114,-0.334608028,-0.139418639,-0.381988084,-0.01146538,-0.07091359,-0.010686931,-0.523153326,-0.505487771,1.504707993,1.551958197,-0.002582442,0.127674829,-0.039635465,-0.107685413,0.095231448,0.10412657,-0.070703126,0.38170903,-0.283958163,-0.210824248,-0.571778809,-0.475020927,-0.233827799,-0.108730074,8,0
61522024,0.228522846,-0.277383072,-0.617057191,-0.199155718,-0.367184424,0.102171861,0.102129344,-0.181532877,-0.405372166,-0.662381126,-0.270293245,-0.321187475,-0.192955597,0.179708067,-0.160084175,0.828270349,-0.315246225,-0.130343517,-0.224517338,-0.093049877,-0.110742958,-0.06907502,0.084267807,-0.028947494,-0.333502314,-0.135909187,-0.104084326,-0.006336945,-0.008818553,-0.01105017,-0.41100982,-0.403837527,0.050700706,-0.104380461,-0.050021879,0.09927391,-0.02992591,-0.327273294,0.126680673,0.142120084,-0.109190784,0.238649089,-0.280527983,-0.210824248,-0.686240153,-0.511276723,-0.233827799,-0.108730074,8,0
61552023,-0.461393621,-0.68191392,-0.877906303,-0.626019118,-0.871532238,-0.71372554,-0.718796087,-0.222057398,-0.161276456,-0.660973326,-1.169950988,-0.854722558,-0.241047375,-1.23403421,-0.183354005,-0.178675091,-0.045716441,-0.066541306,-0.323655777,-0.054845555,-0.074648558,-0.063825464,0.086158037,-0.083138186,-0.196159893,-0.119085228,0.778875729,-0.722010951,0.205079872,-0.009213688,0.085231437,-0.033772685,0.003149788,-0.424999283,0.238696009,0.506262232,-0.018975357,0.796953419,-0.66070927,-0.785731439,0.803772034,0.353612875,-0.007549464,-0.210824248,-0.366548753,-0.163919421,-1.090897902,0.109001326,6,0
61552024,-0.510299045,-0.630960232,-0.770272599,-0.558259683,-0.797777805,-0.710991092,-0.716038926,-0.217793212,-0.159162723,-0.55356383,-1.142820797,-0.847346386,-0.23846855,-1.132770763,-0.182084721,-0.147814383,0.028561309,-0.066360811,-0.328267173,-0.051920636,-0.071748514,-0.049938051,0.065719977,-0.036267484,-0.174305288,-0.124002564,0.554351221,-0.006336945,-0.008818553,-0.009033965,0.988286969,0.617490396,-0.004455371,0.145328268,0.169820558,0.493086221,-0.019571681,0.743660338,-0.669202437,-0.794985123,0.812580457,0.341995222,-0.043132699,-0.210824248,-0.364165413,-0.126119518,-1.114357818,0.116469546,6,0
61642023,-0.27486587,-1.020823693,-1.137970155,-0.919501138,-0.98485073,-0.533815897,-0.537471846,-0.351752686,-0.194549962,-0.954313016,-1.003538953,-0.79250875,-0.228206693,-0.502572087,-0.203388312,-4.54E-06,-0.029075039,-0.090125575,-0.391581808,-0.090558285,-0.109824737,-0.069050911,0.173679274,-0.037795278,-0.457766899,-0.10544251,-0.028044568,-0.011070785,-0.026096466,-0.011299597,-0.692268295,-0.590985788,0.336930654,-0.281054125,0.357658153,0.591460077,-0.030058552,0.352637182,-0.506508212,-0.611938197,0.63719534,-0.254096435,-0.338750266,-0.210824248,-0.566736857,-0.549689425,-0.233827799,-0.108730074,7,0
61642024,-0.370891603,-1.144806117,-1.235078206,-0.885879815,-1.013321644,-0.842617754,-0.848800382,-0.351752686,-0.187913993,-1.073296416,-0.919445267,-0.787531352,-0.210272361,-0.438693627,-0.217176608,0.04873316,-0.219193816,-0.064703271,-0.558525619,-0.057535303,-0.07809429,-0.045531274,0.093357619,-0.092043534,-0.527368535,-0.096531442,-0.130139395,-0.006336945,-0.008818553,-0.008569146,0.12591902,0.005326108,0.62095206,0.867886616,0.090734722,0.398661419,-0.019401075,-0.176679028,-0.417713585,-0.509860328,0.538366036,-0.402374511,-0.407503872,-0.210824248,-0.336672358,-0.178622656,-0.973847946,0.093548977,7,0
61652023,-0.13048564,-1.063517136,-0.914800951,-0.722513467,-0.471270599,-1.204833543,-1.214560981,-0.252857123,-0.201450038,-1.113243448,-0.151491563,-0.287571957,-0.138429637,0.338145371,-0.221492948,0.582905309,-0.103466791,-0.064843392,-0.061026138,-0.068936507,-0.087154576,-0.082060311,0.010298248,0.138857024,-0.151108857,-0.086419963,0.89210764,0.94083942,0.046966621,-0.010221613,-0.302060436,-0.280470482,-0.052355074,-0.300594555,-0.163477129,0.340680241,0.010273924,-0.176679028,0.483841119,0.566167738,-0.544962653,-0.459299333,0.447474056,-0.210824248,-0.32554665,-0.324055341,-1.317529482,0.294267773,8,0
61652024,-0.062526712,-0.826261736,-0.776532943,-0.711042608,-0.60353878,-0.883671026,-0.890224702,-0.102501117,-0.194196508,-0.697018631,-0.118167223,-0.256378161,-0.138471291,0.304266971,-0.195987492,0.596598807,-0.418294579,-0.059356747,-0.464574449,-0.059643361,-0.079944867,-0.041380873,0.034788597,0.036697433,-0.352786781,-0.133409073,1.079935468,-0.006336945,-0.008818553,-0.009118812,0.045966218,0.030492385,-0.016463649,0.634083531,0.198028503,0.554594613,-0.020626827,-0.883454209,-0.209954702,-0.2638615,0.297295484,-0.324201825,-0.29549683,-0.210824248,-0.251580149,-0.203217991,-0.108630465,0.027480221,7,0
61682023,0.134827584,-0.18813188,-0.298004139,-0.650025489,-0.752120807,0.327220865,0.327890502,-0.095078081,-0.172994235,0.042590509,-0.342684454,-0.426194274,-0.162644335,0.09416873,-0.077689482,0.805525874,0.032707219,-0.058963446,-0.775471065,-0.04996041,-0.070923233,-0.031851942,-0.003392061,-0.107971389,-0.681925346,-0.219989378,0.850807194,-0.005548199,0.085143259,-0.005921883,0.256578926,0.008545392,0.06664302,-0.223885344,1.023438878,1.101534886,-0.022471209,-1.205425585,-1.255721608,-1.379363345,1.355212474,0.434969749,-1.217326964,-0.210824248,-0.333042747,-0.282738611,-1.049144472,0.102357042,5,0
61682024,-0.123741376,-0.184047487,-0.286486465,-0.472032833,-0.605054054,0.327220865,0.327890502,-0.094520638,-0.186010536,0.007490854,-0.366553226,-0.43432852,-0.170638766,0.216830459,-0.095022778,0.858988922,0.085621012,-0.09395042,-0.645763054,-0.082807842,-0.103246113,-0.059794514,0.050770224,-0.05231514,-0.392148753,-0.196190846,0.605581224,-0.006336945,-0.008818553,-0.011369161,-0.475615984,-0.439392702,0.080408649,-0.205470277,0.690352616,0.806754961,-0.027602998,-1.004947591,-1.003892517,-1.144690895,1.140680204,0.331204277,-0.78540579,-0.210824248,-0.488030255,-0.460715765,2.062557674,-0.108730074,5,0
61842023,0.564684619,-0.476779342,0.150444539,0.228275305,0.004738059,0.035604491,0.035291653,0.48735156,-0.065337785,0.321099417,-0.33128215,-0.571320377,-0.074225896,-0.07180508,-0.323693128,-1.598313375,0.028561309,0.056549506,0.352744433,0.058200646,0.043794148,0.015531402,0.017573608,-0.348768055,0.215765932,-0.068888849,0.905578524,-0.004759516,-0.003893728,-0.008700328,0.466357676,0.341658023,0.024423358,0.008119102,-1.593928253,-0.460284236,-0.020376697,0.599971549,-0.426140395,-0.519507003,0.547736416,-0.364944529,0.006256768,-0.210824248,0.567946018,0.534225223,-0.943795862,0.090464895,6,0
61972023,0.234959446,0.190616832,-0.049113495,0.00318151,-0.131005356,-0.27583215,-0.277752168,-0.19064026,0.070973017,0.096431127,0.263552754,-0.002785524,-0.002898388,0.491796684,-0.040964528,0.682992739,0.061847572,0.05912132,-0.088317465,0.092816958,0.073657749,0.022531402,-0.046499066,-0.113056171,-0.665266447,-0.230560089,1.447544572,-0.006731341,-0.003196644,-0.005373577,1.3844419,1.007440418,0.041640218,0.352202186,0.316220207,0.543254206,-0.022575748,-0.690887742,-0.379400951,-0.46490666,0.494616242,0.756188355,-1.216200207,-0.210824248,0.863365716,1.09471172,-0.448194895,0.050402098,5,0
61972024,0.649393661,0.496367236,0.255874346,0.155154342,0.199174198,-0.27583215,-0.277752168,-0.11703366,0.16180015,0.344530337,0.483334953,0.145305415,0.138081531,0.708943389,0.092174475,0.750923217,-0.048085401,0.16689348,0.392426461,0.210961284,0.196141544,0.140327146,-0.156329463,0.16222352,0.032036247,-0.288460786,1.77677501,-0.006336945,-0.008818553,-0.007212093,2.432823635,2.049928075,0.04032853,1.241142085,0.522047617,0.729113818,-0.021960873,-0.042444159,-0.139288304,-0.179341631,0.213545561,0.54726751,-0.313116229,-0.210824248,1.901970699,2.100193754,-0.744587919,0.072730339,5,0
62012023,0.155878803,0.002822115,-0.369300927,-0.409214492,-0.581745043,-0.689207897,-0.694076116,-0.16250357,0.00588298,-0.113073919,0.003224852,-0.179070419,-0.104251705,-0.095922105,-0.043117506,0.525207039,0.028561309,0.026085498,-1.222640569,0.033229696,0.011748032,0.038812642,0.025604383,-0.106985404,-1.938877275,-0.22078907,0.778875729,-0.007520183,-0.003196644,0.04919237,0.934500267,0.512042875,0.019849765,0.929557272,0.847994094,0.800702547,-0.023337275,-1.391803372,-0.835384393,-0.973487068,0.981242599,0.472049015,-1.726119046,-0.210824248,0.869770532,0.907696107,-0.826915869,0.079642926,5,0
62012024,-0.023995624,-0.040330131,-0.367197489,-0.494537074,-0.654476902,-0.689207897,-0.694076116,-0.162480927,0.01690336,-0.079187809,-0.014639444,-0.19487658,-0.106011565,-0.108727083,-0.047788792,0.537312176,0.028561309,0.02531014,-0.742231319,0.036058941,0.014941083,-0.002675256,0.031071936,-0.121829877,-1.938877275,-0.216849519,0.82251106,-0.006336945,-0.008818553,0.005273624,1.129292989,0.648201027,0.039969309,0.082695321,0.945397101,0.880412253,-0.023173847,-1.391803372,-0.980966607,-1.1218522,1.119548432,0.281772442,-1.726119046,-0.210824248,0.859476367,0.941091305,-0.854455106,0.082065408,5,0
62022024,0.220079599,0.334758618,-0.008380846,-0.001676278,-0.099994647,0.424192929,0.425069775,-0.25699033,-0.044989766,0.1394584,-0.205208646,-0.413017026,-0.08685093,0.854410566,0.033520125,1.449658512,-6.102386102,-0.155089042,0.130300749,-0.168235034,-0.183555458,-0.028579815,0.075835905,-0.066180035,0.055901804,-0.083020316,1.546679824,-0.006336945,-0.008818553,-0.0118625,-0.961876734,-0.781786075,-0.021790587,0.142874541,0.56889097,-0.133290461,-0.027541323,0.352637182,-0.380367101,-0.46597577,0.495658314,0.921529565,-0.127899998,-0.210824248,-0.69470569,-0.733699477,-0.233827799,-0.108730074,5,0
62052023,0.368959131,-0.185504595,-0.375757486,-0.905283113,-0.446985048,-0.803260038,-0.809094533,-0.099134168,-0.056287509,-0.194581656,-0.596319504,-0.639002769,-0.166948623,-0.219904149,-0.057872432,0.244567368,-0.063055471,-0.031988264,-1.014696751,-0.026745307,-0.047965093,-0.020376701,-0.005694731,0.144321417,-0.089321978,-0.18733079,1.336289612,-0.007125754,-0.014869622,0.005238908,0.382522783,0.163389313,-0.009301525,0.091597072,1.466272846,1.537262804,-0.02316619,-1.241198968,-0.538794226,-0.649149949,0.673042634,0.523478223,-0.142542753,-0.210824248,0.139978671,0.233690949,-0.53962795,0.056976962,5,0
62052024,0.121628763,-0.326070083,-0.33633556,-0.885083868,-0.429685617,-0.803260038,-0.809094533,-0.099116723,-0.04201429,-0.146901048,-0.581950572,-0.654528074,-0.15446101,-0.024686939,-0.095399295,0.271696004,0.029616313,-0.035680372,0.019991517,-0.016198544,-0.034047047,-0.037988881,0.015775616,-0.064008532,-0.085934084,-0.151014694,1.327170917,-0.006336945,-0.008818553,-0.008867494,0.437081933,0.230573909,-0.009965154,0.062524679,1.25722247,1.353087746,-0.019914797,0.686315691,-0.566321891,-0.680489728,0.703157565,0.333617468,-0.170345079,-0.210824248,0.086635721,0.373123285,-0.190151805,0.032814106,5,0
62092023,-0.266616055,-0.226443801,-0.277415705,-0.312955265,-0.501537412,0.14545344,0.145572319,0.064032204,-0.142526566,-0.024488938,-0.154858044,-0.186785642,-0.226415664,-0.233037179,-0.128054184,0.448369046,-0.330335125,-0.119533236,-0.277386154,-0.111940106,-0.131305815,-0.012808184,0.053963989,-0.068950879,-0.144114394,-0.113645771,0.748962407,-0.009887101,-0.042079829,-0.012021542,-0.564882172,-0.501309297,-0.054869103,0.170743527,0.293155839,0.433539861,-0.028027717,-0.543360684,-0.8140021,-0.95092346,0.960056475,-0.328362447,-0.357035013,-0.210824248,-0.624556598,-0.587169151,-0.233827799,-0.108730074,6,0
62092024,-0.430226241,-0.267217906,-0.322832358,-0.328637508,-0.545093366,0.14573255,0.146034842,0.03282374,-0.160275926,-0.066573175,-0.226105669,-0.243949616,-0.226391507,-0.164066794,-0.136366493,0.472286872,0.026889522,-0.129923567,-0.335831767,-0.12274996,-0.14338614,-0.024581265,0.079605494,-0.116729681,-0.336703534,-0.121351618,0.89210764,-0.006336945,-0.008818553,-0.012945732,-0.53950258,-0.482589078,-0.041848885,0.127358827,0.259716709,0.362904546,-0.025013767,-0.543360684,-0.832470314,-0.97018294,0.978142651,-0.302834823,-0.655125324,-0.210824248,-0.672352594,-0.633087982,-0.233827799,-0.108730074,7,0
62152023,-0.308775622,-0.795785585,-1.011050482,-1.127113088,-1.323038244,-0.793729803,-0.799481124,-0.285735089,-0.159751471,-0.649338541,-0.808326729,-0.719582408,-0.205076879,-0.370965823,-0.166584905,0.127823085,-0.446530208,-0.06327962,-1.358393049,-0.055615358,-0.076973093,-0.048057838,0.099955904,-0.064012516,-1.023522493,-0.123635951,0.48313129,-0.007125754,-0.006597232,0.009691706,0.935810471,0.459713308,0.232724795,-0.076663144,1.085572035,0.946775027,-0.023249375,-1.352979564,-1.322378281,-1.437494267,1.407581621,0.648005403,-1.428703633,-0.210824248,-0.317307461,-0.159944808,-1.120762938,0.119284657,6,0
62152024,-0.146013539,-0.526951656,-0.849361568,-0.611350067,-0.806352931,-0.793729803,-0.799481124,-0.285184881,-0.146563347,-0.659028408,-0.473981703,-0.520216871,-0.173884143,-0.165465846,-0.158797325,0.161995886,0.005190697,-0.044116295,-0.831336325,-0.028959643,-0.050010837,-0.069773743,0.122008516,-0.025689478,-0.629193815,-0.116496795,2.186722878,-0.006336945,-0.008818553,-0.001374922,0.016646629,-0.116537877,0.14087584,-0.410851228,0.450877058,0.527389283,-0.022997467,-1.170359437,-0.564951964,-0.678867335,0.701600287,0.614564653,-0.835367383,-0.210824248,-0.03825359,0.200297379,-0.49917612,0.054040697,6,0
62162023,-0.708739668,-0.499348369,-0.997457776,-1.424412048,-1.755474211,-0.634057461,-0.638481488,-0.188942816,-0.150436494,-0.551007741,-0.955726847,-0.865719372,-0.194907543,-0.386214412,-0.109067604,0.700056432,0.15689272,-0.050846141,-2.371192461,-0.045034195,-0.066445341,-0.055448088,0.074345829,-0.055912319,-1.938877275,-0.196323231,1.044683232,-0.007520183,0.014856604,-0.009418755,0.390121769,0.046690534,-0.036106089,-0.30729063,1.90482054,1.871236548,-0.02337644,-1.391803372,-1.987945579,-1.910868289,1.820519818,0.842443815,-1.726119046,-0.210824248,-0.162131245,-0.057043522,-0.947598186,0.090846089,6,0
62162024,-0.283316356,-0.387788333,-0.884215567,-1.287438908,-1.577682175,-0.594551669,-0.598666897,-0.189346899,-0.127431861,-0.455542208,-0.694631992,-0.745150908,-0.159867361,-0.224787401,-0.090522517,0.75984026,0.293668283,-0.023831436,-2.371192461,-0.005171776,-0.026634195,-0.018864222,0.078580908,-0.050590433,-1.938877275,-0.224818679,1.354275498,-0.006336945,-0.008818553,-0.009418755,1.315083747,0.57713382,0.019707577,0.701729208,1.823578918,1.857857109,-0.02337644,-1.391803372,-1.857682426,-1.832651708,1.75416145,0.895391018,-1.726119046,-0.210824248,0.170591745,0.395042727,-0.947598186,0.090846089,6,0
62242023,0.404059916,-0.083566583,-0.231855777,-0.136612977,-0.269320259,-0.745892096,-0.751232589,-0.057353308,-0.053895939,-0.094240897,-0.131159769,-0.274420267,-0.133778144,0.471099062,-0.116543294,0.816975079,0.429050167,-0.094690706,0.225758577,-0.066963278,-0.082274334,-0.018795769,0.067105411,-0.064230866,-0.051024309,-0.129313234,0.748962407,-0.018176187,-0.206784742,-0.010276513,-0.516999358,-0.478813698,-0.057444345,0.255088167,0.14758984,0.326770223,-0.08069018,0.405748435,-0.376892861,-0.461699682,0.491489903,-0.231479084,-0.145452812,-0.210824248,-0.641352104,-0.32378689,-0.743635819,0.07265285,6,0
62242024,0.017831089,-0.056625256,-0.218844434,-0.106456269,-0.099655124,-0.745892096,-0.751232589,-0.079019409,-0.055079259,-0.225614112,-0.100108069,-0.292906366,-0.095742597,0.493706042,-0.113789611,0.855474247,-1.755132215,-0.044081945,0.248365885,-0.03205882,-0.047404338,-0.026566836,-0.021040607,-0.086064754,0.001901139,-0.116075169,0.778875729,-0.006336945,-0.008818553,-0.009691935,0.165552605,0.088381777,-0.068410408,0.137970236,0.12715559,0.32149264,-0.012790492,0.395363039,0.049092719,0.048331148,-0.014348182,-0.205317296,0.049385086,-0.210824248,-0.048900151,0.141091371,-0.694189,0.06869328,6,0
62252023,-1.995554062,-3.24598376,-4.257845125,-3.374636891,-3.881658762,-2.648199478,-2.677475818,-0.360415997,-0.293610739,-3.332620533,-2.450295443,-1.28687821,-0.26190098,-3.67973679,-0.248792773,-1.598313375,0.002329462,-0.068023368,-2.152082878,-0.072425534,-0.093898167,-0.076591968,0.091310628,-0.024423426,-1.524241688,-0.079657353,2.110233009,-0.006336945,-0.008818553,0.096044222,0.653592006,0.199228589,-0.810031535,-0.575048384,2.274474082,2.356669502,-0.023358732,-1.391803372,-1.962228679,-1.89635763,1.808273582,2.78516428,-1.550483393,-0.210824248,-0.384476298,-0.342165757,2.062557674,-0.108730074,9,0
62262023,-0.606420449,-0.763130212,-0.786728246,-0.587130314,-0.468653895,-0.333593968,-0.335871785,-0.3296222,-0.214798252,-0.857021783,-0.968378682,-0.768573089,-0.228550523,-0.515588221,-0.198911637,0.04688419,-0.202859919,-0.089475051,-0.010678479,-0.108969408,-0.124132737,-0.066343177,0.09310878,-0.031788318,-0.08790544,-0.054712187,-0.323177603,-0.01620188,-0.1443682,-0.01110967,-0.717716242,-0.675454417,-0.109497063,-0.004576388,0.01778047,-0.288640577,-0.029566178,1.16205351,0.189101239,0.217416542,-0.185736881,-0.011317212,0.373863511,-0.210824248,-0.536303835,-0.650193922,-0.233827799,-0.108730074,7,0
62262024,-0.520175308,-0.774290392,-0.788290664,-0.629372202,-0.48161868,-0.333593968,-0.335871785,-0.329805829,-0.224174687,-0.843667555,-1.05831863,-0.810662031,-0.2337866,-0.53954043,-0.196341821,0.033270739,-0.066094914,-0.097262819,-0.023770073,-0.094969645,-0.109694251,-0.070655541,0.098822136,-0.033055528,-0.104283004,-0.058306811,-0.569201668,-0.006336945,-0.008818553,-0.01082212,-0.334899805,-0.333419394,-0.050241424,-0.111259385,0.096755762,-0.154136062,-0.031376114,1.247827397,0.152709416,0.173304406,-0.140849081,0.024637598,0.327322373,-0.210824248,-0.590507004,-0.560066544,-0.233827799,-0.108730074,8,0
62432023,-0.738864735,-0.919091053,-1.479377065,-1.05507599,-1.304421118,-1.738835615,-1.754841368,-0.188427365,-0.208656974,-1.226731617,-0.880843249,-0.775413976,-0.20460739,-0.459586169,-0.18507437,0.513984945,-0.004778045,-0.056998165,-0.549666106,-0.059857774,-0.08039411,-0.051225871,0.090356567,-0.051852129,-0.540414722,-0.103572081,2.051797776,-0.004365199,0.015805632,-0.008837535,0.289191664,0.109999466,-0.165778746,0.684351053,0.785331748,0.731853024,-0.020778413,-0.287932572,-0.682827657,-0.809692876,0.826567585,1.532850363,-0.338750266,-0.210824248,-0.095772071,-0.058972096,-0.412080905,0.047862474,7,0
62432024,-0.041625689,-0.826861164,-1.379595265,-1.632188574,-1.128751721,-1.738835615,-1.754841368,-0.182862158,-0.207946905,-1.19878381,-1.000012422,-0.833168087,-0.214385957,-0.437660745,-0.155420191,0.535051601,0.015238363,-0.070421731,-0.450873149,-0.062919402,-0.083174659,-0.03570658,0.109733139,0.005305607,-0.374315501,-0.118398137,1.414694275,-0.006336945,-0.008818553,-0.009421114,0.087691821,-0.03568692,0.162907878,1.193636967,1.873210654,1.858387829,-0.018647915,0.119915702,-0.453253164,-0.550624292,0.577918973,1.403217042,0.008299386,-0.210824248,-0.430594231,-0.133988307,-0.961074562,0.092217351,7,0
62832023,0.0750364,-0.426345112,-0.684712383,-0.467891326,-0.669029673,-0.042943428,-0.043609088,-0.089732227,-0.33827581,-0.508375698,-0.637737606,-0.514787791,-0.246393585,-0.380372666,-0.154523381,0.528115548,0.203861009,-0.139374814,-0.382055516,-0.181261847,-0.206071843,-0.06834127,0.129316801,-0.027467077,-0.298177294,-0.13160682,1.270628414,-0.006336945,-0.008818553,-0.017470921,-1.119604285,-0.87432447,-0.179456706,-0.078211007,0.302597447,0.576448147,-0.024369061,-0.124569846,-0.524842233,-0.632961437,0.657459658,0.234770504,-0.314601869,-0.210824248,-0.777076802,-0.976463448,-0.233827799,-0.108730074,6,0
64052023,0.385738209,-0.527251478,-0.704951869,-1.899161068,-2.313671933,-1.131857584,-1.14082252,-0.107187667,-0.029391552,-0.209684005,-1.724362083,-1.023997191,-0.265484625,-1.208137631,-0.105158544,0.323761459,0.027918242,-0.110470711,-1.379042816,-0.114662141,-0.138477349,-0.073947238,0.008843761,-0.053748286,-1.938877275,-0.22268274,-0.960478236,-0.007520183,-0.035652852,-0.108979325,-0.701091381,-0.543518698,-0.083466027,-0.202608717,2.484532243,2.697394979,-0.023479563,-0.973721154,-2.904348949,-2.294628873,2.131107357,-0.148140369,-1.726119046,-0.210824248,-0.920584387,-0.90355832,-0.233827799,-0.108730074,7,0
64052024,-0.082911557,-1.316369014,-0.741216649,-2.764109285,-3.177896211,-1.131857584,-1.14082252,-0.109952146,-0.03622938,-0.225730966,-1.97806627,-1.110874984,-0.266189165,-1.33878787,-0.192399935,0.279042698,0.028032837,-0.105726052,-1.486765946,-0.091891733,-0.11432484,-0.069968823,-0.009261818,-0.026211101,-1.938877275,-0.132529656,-0.156560177,-0.006336945,-0.008818553,-0.075095533,-0.552724168,-0.467895681,-0.092819057,-0.146809708,2.842785223,3.192969577,-0.023489616,-0.973721154,-3.560549954,-2.437444566,2.237233966,-0.109568894,-1.726119046,-0.210824248,-0.860140015,-0.630494173,-0.233827799,-0.108730074,7,0
64162023,0.004687811,0.1112029,-0.037695718,-0.311856055,-0.141622701,-0.968862845,-0.976211979,0.245397842,-0.040675476,0.122260196,0.127648591,-0.076364382,-0.081382531,0.279982783,-0.014883281,0.868996382,-0.062430805,0.007908537,-0.060355327,0.012182603,-0.0063991,0.07363277,-0.027235091,-0.127914925,-0.305547646,-0.108412371,0.905578524,-0.005942564,-0.01591061,-0.007785517,0.287935545,0.135648782,0.023799835,1.254606467,0.824523487,0.333052229,-0.021512079,-0.640048746,-0.426341811,-0.519507003,0.547736416,0.43721074,-0.712177917,-0.210824248,0.840479412,0.871655445,-0.288527841,0.039378469,5,0
64162024,-0.246990725,0.172595948,-0.001137031,-0.196094922,-0.090425706,-0.968862845,-0.976211979,0.245397842,-0.023689684,0.144160148,0.156106504,-0.050191286,-0.077781586,0.361918395,-0.007432169,0.901610597,-0.091894712,-0.000645716,0.122666681,0.013797745,-0.003246481,-0.066806079,0.084498548,-0.076958471,-0.242193025,-0.084278773,1.008324385,-0.006336945,-0.008818553,-0.008575153,0.27161891,0.131695752,-0.0165158,-0.42692426,0.694876396,0.119625317,-0.020530205,-0.615268439,-0.370551305,-0.454753039,0.484715547,0.426887121,-0.624651468,-0.210824248,0.704130119,0.894698616,-0.312200577,0.04098169,5,0
64262023,-0.911858553,-1.172995763,-1.395429182,-1.731859148,-1.944861731,-2.024794039,-2.04463947,-0.014747659,-0.213939187,-0.939490193,-1.409770034,-0.925654628,-0.256528275,-0.763690773,-0.189746236,0.459894461,0.060084635,-0.121608488,-1.064013596,-0.140656906,-0.165845925,-0.071570282,0.071546674,-0.048625362,-1.197699324,-0.120823359,1.697593649,-0.007914629,-0.030494763,-0.054841828,-1.16486358,-0.788018574,-0.039681446,-0.364124867,1.671745253,1.590749871,-0.023642236,-1.135980066,-1.849304842,-1.827867903,1.750075879,0.013018527,-1.550483393,-0.210824248,-1.563863224,-1.846384085,-0.233827799,-0.108730074,7,0
64262024,-0.866365973,-1.236349047,-1.557406942,-1.818290159,-2.10860726,-2.024794039,-2.04463947,-0.022101896,-0.251541841,-1.081418481,-1.464959047,-0.924839118,-0.263391296,-0.81358615,-0.193553716,0.469019789,-0.065647386,-0.130580799,-1.124449042,-0.142557948,-0.167954901,-0.065926211,0.092870112,-0.032968695,-1.197699324,-0.121406531,2.062001539,-0.006336945,-0.008818553,-0.068969027,-1.537934956,-0.972687072,-0.033945614,-0.080531101,1.740418972,1.715350812,-0.023542548,-1.102267789,-1.917503776,-1.869238189,1.785306362,0.237194381,-1.527219275,-0.210824248,-1.763670478,-1.888900302,-0.233827799,-0.108730074,7,0
64382024,0.937873071,0.50523018,0.345203223,0.334901505,0.319101807,-0.930656877,-0.888154677,0.440714403,0.017892117,0.39262001,0.285686396,0.033745917,-0.015611852,0.647884886,0.035864076,1.095267493,0.820706022,0.012511045,0.075824505,0.073078997,0.055280614,0.076819172,0.06834866,-0.162550766,0.051589276,-0.215123433,1.479250253,-0.006336945,-0.008818553,-0.007189414,0.716932738,0.695118214,-0.050749076,0.760106279,0.159000847,0.20069153,-0.021928374,0.119915702,0.001152651,-0.00968676,0.044041366,-0.303662356,-0.314899323,-0.210824248,0.881661348,1.676035549,0.467200563,0.045634499,5,0
64422023,0.297070464,-0.251270803,-0.458887875,-0.277081707,-0.371595109,-1.1203105,-1.129156977,-0.213425754,-0.04513516,-0.380014388,-0.174951649,-0.373106498,-0.092643716,0.391880255,-0.140185485,0.500240033,-0.453768045,-0.022054344,-0.111293179,-0.021124523,-0.039915819,0.008284852,0.021473912,-0.069179424,-0.160980453,-0.124929904,1.079935468,-0.00515385,-0.014247341,-0.008534022,0.301760559,0.21188343,-0.024697116,0.849431339,0.172728382,0.290206947,-0.020097569,-0.212683934,-0.208294817,-0.262273698,0.295726447,0.238425488,-0.14302708,-0.210824248,0.437888254,0.470216777,-1.025467139,0.09935252,6,0
64422024,1.026543091,0.4267201,0.178867199,0.210022037,0.242870077,-0.91679005,-0.923648903,0.068070553,0.079082199,0.149459952,0.44479809,-0.12042276,0.366335089,1.325659995,0.028497382,0.493084094,-7.439656999,0.184139434,-0.050061142,0.213219154,0.193583017,0.145743486,-0.046805344,0.297235359,0.030710225,-0.254338777,2.637503739,-0.006336945,-0.008818553,-0.002855133,2.428690484,2.360147141,0.018481669,1.851910585,0.287037374,0.427349222,-0.022842574,-0.690887742,0.167953105,0.191996521,-0.159854832,0.267563235,-0.17813303,-0.210824248,3.479011893,3.49683891,-0.233374255,0.035679695,5,0
64492023,0.384500684,0.050614193,-0.120879041,0.041695754,-0.084599811,-0.693041653,-0.697941313,0.013843013,-0.027380964,-0.062986662,-0.097921744,-0.264210845,-0.116543523,-0.043202274,-0.109590565,0.504564165,0.028561309,0.007778223,0.254177762,0.014657473,-0.000882708,-0.002942771,0.08770969,-0.170196285,0.15764854,-0.065062793,1.032688921,-0.004365199,-0.004892243,-0.008982013,0.573797775,0.495488374,0.014543062,0.269245273,-0.017056669,0.247113622,-0.019454506,0.512815953,-0.118262071,-0.154049217,0.188393258,-0.240875517,0.209999009,-0.210824248,0.63105989,0.690323733,-0.227320902,0.035276683,5,0
64492024,0.620103505,0.253950092,0.15833399,0.329479669,0.135370505,-0.693041653,-0.697941313,0.01385564,0.018211868,0.227624038,0.020926018,-0.197367098,-0.072170711,0.137784596,-0.112489618,0.646464234,0.028561309,0.036747674,0.282671704,0.067385547,0.051914997,0.021335518,0.006234534,0.052640254,0.274369843,-0.065245034,1.622405836,-0.006336945,-0.008818553,-0.008333838,2.191056139,1.955053967,-0.005488849,0.415587357,-0.308574358,0.094586765,-0.020773379,0.384861177,-0.104407653,-0.137203557,0.17161795,-0.077484634,0.18114434,-0.210824248,1.013509521,1.311850392,-0.15535617,0.030526644,5,0
65152023,-0.040641617,-0.18937612,-0.129085421,-0.312455998,-0.327738888,-2.213068763,-2.235613313,0.412591894,-0.031145588,0.097847509,0.056521113,-0.225114772,-0.015571609,0.504679764,-0.117952019,0.832457743,0.139938585,0.042768926,-0.63990792,0.042871379,0.021892254,0.012419975,-0.111255335,-0.122407206,-0.269753371,-0.120759347,2.563317805,-0.007125754,-0.01591061,0.00237061,0.662626011,0.414495236,-0.037664106,-0.431411962,0.353159029,0.463258372,-0.023127638,-1.135980066,-0.688172233,-0.815688723,0.83226509,-0.592508943,-0.641776647,-0.210824248,3.256241163,3.00022909,-0.765359194,0.074433664,5,0
65152024,0.38437615,0.426543155,0.240510294,0.088577216,-0.074257282,-2.157487969,-2.179221917,0.72531674,0.079214892,0.505752668,0.373349778,-0.046000829,0.188613296,0.801675213,0.06497981,1.016706705,-1.80761718,0.198086177,-0.056581253,0.215615897,0.195919882,0.074731041,-0.109457134,0.176095965,-0.510475237,-0.274748817,2.503942844,-0.006336945,-0.008818553,-0.00269745,2.065275256,1.389830923,-0.025940887,0.638409226,0.539192766,0.667773093,-0.022912483,-0.665251603,-0.76449267,-0.898771104,0.910938205,-0.227323993,-1.178123285,-0.210824248,7.99003933,7.416817415,-0.607314713,0.062001134,5,0
65262023,1.920325251,1.171536178,0.992432956,0.45259822,0.290166698,0.090526472,0.090438586,2.443407038,0.295219236,1.439135694,0.995343422,0.463792154,0.834519314,1.963260177,0.766361239,2.490001054,0.028561309,0.130071349,0.69799552,0.168533461,0.160554705,0.449006957,-0.157657521,1.163834923,-1.938877275,-1.059408017,2.425522847,-0.004759516,-0.011057947,-0.008804157,0.184188863,0.04539283,-0.040518168,0.555620827,1.071756393,1.150521666,-0.020118366,-0.091035337,-1.280562203,-1.401553144,1.375240812,0.569510846,-1.726119046,-0.210824248,1.05377234,1.210529766,-0.859396201,0.082507034,5,0
65312023,1.893394325,0.980732456,0.638479859,-0.244076515,-0.427696892,-0.824802404,-0.827737185,1.486618313,0.362267381,1.122779131,0.151729732,-0.192980978,0.053049978,0.594883396,0.665642487,1.271531046,0.557591142,0.099857502,-0.835891189,0.251472697,0.229069847,0.209457111,-0.002029652,-0.248303488,-0.356759345,-0.954531079,2.565762285,-0.007520183,-0.010751454,0.04136247,1.088348875,0.428174925,0.239421264,0.431713424,1.888514705,1.938706907,-0.023333678,-1.241198968,-1.953797848,-1.891528096,1.804191048,2.174136285,-1.241532323,-0.210824248,2.045394107,3.731232148,-0.695914054,0.068829398,5,0
65312024,1.354054355,1.008480308,0.668324992,-0.321964233,-0.480217072,-0.821775325,-0.827118244,1.51664938,0.420486217,1.165670518,0.146044535,-0.284934251,0.121246336,0.742379142,0.7168591,1.423409011,0.045127127,0.140088935,-0.782231515,0.331436575,0.308539677,0.137839272,-0.785092357,-0.377024611,-0.665266447,-0.983480045,2.286660218,-0.006336945,-0.008818553,0.04412921,1.153100384,0.474833208,0.116402823,0.036835,2.025550546,2.052500908,-0.023330075,-1.205425585,-2.067343392,-1.955216148,1.85775625,2.228041697,-1.514999255,-0.210824248,2.616828821,4.687565283,-0.527491027,0.056091119,5,0
65332023,0.770979133,0.155726477,-0.051984656,-0.889055861,-0.979439524,-1.548781973,-1.562416119,0.980366673,-0.19273478,0.381995272,-0.762727511,-1.554986776,-0.070080106,0.904465815,0.061990912,1.413517535,0.564203749,-0.167057033,-0.756925612,-0.122079164,-0.145328617,-0.097870048,-0.283010985,-0.052145767,-1.938877275,-0.369689024,2.393464859,-0.007914629,-0.030609818,-0.020170982,-0.595096037,-0.495252646,0.301677551,-0.395998192,1.839030647,1.867841865,-0.024068439,-1.391803372,-1.922378068,-1.872245913,1.787858632,1.802018298,-1.726119046,-0.210824248,-2.037097475,-1.177040983,-0.233827799,-0.108730074,7,0
65522023,-0.086724033,-0.804305237,-0.247392931,-0.208789364,-0.184820079,-0.790132841,-0.795852884,-0.034831873,-0.114897613,-0.190043889,-0.435106584,-0.362882977,-0.256072862,-1.007132197,-0.25605377,0.271048051,0.028561309,-0.104646596,0.147579194,-0.074089684,-0.090127671,-0.021046269,0.075268663,-0.163654957,0.154921444,-0.038597475,0.225901753,-0.015017515,-0.17104938,-0.010407818,-0.042844947,-0.064298447,0.020294171,0.164995163,-1.025580506,-0.337225713,0.038125014,0.686315691,-0.130892905,-0.169326599,0.203590965,-0.656465389,0.31012718,-0.210824248,-0.748724593,-0.425389422,-1.204964879,0.176968108,6,0
65522024,-0.148238541,-0.821110576,-0.283239259,-0.628812695,-0.324175234,-0.790132841,-0.795852884,-0.040540366,-0.110124751,-0.135511492,-0.366903466,-0.31668424,-0.254404149,-0.927211648,-0.20259455,0.300716594,0.028561309,-0.10627401,0.039497904,-0.070504217,-0.087839059,-0.012592704,0.066335295,-0.110237193,0.063223547,-0.049354915,0.160262474,-0.006336945,-0.008818553,-0.010304447,0.119741936,0.029845515,0.082109685,0.201215885,0.018401259,0.252294967,0.019458785,0.37424091,-0.415517036,-0.507181564,0.535762867,-0.255959571,0.093549912,-0.210824248,-0.764872064,-0.372241896,-1.181242213,0.157454296,6,0
65582023,0.082145597,-0.707196744,-0.863632241,-0.54346552,-0.797065306,-0.620850109,-0.625170023,-0.169474632,-0.183110664,-0.685111751,-0.684890716,-0.573315262,-0.231516637,-0.561759159,-0.195447177,0.257055039,0.028514609,-0.09070957,-0.446197637,-0.095751933,-0.115737577,-0.040116825,0.083723272,-0.040325676,-0.296309903,-0.110232566,0.808127205,-0.047063632,-0.135975373,-0.011841081,-0.667677153,-0.573647664,-0.063745139,0.738295371,0.009757281,0.327687699,-0.026746641,-0.212683934,-0.521765465,-0.629725493,0.654342546,-0.467311109,-0.191615428,-0.210824248,-0.584256879,-0.599571843,-0.233827799,-0.108730074,6,0
65582024,-0.426680061,-0.943101731,-1.00296166,-1.058545073,-1.257587912,-0.620850109,-0.625170023,-0.169208619,-0.181319447,-0.658960328,-0.70502091,-0.605997066,-0.22205783,-0.481158553,-0.187609992,0.361290838,0.028604619,-0.080440489,-0.802439598,-0.070803843,-0.091820695,-0.060161637,0.079762957,-0.124089399,-1.938877275,-0.112939338,1.479250253,-0.006336945,-0.008818553,-0.009555515,-0.160133144,-0.233034492,-0.031592338,0.132253902,0.759194632,0.782717066,-0.014284033,-0.883454209,-1.221387943,-1.349278727,1.327984808,-0.385504363,-1.726119046,-0.210824248,-0.495009907,-0.382664931,-1.429728915,0.441240712,6,0
65812023,-0.152030189,-0.851539459,-0.188719298,-0.847005995,-1.104372204,-0.393690566,-0.396359767,0.096800675,0.058555383,0.243564212,-0.339989357,-0.525403527,-0.102781564,-0.564040838,-0.188999207,-0.322369945,0.028561309,0.059517544,-0.791222639,0.057547968,0.036279693,0.024313085,0.096247639,-0.265753686,-1.938877275,-0.137740459,1.660906982,-0.007520183,-0.010955742,0.010408076,0.917475296,0.359301442,-0.001842395,-0.238556609,0.456006866,0.618316442,-0.023230676,-1.036769453,-1.944603297,-1.885496273,1.79908756,-1.042320875,-1.726119046,-0.210824248,0.98413299,0.895551297,-1.030730689,0.099995622,5,0
65812024,0.087086908,-0.78989181,-0.03632344,-0.824127346,-0.565358773,-0.393690566,-0.396359767,0.096800675,0.106454288,0.316488303,-0.238866013,-0.545281565,-0.032389798,-0.383856672,-0.182635452,0.137441679,0.028561309,0.125498415,-1.211327115,0.132401313,0.110472629,0.07675822,-0.082279733,0.005116421,-0.154748784,-0.091146511,1.787408578,-0.006336945,-0.008818553,0.091475696,1.720315777,0.877410458,0.009570207,0.375814286,0.49971557,0.653952114,-0.023355171,-0.716968254,-1.285423379,-1.40554069,1.378835006,-1.100702898,-0.589866102,-0.210824248,1.680363392,1.599981717,-0.738865067,0.072265319,5,0
65822023,-1.993452803,-0.5408704,0.079298322,-0.93259567,-1.206742587,-0.454618638,-0.457704256,0.006669027,0.286016759,0.554652005,-0.867530952,-0.632836158,-0.25957606,-0.536707677,-0.136931427,0.014462557,0.046655141,-0.147373364,-1.466095216,-0.140290302,-0.165801466,-0.136154234,0.130332959,-0.068485511,-1.938877275,-0.174056953,0.068625784,-0.08685918,-0.033167866,-0.269467217,-0.290643008,-0.336237432,0.050700706,-0.498125012,1.062286701,1.122535319,-0.023435486,-1.352979564,-2.372747439,-2.104842412,1.981064351,-0.300586321,-1.726119046,-0.210824248,-0.998698496,-0.902370304,-0.233827799,-0.108730074,5,0
65822024,-0.744185738,-0.946540449,0.119521421,-0.942067896,-1.199209654,-0.454618638,-0.457704256,0.006669027,0.301422707,0.598838776,-0.457312163,-0.407859158,-0.235022771,-0.632604645,-0.194182279,0.000969339,-0.789794934,-0.091025756,-1.205275542,-0.051519385,-0.072825992,-0.051592264,0.114101952,-0.025557269,-1.938877275,-0.112410649,0.137805198,-0.006336945,-0.008818553,0.00412085,0.165552605,-0.093968435,0.036452298,-0.054901286,0.516267134,0.524817744,-0.023204289,-1.314953382,-2.405004866,-2.119305145,1.992773199,-0.227575205,-1.726119046,-0.210824248,-0.563180943,-0.171386289,-1.102267512,0.112001336,5,0
65852023,0.169061356,-0.322051303,-0.06164238,-0.478296958,-0.080919512,-1.054601652,-1.062785547,-0.019698155,0.044630896,0.036241005,-0.13149041,-0.332439607,-0.090022231,-0.069814735,-0.130074181,0.546823848,-0.302416662,0.039193366,0.218385706,0.036645881,0.020536025,0.01727755,0.070856114,-0.056725074,0.215981528,-0.039799605,1.546679824,-0.005548199,-0.014040289,-0.008532311,0.590495267,0.452162108,-0.031386006,0.255920188,0.490762979,0.491753206,-0.020576032,0.436224594,-0.229052021,-0.286633048,0.319779728,-0.873294019,0.234974535,-0.210824248,1.435418673,1.307286234,-0.375449649,0.045315769,5,0
66062023,-1.758238177,-0.876098789,-0.858307639,-1.037772118,-1.050124719,-0.404964441,-0.407709213,-0.222189552,-0.167705833,-0.554172565,-0.971388977,-0.838356682,-0.206423779,-1.001293629,-0.180889975,-0.108552887,0.030026945,-0.03510802,-0.899643946,-0.035276309,-0.056391575,-0.069690605,0.079761577,-0.032191995,-0.746365131,-0.111802379,0.655038052,-0.007125754,-0.014143792,-0.000887225,0.20659959,0.02273538,-0.076318607,-0.674140558,0.810224728,0.406731333,-0.022846713,-0.797992738,-1.039219244,-1.178743651,1.17210714,-0.523367269,-1.077909306,-0.210824248,-0.024240217,-0.011263079,-1.098410472,0.110839673,6,0
66062024,-0.092875459,-0.732678898,-0.777729383,-0.99720351,-1.03903104,-0.404964441,-0.407709213,-0.255340471,-0.128946892,-0.458647863,-0.993337543,-0.835074195,-0.212337795,-0.984725503,-0.164171216,-0.03198175,0.025798794,-0.042051682,-1.157821271,-0.03997977,-0.061266518,-0.034531829,0.238235014,-0.067899911,-0.721341355,-0.135908397,0.748962407,-0.006336945,-0.008818553,0.007547495,1.570711002,0.898765646,-0.052675986,-0.028261115,0.926665312,0.659796543,-0.023100394,-1.170359437,-1.125683709,-1.261742464,1.248292108,-0.410127292,-1.078795909,-0.210824248,-0.100158808,-0.059695552,-1.463731365,0.490379679,6,0
66572023,-0.771599035,-1.253936671,-1.815099572,-2.693503068,-3.183428881,-0.916310546,-0.92219379,-0.135601706,-0.364295679,-1.245259707,-3.401570598,-1.523857347,-0.262860092,-0.434001611,-0.187997764,0.734559246,0.028561309,-0.164541115,-1.42315965,-0.203918622,-0.233628131,-0.15310352,0.083538402,0.146286223,-1.938877275,-0.139963015,2.51523224,-0.006336945,-0.008818553,-0.459229152,-3.565429119,-1.865755855,-1.932754901,-1.816215697,2.812283806,3.1365078,-0.02340444,-0.716968254,-2.93533735,-2.303252487,2.137712721,1.052573918,-1.726119046,-0.210824248,-1.440624501,-1.796628011,-0.233827799,-0.108730074,8,0
66572024,-0.389924328,-1.296292009,-1.877902921,-2.382056162,-2.793392502,-0.907353492,-0.672849738,-0.303775583,-0.315125713,-1.32420889,-3.366600021,-1.521120562,-0.262763448,-0.45462974,-0.19263874,0.722220857,0.028561309,-0.162022702,-1.425442539,-0.188861509,-0.217564073,-0.137181671,0.163500925,0.030964928,-1.938877275,-0.136581968,2.536386453,-0.006336945,-0.008818553,-0.405547127,-2.983970281,-1.606631284,-2.138809246,-1.609855537,2.445976528,2.62927666,-0.023407913,-1.391803372,-2.4869637,-2.152819092,2.019747592,1.028293632,-1.726119046,-0.210824248,-1.242861459,-1.424600641,-0.233827799,-0.108730074,8,0
66582023,-0.145583,-0.630853007,-0.86606862,-0.566738752,-0.532286185,-2.31954414,-2.343673284,-0.150579794,-0.173138956,-0.926215992,-0.640298185,-0.592603667,-0.205525245,-0.400775474,-0.181186441,0.19154606,-0.389910242,-0.061767748,-0.444491565,-0.064260772,-0.084493712,-0.07443342,0.076411424,-0.015551091,-0.233500073,-0.087370406,-0.130139395,0.001547737,-0.006697829,-0.009543005,-0.117334869,-0.110908718,-0.101546208,-0.461408068,0.18901718,0.452565476,-0.015870661,0.224436298,0.166640743,0.190439371,-0.158270709,-0.026256469,0.114139052,-0.210824248,-0.159669658,-0.075645356,-1.193044626,0.166889756,6,0
66582024,0.002778373,-0.52978535,-0.603168711,-0.313547599,-0.246891269,-2.31954414,-2.343673284,-0.150579794,-0.17251405,-0.806659043,-0.501135853,-0.505010536,-0.194923343,-0.251808934,-0.195637903,0.260070974,0.060375456,-0.060562072,-0.409151364,-0.060575612,-0.080695205,-0.051619844,0.02516557,0.101183657,-0.015221362,-0.065977489,0.48313129,-0.006336945,-0.008818553,-0.009347896,0.582786479,0.684598555,-0.097917461,0.202041472,-0.228438708,0.172635944,-0.018122624,0.384861177,0.4942393,0.577939552,-0.557223133,-0.318655555,0.48905336,-0.210824248,-0.116756264,0.046078186,-1.13720123,0.127731402,6,0
66682023,0.289802888,-0.514377414,-0.372423776,-0.155284083,-0.164911939,-0.658416993,-0.663035342,0.185083619,-0.326823705,-0.443122195,-0.833255166,-0.61756934,-0.257156943,-0.291336413,-0.219963401,0.527995603,0.126945107,-0.171780271,0.2288494,-0.211626686,-0.226657113,-0.065605612,0.079547171,-0.078073175,0.16863704,-0.055118315,1.136354068,-0.011070785,-0.027880758,-0.012130798,-1.153797569,-1.091334138,-0.08803673,-0.085165084,-0.596571462,0.015055307,-0.026224356,1.362955868,0.199357463,0.229857975,-0.198419357,-1.071088752,0.556416398,-0.210824248,-1.325875865,-1.62305575,-0.233827799,-0.108730074,8,0
66682024,-0.151663654,-0.742984337,-0.412576815,-0.504347288,-0.25948077,-0.578069276,-0.582058004,0.177908802,-0.306717633,-0.407983205,-0.848706239,-0.664075146,-0.239644977,-0.263824485,-0.204942659,0.566491862,0.067385075,-0.141370168,0.089510119,-0.165941833,-0.182189072,-0.101466432,0.030693695,-0.039219905,0.094733339,-0.044869644,1.280275787,-0.006336945,-0.008818553,-0.011980091,-0.757603456,-0.693837387,-0.106630292,-0.327924616,-0.143576051,0.175587211,-0.026414331,1.16205351,0.003770063,-0.006547037,0.040887027,-0.845980102,0.376641119,-0.210824248,-1.008958522,-1.164309535,-0.233827799,-0.108730074,8,0
66742023,-0.577523484,-0.65287765,-1.106833347,-0.772785034,-0.985435625,-1.089966191,-1.098504246,-0.145019002,-0.207891902,-0.910397418,-0.702419379,-0.554910082,-0.247564419,-0.081558245,-0.166471395,0.83842969,0.467593829,-0.185940396,-1.121503255,-0.227255215,-0.258281622,-0.161942091,0.086034965,-0.037686884,-1.938877275,-0.10293155,0.408372117,-0.007520183,-0.028218247,-0.153235859,-1.814991935,-1.402215569,-0.158274959,-1.274697697,0.596427277,0.295726115,-0.02344914,-1.391803372,-0.555862152,-0.668595661,0.69173654,0.715201021,-1.726119046,-0.210824248,-1.84503234,-2.275937448,-0.233827799,-0.108730074,7,0
66742024,-0.197751785,-0.692376178,-1.182580106,-0.694653778,-0.926632857,-1.096753967,-1.105360651,-0.147646277,-0.247232052,-1.060968193,-0.835295292,-0.673717183,-0.231618979,-0.306231209,-0.178792453,0.698900851,-0.018039857,-0.119713594,-1.162544988,-0.146552238,-0.172255566,-0.037739667,0.089465355,-0.028338277,-1.938877275,-0.122320181,0.268268366,-0.006336945,-0.008818553,-0.083475022,-1.388523882,-1.061489383,-0.120247089,1.346386411,0.372386531,0.192821042,-0.023496294,-1.391803372,-0.299462279,-0.371051081,0.402834258,0.779399876,-1.726119046,-0.210824248,-1.022649105,-1.276607186,-0.233827799,-0.108730074,7,0
66892023,0.865963813,0.349470959,0.001852297,0.282663492,0.075669821,-1.081895395,-1.090352122,0.375237255,-0.175776803,-0.003175845,0.754002346,0.587532824,-0.032566869,0.780893644,-0.043342082,0.268946353,0.701611766,-0.04064657,-0.470254294,-0.029163673,-0.049526078,-0.15609517,0.006570225,-0.131772956,-1.938877275,-0.289815451,1.125296317,-0.005942564,0.062206858,-0.006778771,0.097540589,0.102129261,0.34815954,-1.004768051,-0.014498391,0.356049238,-0.022217296,-1.352979564,0.073042123,0.077026978,-0.043307063,2.160848105,-1.726119046,-0.210824248,0.095463892,0.322573097,-0.577990285,0.059806228,5,0
66892024,0.661907111,0.456102851,0.090463155,0.418124052,0.197553676,-1.081895395,-1.090352122,0.376178622,-0.173161155,0.024537453,0.944479791,0.816249119,-0.016592571,0.872863592,-0.032887893,0.557769615,0.106532079,-0.050348344,-0.540736956,-0.038021197,-0.058555502,-0.038425161,-0.045741573,-0.058601784,-0.919569931,-0.297292469,0.733751055,-0.006336945,-0.008818553,-0.006874684,0.026407123,0.0220895,0.069626433,0.04244182,-0.121638879,0.293636454,-0.021937669,-1.391803372,0.242962905,0.281633078,-0.251302778,2.291478659,-1.476390352,-0.210824248,-0.073878495,0.181467412,-0.915895274,0.08773567,5,0
66952023,0.362588643,-0.4690249,-0.993049165,-1.4554813,-1.735458649,-0.594822331,-0.598939647,0.095221219,-0.321536325,-0.549012738,-0.737753875,-0.733538887,-0.178282067,0.193023062,-0.102377262,1.064856632,0.028561309,-0.103817359,-1.275979597,-0.105005812,-0.128142491,-0.018225172,0.06186931,-0.032335928,-1.938877275,-0.191333135,2.229085877,-0.006336945,-0.008818553,-0.055861998,-0.695211027,-0.547140825,-0.011570633,1.593824965,1.978817012,1.914106592,-0.023578325,-1.314953382,-1.96477151,-1.897565583,1.80929418,1.63813954,-1.726119046,-0.210824248,-0.692588454,-0.670028271,-0.233827799,-0.108730074,8,0
66952024,0.245119762,-0.520448003,-0.955881673,-1.286791472,-1.527331281,-0.582068793,-0.586088089,0.112641193,-0.337107725,-0.541612289,-0.78633205,-0.761993051,-0.182943541,0.189998339,-0.117208605,1.106849321,0.028561309,-0.112509727,-1.332410651,-0.092589379,-0.114991953,-0.055236057,0.034401206,-0.018657982,-1.938877275,-0.186927704,2.110233009,-0.006336945,-0.008818553,-0.04300007,-0.593089414,-0.496186097,0.021645826,0.340420024,1.67964525,1.677532456,-0.023642236,-1.352979564,-1.707083956,-1.733436304,1.668827014,1.316613481,-1.726119046,-0.210824248,-0.76365243,-0.569780918,-0.233827799,-0.108730074,8,0
66982023,-0.086869213,-0.504036347,-0.509464005,-0.289589693,-0.445843599,-1.118248835,-1.127074225,-0.07973077,-0.213871896,-0.400485675,-0.726089584,-0.616575947,-0.224049639,-0.341429143,-0.194532818,0.401114809,0.149658297,-0.100250345,0.195743004,-0.079460558,-0.092473205,-0.046066646,0.024027189,0.069846316,-0.015173367,-0.081923593,-0.028044568,-0.01620188,-0.078560348,-0.010472269,-0.527248867,-0.491512655,-0.097390358,0.36737417,-0.240297592,0.164890039,-0.070637483,1.216518717,-0.301802808,-0.373711367,0.405443893,-0.596128222,0.153133289,-0.210824248,-0.787157017,-0.486850461,-0.233827799,-0.108730074,7,0
66982024,-0.064580971,-0.635153672,-0.590312387,-0.414253188,-0.594296564,-1.118248835,-1.127074225,-0.074729786,-0.224048981,-0.418138251,-0.87005302,-0.73218403,-0.217436614,-0.458790738,-0.199614412,0.386307429,0.235549176,-0.073937964,0.024934597,-0.074127551,-0.091457606,-0.061961238,0.141554595,-0.079719173,-0.08625818,-0.087056831,0.369588644,-0.006336945,-0.008818553,-0.010406582,-0.40669226,-0.399197732,-0.110386467,0.037635526,-0.172228001,0.16387183,-0.067097096,1.08517689,-0.512150756,-0.618404275,0.643431294,-0.604652591,0.028276359,-0.210824248,-0.460281975,-0.424475823,-0.233827799,-0.108730074,7,0
67062023,0.64636991,0.288271065,0.107646072,0.010100575,0.137536595,-0.964279991,-0.971585466,0.166400485,0.011458118,0.13112319,-0.615887367,-0.504246005,-0.244027741,0.273334625,0.005460742,0.739279333,2.556708737,-0.258974015,-0.02204358,-0.302175364,-0.329840583,-0.069460053,-0.112180515,0.155048846,0.281812535,-0.157963294,0.247221054,-0.008703568,-0.023354965,-0.016232114,-0.897593948,-0.775127226,-0.095630001,-0.464585865,0.467621968,0.53613858,-0.024632546,0.693720806,0.014589084,0.006530659,0.02774168,-0.128504522,0.274349554,-0.210824248,-2.565124172,-2.988695836,-0.233827799,-0.108730074,6,0
67152023,0.444546596,-0.136975121,-0.351864005,-0.644949754,-0.725048798,-1.207592106,-1.217348833,0.188940653,-0.076174553,-0.033614032,-0.217788515,-0.404796949,-0.100516514,-0.068873874,-0.063292166,0.717292316,0.028561309,0.027684004,-0.487844709,0.031224675,0.010630052,0.051547767,0.041045848,-0.131760669,-0.709333597,-0.183298897,1.9665959,-0.007125754,-0.015389503,-0.002333968,0.737666397,0.39878853,0.049581817,1.126601271,1.084694998,1.130468282,-0.022887919,-0.943073834,-1.134109552,-1.269059501,1.254979743,-0.014427638,-1.22527869,-0.210824248,1.40706423,1.385956143,-0.029747478,0.022397202,5,0
67152024,0.593571653,-0.06258406,-0.160918924,-0.639680394,-0.536555418,-1.118677853,-1.127507629,0.351092,-0.058884217,0.146695127,-0.277654402,-0.45778137,-0.10513317,0.065183903,-0.04034986,0.761545591,0.028561309,0.009069539,-0.331088728,0.019815469,-0.000228275,0.021898407,-0.083686766,0.179138177,-0.333195262,-0.200775905,1.691600157,-0.006336945,-0.008818553,-0.005320857,0.566097383,0.228569035,-0.005103563,0.559058902,1.17626525,1.248765889,-0.022396283,-0.566934294,-1.056967661,-1.196083431,1.188072275,-0.188354932,-0.768264226,-0.210824248,0.984588652,1.115508659,-0.616901322,0.06272517,5,0
67192023,0.442525209,0.703144173,0.370418575,-0.507749748,-0.739816053,-0.820583728,-0.826570537,1.316637046,0.038869468,0.841311092,-0.074713257,-0.249879525,-0.109762095,0.560878647,0.385973886,1.188725389,0.028561309,-0.078807106,-1.075465811,-0.058462536,-0.079712056,-0.060397669,-0.175361255,-0.223038111,-1.938877275,-0.61494637,1.974531215,-0.008703568,-0.008818553,-0.003295117,-0.353942732,-0.368912029,0.000300263,-0.748238379,1.924485201,1.868891259,-0.022771732,-1.391803372,-2.07487745,-1.959486048,1.86132588,1.324840332,-1.726119046,-0.210824248,-0.495592248,-0.19541341,-0.773758764,0.075129692,5,0
67192024,0.519366632,1.169676523,0.82864014,-0.463532972,0.066191367,-0.47300521,-0.476220329,2.3897321,0.064509918,1.274355351,0.059482343,-0.171562709,-0.058986158,0.66616091,0.996727406,1.216259801,0.028561309,-0.040339171,0.114200184,-0.01508813,-0.032076972,0.105672282,-1.320973321,2.699015753,0.227852705,-1.180618193,1.068304784,-0.006336945,-0.008818553,-0.009116998,-0.239906867,-0.303729783,0.194508886,0.352202186,2.37239213,2.517225341,-0.019261666,0.004202184,-1.426874417,-1.524147175,1.485033916,1.644040692,-0.636777459,-0.210824248,-0.065624343,0.224558532,-0.677329178,0.067370055,5,0
67422023,0.210166239,-0.674761134,-0.950111258,-0.989493126,-1.045845735,-1.011497926,-1.01925791,-0.051182213,-0.197788248,-0.671341738,-1.167961232,-0.840790514,-0.244916952,-1.322890342,-0.156015757,0.069177433,0.028604619,-0.069166465,-0.221344318,-0.069609445,-0.088863931,-0.038915599,0.062101735,0.054190666,-0.332386344,-0.141248177,1.782111878,-0.037155755,-0.018429978,-0.010165625,-0.228272275,-0.275779376,-0.022604339,0.252592674,0.989676295,1.070589074,-0.008932016,0.931086449,-0.906519475,-1.04692131,1.049917963,-0.052591394,-0.272296979,-0.210824248,-0.400620752,-0.347622871,-1.422865068,0.431559431,7,0
67422024,0.232895511,-0.723994688,-0.992648299,-0.940248598,-1.088868418,-1.011497926,-1.01925791,-0.051181425,-0.207487658,-0.707042619,-1.044011114,-0.770701067,-0.244527813,-1.236057828,-0.166092767,0.053696055,0.027743156,-0.071831474,-0.232694941,-0.065794747,-0.085137246,-0.056198189,0.099510325,-0.056362321,-0.355766844,-0.138540128,1.903486343,-0.006336945,-0.008818553,-0.009965679,-0.229437343,-0.28281131,-0.018044719,-0.08362135,0.829123918,0.977700622,-0.004569697,0.729721285,-0.930135435,-1.071298679,1.072620856,-0.018094171,-0.294625767,-0.210824248,-0.431160721,-0.284046975,-1.089724466,0.108757262,7,0
67542023,0.472206111,0.195095122,-0.154031981,0.254163464,0.079278932,-1.127224877,-1.136142215,-0.016787738,-0.091284573,-0.336567849,0.218571605,0.011265427,-0.073130945,0.327173132,-0.112819157,-0.368957718,0.406464739,0.009947132,-0.830432086,0.013972039,-0.00718069,0.007659522,0.063350383,-0.086116451,-0.693284008,-0.230936931,-0.238089116,-0.007520183,-0.016956621,0.005806723,0.279146676,0.38447125,0.140539508,0.732194327,-0.242916593,-0.043086469,-0.023143112,-1.241198968,0.479746975,0.561560069,-0.540166132,-0.244673614,-1.086835215,-0.210824248,1.007590897,1.031937903,-0.786709704,0.076211503,6,0
67542024,0.551757492,0.22449789,-0.116743747,0.244739375,0.076001366,-1.127224877,-1.136142215,-0.016787738,-0.064530071,-0.247307886,0.283883217,0.056125313,-0.043799934,0.371187458,-0.095558193,-0.194207171,0.222721,0.035240115,-0.801937547,0.043682221,0.022457262,-0.036333085,0.136890503,-0.091887613,-0.732017119,-0.224873312,-0.130139395,-0.006336945,-0.008818553,0.009006779,0.753232725,0.924433353,0.095428139,-0.140054284,-0.163931301,-0.092254858,-0.023208074,-1.277700858,0.366518702,0.428640597,-0.40238251,-0.120384734,-1.178123285,-0.210824248,1.451837195,1.494089092,-0.253870547,0.0370485,6,0
67562023,0.542666796,-0.243417471,-0.392844114,-0.513215189,-0.737451044,-1.058274356,-1.055139666,0.286862201,-0.133795543,-0.081473848,-0.342035829,-0.547081556,-0.092469971,0.470770502,-0.106452093,1.323482126,0.028561309,-0.035975872,-1.471456114,-0.028192121,-0.049576985,0.06692326,-0.019035957,-0.16181673,-1.938877275,-0.240207555,2.488825627,-0.007520183,0.026779017,0.054887264,0.173002755,-0.038875456,0.030902252,1.079366999,0.682559796,0.831181914,-0.023340867,-1.391803372,-1.100050126,-1.237009542,1.22565192,1.481658924,-1.726119046,-0.210824248,0.164427632,0.3218969,-0.656250271,0.065733117,6,0
67562024,0.444120181,-0.345608171,-0.348904268,-0.399714284,-0.626519164,-1.044170095,-1.050337312,0.288490234,-0.131355991,-0.066307682,-0.459557538,-0.642420876,-0.106846424,0.532979614,-0.145413395,1.349248713,0.028561309,-0.064913086,-0.612679627,-0.035296069,-0.055996024,-0.010888325,-0.047602476,0.027343283,-0.46341827,-0.213749019,1.771397551,-0.006336945,-0.008818553,-0.00590787,-0.062156377,-0.177220445,0.057226958,0.541020481,0.285639138,0.627808748,-0.02249311,-0.85445211,-0.953950919,-1.095163342,1.094799799,1.531524423,-0.858692293,-0.210824248,-0.332783767,0.209233972,-0.729994415,0.07154801,6,0
67822023,-0.196776321,-0.435002551,-0.156251012,-0.377985374,-0.177617079,-1.19873582,-1.208398634,0.240856776,-0.065324007,-0.042314452,-0.233510518,-0.412536158,-0.105736591,0.146747697,-0.167858955,0.654545236,0.088906791,-0.001083341,0.304797002,-0.011116511,-0.025813146,-0.022447129,-0.082591036,-0.200077113,0.075465656,-0.056466748,2.06535981,-0.003182339,-0.005894005,-0.00947036,0.120977007,0.044095446,-0.046885059,-0.190352172,0.088258846,0.129185935,-0.01843878,0.770786413,-0.29193372,-0.361476933,0.393438497,-0.469886253,0.043319566,-0.210824248,0.867712,0.681216569,0.137743086,0.011816271,5,0
67822024,0.087550896,-0.380932543,-0.057213769,-0.251324531,-0.23862892,-1.19873582,-1.208398634,0.240856776,0.006966164,0.153867382,0.054577801,-0.240587154,-0.004691355,0.307256532,-0.175494715,0.770949179,-1.264059547,0.087848727,0.25065115,0.078736594,0.062780602,0.083895097,-0.003206367,-0.135344482,-0.014528163,-0.071365062,1.685558994,-0.006336945,-0.008818553,-0.008042598,1.854350012,1.384699272,-0.020837721,1.132848386,-0.111517755,0.037697247,-0.021468742,0.296411419,-0.614653846,-0.734656649,0.755042589,-0.528330949,-0.258018077,-0.210824248,2.496398968,2.137529303,0.126109808,0.012543062,5,0
67922023,-0.432732829,-0.609951611,-0.895455161,-0.994304848,-1.239815444,-1.643267704,-1.658062482,-0.015611014,-0.138449224,-0.537918549,-0.593749957,-0.628959375,-0.170476427,-0.354702351,-0.145427614,0.586036424,0.082821473,-0.026057075,-0.728358058,-0.02642694,-0.047345612,-0.033033569,0.064426262,-0.115776994,-1.938877275,-0.154963255,1.509865772,-0.007125754,2.47021909,-0.003172983,1.150453919,0.618884569,-0.020543068,-0.038473526,1.083950153,1.043499092,-0.022908398,-0.912989907,-1.323754944,-1.438637239,1.408608059,0.009792658,-1.726119046,-0.210824248,0.644446087,0.668845015,-0.869408549,0.083408941,6,0
67922024,-0.12322807,-0.548107882,-0.911581249,-0.870712003,-1.072765749,-1.643267704,-1.658062482,-0.015611014,-0.147265943,-0.611876513,-0.667533197,-0.630277343,-0.197479174,-0.271725753,-0.142043797,0.633838148,-0.317656562,-0.061903652,-0.78286663,-0.051183782,-0.072156543,-0.038837564,0.137665843,-0.070447751,-0.996056015,-0.168521014,1.020569906,-0.006336945,-0.008818553,-0.006038712,-0.206070411,-0.274604658,-0.00933646,0.062524679,0.937806448,0.977639856,-0.022558429,-1.277700858,-1.009700706,-1.150267263,1.145833225,0.432887734,-1.405671192,-0.210824248,-0.233043754,0.120917321,-0.906865549,0.086875474,6,0
67962023,-0.268048052,-1.021201855,-1.323248498,-1.451090377,-0.95010605,-2.223265049,-2.245959544,-0.168775735,-0.203173782,-1.25878904,-1.178201414,-1.008268191,-0.205371591,-0.621927307,-0.181648774,0.577649214,0.047390224,-0.048934581,-0.569601475,-0.053770377,-0.0743575,-0.049086165,0.031375216,0.114607704,-0.297546499,-0.10047834,2.051797776,-0.005942564,0.004865005,-0.008136772,0.414215221,0.240606537,-0.060432191,0.470864576,1.381413105,1.336296213,-0.02119124,0.199266888,-0.114286371,-0.148783584,0.183151587,0.134777341,0.228549326,-0.210824248,0.26224687,0.234831643,-0.824918944,0.079469687,7,0
67962024,-0.447727597,-1.16004755,-1.31181694,-1.2769423,-0.873263733,-2.213845517,-2.236401476,-0.167942855,-0.211882073,-1.320219232,-1.176230495,-0.942453332,-0.218988011,-0.535007449,-0.199877553,0.619736775,0.062158927,-0.069364407,-0.269281627,-0.071610631,-0.091092943,-0.09143937,0.098054567,-0.039978708,-0.270748038,-0.07185165,1.818368217,-0.006336945,-0.008818553,-0.01024891,-0.327012104,-0.331160019,-0.084933107,-0.718570424,0.896315749,0.798639367,0.021988578,0.962087455,0.074983156,0.079634011,-0.045940589,-0.185648895,0.340062039,-0.210824248,-0.418464701,-0.33213347,-1.44730591,0.466401516,7,0
67992023,-0.838018284,-0.644832629,-1.154195862,-1.310190684,-1.61978927,-1.84915662,-1.866605774,-0.064260583,-0.136403595,-0.740268062,-0.783988761,-0.781918453,-0.175398999,-0.655759135,-0.137758595,0.548275732,0.028561309,-0.014628431,-1.63953147,-0.016047171,-0.037469874,-0.033469757,-0.088478889,-0.055575283,-1.938877275,-0.175199038,2.469247671,-0.007520183,-0.016747004,0.139791872,1.368419974,0.66848604,0.116588164,0.618523327,1.578101868,1.588122796,-0.023362286,-1.352979564,-1.628775021,-1.67873194,1.621261154,0.857777827,-1.726119046,-0.210824248,1.079223402,1.046074515,-0.101726599,0.027032439,6,0
67992024,-0.521296777,-0.54916162,-1.060338894,-1.345883618,-1.656806934,-1.834998424,-1.852259642,-0.05389709,-0.136975737,-0.632271468,-0.858680673,-0.822361258,-0.183454719,-0.370148006,-0.120515089,0.688795613,0.028561309,-0.039261467,-0.772986273,-0.032801425,-0.053774282,-0.047978776,0.086232381,-0.029043448,-1.938877275,-0.18876449,1.715293247,-0.006336945,-0.008818553,-0.003250291,0.484208439,0.113938473,0.120186138,0.023249383,1.738078099,1.739222429,-0.022700008,-0.665251603,-1.784623745,-1.785551815,1.713806304,0.922754188,-1.726119046,-0.210824248,0.404070423,0.632954244,-0.472161965,0.052104505,6,0
68052023,1.601494444,0.826962569,0.373150214,0.583024968,0.410381982,-1.069652098,-1.077986018,0.548585765,-0.01013572,0.341669716,0.35425294,0.117927692,-0.023847809,-0.008331171,0.204045255,0.910503789,0.240310047,0.105205774,0.247021627,0.112810597,0.096600012,0.097940319,0.059441284,0.396343868,-0.234678263,-0.627822353,2.019980306,-0.006336945,-0.005292552,-0.007547759,0.57764943,0.693715071,0.108370732,1.324756815,0.221527543,0.52293405,-0.021454266,-0.141693542,0.216860689,0.250580384,-0.219564995,1.111569936,-0.726422311,-0.210824248,2.562915997,2.444581046,-0.179719296,0.032126512,5,0
68302023,-0.061523065,-0.617478485,-0.246601266,-0.523417055,-0.197298201,-1.682525044,-1.697812794,0.226217839,-0.116949152,-0.177198929,-0.393856031,-0.520173374,-0.134494149,-0.192022731,-0.18362473,0.420765019,0.058446084,0.001302631,-0.014534739,-0.002325771,-0.020509876,0.020555926,-0.099824544,-0.055624882,0.028588155,-0.057591344,1.299298693,-0.005942564,-0.003993436,-0.008392872,0.343335475,0.208550995,-0.04969967,0.460636614,0.113200946,0.504441906,-0.020763309,0.272987968,-0.165972317,-0.210998022,0.244968102,-0.791915377,0.061781733,-0.210824248,1.341501683,1.221169072,-0.744587919,0.072730339,5,0
68302024,0.421520976,-0.33003666,0.036819504,-0.610994076,0.126015921,-1.512244721,-1.525417393,0.425682456,-0.137638582,0.006131939,-0.364517508,-0.440337048,-0.165740032,-0.106573273,-0.117825148,0.40658006,0.100314312,-0.040298111,0.373784461,-0.049584358,-0.062908313,0.025752331,-0.216273459,0.576270169,0.343050457,-0.030322739,1.26088883,-0.006336945,-0.008818553,-0.010078188,-0.187281448,-0.203459475,-0.060499231,0.33705667,0.747065047,0.952069592,0.000508469,1.005933833,0.145436805,0.164472773,-0.131876959,-0.814649565,0.494506161,-0.210824248,0.248583563,0.115804699,-0.723968106,0.071063064,5,0
68342023,-0.630389357,-0.959466998,-0.909208232,-0.617341358,-0.845144305,-0.700585096,-0.705546834,-0.109184034,-0.214885552,-0.719862114,-0.834723563,-0.61495464,-0.258929036,-0.750094707,-0.220116952,0.092827833,0.030395394,-0.127173655,-0.410281476,-0.140983339,-0.163445636,-0.068858951,0.062189268,-0.010820265,-0.26581844,-0.070532792,0.655038052,-0.009098063,-0.02980683,-0.01495098,-0.869061911,-0.693411103,-0.107305427,-0.382378124,-0.243013703,-0.048627886,-0.025182593,0.224436298,-0.555862152,-0.668055213,0.691217348,-0.726926691,-0.105809837,-0.210824248,-0.936048905,-1.010602817,-0.233827799,-0.108730074,7,0
68342024,-0.566595016,-0.879402732,-0.871882457,-0.578660433,-0.811070318,-0.700585096,-0.705546834,-0.109184034,-0.206195531,-0.6880666,-0.648246519,-0.568388319,-0.220769646,-0.718693392,-0.214757312,0.061918382,0.017329094,-0.061436789,-0.371467571,-0.059346035,-0.079330789,-0.039983939,0.058141634,-0.029159979,-0.274004515,-0.072289946,0.970810275,-0.006336945,-0.008818553,-0.009360046,-0.125684488,-0.193725893,-0.069324013,0.583153801,-0.199438392,0.08790657,-0.018217219,0.034275351,-0.539686019,-0.650229706,0.674081346,-0.601193984,-0.144967118,-0.210824248,-0.296330006,-0.225250729,-0.680068987,0.067584221,7,0
68352023,0.429800549,-0.144949348,-0.59625117,-0.207391882,-0.397162556,-1.123248655,-1.132125217,-0.128468106,-0.132646874,-0.590566244,-0.291135743,-0.395378246,-0.152892938,-0.23124254,-0.122321587,0.427391524,0.012430792,-0.015695842,-0.164546574,-0.006414218,-0.025577841,-0.023645776,0.18934357,-0.047301045,-0.232610517,-0.145148265,0.554351221,-0.005548199,-0.01601498,-0.007781471,0.555836287,0.499624487,0.082768463,0.492205195,0.199017848,0.498246495,-0.021401063,-0.107685413,-0.005209213,-0.017537896,0.051926294,0.950266152,-0.13147771,-0.210824248,0.551965429,0.707001241,-0.054950093,0.02401347,6,0
68352024,0.8573247,0.149419705,-0.308107753,-0.101666897,-0.064150686,-1.123248655,-1.132125217,-0.095730616,-0.113304846,-0.451506896,-0.222504444,-0.344444266,-0.145024479,-0.159336911,-0.035932322,0.448976825,0.027138473,-0.012886965,-0.074973124,0.00303454,-0.015609569,-0.019500982,0.082459244,0.196139145,0.08167311,-0.175291503,0.044944734,-0.006336945,-0.008818553,-0.007965414,0.745447849,0.785245136,0.068207019,0.363157107,0.467213057,0.715698594,-0.021201063,0.004202184,0.376419321,0.440469778,-0.414598957,1.24033474,0.387401227,-0.210824248,0.601721395,0.856484622,0.166787516,0.010006432,6,0
68382023,-0.428432097,-0.721006975,-1.075116344,-1.164153989,-0.904369371,-0.159717877,-0.160974223,0.349862981,-1.058371213,-0.918569513,-2.719623233,-1.491331853,-0.258380977,-0.302794802,-0.154667653,0.900895086,0.028561309,-0.172558549,-0.529236728,-0.224407838,-0.253235154,-0.142670933,-0.033847313,0.368084277,-1.938877275,-0.191487558,2.269794735,-0.007914629,-0.008818553,-0.026771081,-2.723844738,-2.027265299,-7.578449826,-1.030576641,1.245660891,1.394097686,-0.023811704,1.980197184,-0.424329286,-0.517362874,0.545654248,2.301664591,-1.726119046,-0.210824248,-1.021404014,-1.293229482,-0.233827799,-0.108730074,8,0
68382024,-0.350636199,-0.462630109,-0.882624679,-1.330473152,-0.931016717,-0.018840963,-0.019394506,0.496922819,-1.147921224,-0.636369251,-1.93247301,-1.352567011,-0.240660651,-0.348155797,-0.104697737,0.821109375,0.191016013,-0.132127603,-1.169278027,-0.162569341,-0.189332168,-0.118685527,0.003770485,0.218903383,-1.938877275,-0.234783594,1.894562541,-0.006336945,-0.008818553,-0.104468248,-1.670810657,-1.20366246,-3.462599946,-0.63494302,1.807321119,1.91628264,-0.023472837,-1.241198968,-0.776316067,-0.910832679,0.92231652,2.386848316,-1.726119046,-0.210824248,-0.72987083,-0.868024254,-0.233827799,-0.108730074,7,0
68612023,-0.003405979,-0.35554943,-0.815528454,-0.371792094,-0.555458882,-1.946081158,-1.964369127,-0.112363894,-0.155527299,-0.808338917,-0.409142675,-0.47239597,-0.169666138,0.055908814,-0.151478375,0.825536062,0.028561309,-0.061426754,-0.331246011,-0.047363121,-0.067212065,-0.057930268,0.080458935,0.004624013,-0.523559214,-0.120511454,1.114127155,0.00469995,0.118780793,-0.008767393,0.186676423,0.227232761,-0.087777263,0.080270358,0.207881671,0.277007797,-0.020692662,-0.347395401,-0.006458085,-0.019108437,0.053503122,0.642919354,-0.559501066,-0.210824248,-0.190272892,0.317612943,0.559400477,-0.01394487,6,0
68612024,0.104831382,-0.305768967,-0.773738062,-0.433679041,-0.5518805,-1.890575033,-1.908487655,-0.109457795,-0.139977832,-0.740192118,-0.356882673,-0.441793762,-0.160652275,0.136751401,-0.131601255,0.908973138,0.028561309,-0.060956187,-0.665971791,-0.031456837,-0.052264612,-0.039454767,0.0849152,-0.048038888,-0.665266447,-0.139506724,0.389100724,-0.006336945,-0.008818553,-0.004815797,0.236558386,0.177967465,-0.088522969,0.680878124,0.422863713,0.491804511,-0.022631739,-1.135980066,-0.07911819,-0.106702931,0.141198097,0.778512173,-0.858692293,-0.210824248,-0.182852514,0.697690835,0.17953024,0.009214458,6,0
68852023,0.256646193,-0.470123952,-1.046556179,-2.285179205,-2.778166163,-0.343071613,-0.345409865,0.333009309,-0.705002527,-0.531492723,-5.050357215,-1.636758452,-0.263964829,0.37977231,-0.090606992,1.270087565,0.028561309,-0.330281322,-1.504517358,-0.428716016,-0.473915245,-0.289982783,-0.047850498,0.551436472,-1.938877275,-0.239827222,1.455576115,-0.006336945,-0.008818553,-2.065583328,-4.7878791,-2.396079843,-2.848617035,-2.20821675,2.921221577,3.320688329,-0.023383478,-1.391803372,-3.088600628,-2.343432824,2.168191782,2.499453073,-1.726119046,-0.210824248,-2.262932308,-2.915939311,-0.233827799,-0.108730074,7,0
68852024,-0.223615326,-0.391286636,-0.758784454,-0.969943994,-1.249636757,-0.183952757,-0.185220865,0.305415857,-0.590504309,-0.377573357,-4.611754185,-1.580882153,-0.263981167,-0.211700547,-0.105149252,0.844927251,0.028561309,-0.195997102,-1.619711406,-0.232389227,-0.264085835,-0.172720878,-0.031845994,0.169554697,-1.938877275,-0.255342981,1.220983588,-0.006336945,-0.008818553,-1.519404931,-1.777951227,-1.086238691,-7.856633231,-1.041117069,1.320069504,1.476184537,-0.023386987,-1.391803372,-1.504571264,-1.585434864,1.539352015,2.465028447,-1.726119046,-0.210824248,-1.181519384,-1.360815532,-0.233827799,-0.108730074,7,0
69062023,-0.236831423,-1.35391578,-2.031089397,-1.555133794,-1.82579226,-2.461451614,-2.487756411,-0.294967646,-0.203433979,-1.657935154,-1.396442711,-1.231433422,-0.205870641,-0.783481022,-0.207020547,0.462166525,-0.148523954,-0.042252315,-1.222640569,-0.044595724,-0.065907461,-0.057496041,0.165459918,-0.055206183,-1.938877275,-0.120375221,2.704415838,-0.007520183,-0.000916652,0.008941155,1.582813533,0.985213413,0.10868492,-0.089020309,1.174877702,1.209969854,-0.023223162,-1.352979564,-0.970343634,-1.111281582,1.109753262,2.016468766,-1.726119046,-0.210824248,0.596172823,0.626851898,-0.976362453,0.093815121,6,0
69062024,0.180047265,-0.841658547,-1.483751568,-1.397212551,-1.691640213,-2.281286865,-2.304841887,-0.106853879,-0.200582842,-1.084814052,-1.361940229,-1.241755441,-0.20084638,-0.643939303,-0.162894913,0.572732639,-0.093908381,-0.042897648,-1.354791972,-0.041764747,-0.063116492,-0.058939757,0.086838519,0.090953528,-1.938877275,-0.160318481,2.349303368,-0.006336945,-0.008818553,0.021780503,1.275153666,0.669886276,0.096035154,-0.185991278,1.496489906,1.493474213,-0.023290057,-1.352979564,-1.375506298,-1.482163192,1.447601123,2.343481812,-1.726119046,-0.210824248,0.489547602,0.626851898,-0.948923027,0.090979478,6,0
69142023,0.219757051,-0.73700206,0.205316351,0.199799344,0.49877164,-1.268827848,-1.279243423,-0.01950353,-0.07967565,-0.285166392,0.159272073,-0.049609088,-0.074925294,-0.394723512,-0.364835499,0.041696614,0.028561309,0.080192163,0.698596323,0.068291306,0.06113963,0.269018845,-0.000229485,-0.46557386,-0.563646113,-0.14554586,0.836736926,-0.003182339,0.020898895,-0.009434337,0.612357602,1.373707363,0.546363694,3.444505987,-2.116365314,-0.796780122,-0.017419495,-1.036769453,1.149030383,1.27318454,-1.297613619,-0.238155343,-0.908659641,-0.210824248,2.477664886,2.072205689,-0.018530317,0.021680049,5,0
69142024,0.684316554,-0.276909866,0.393100043,0.250669707,0.583325231,-1.122012199,-1.130876095,0.306769092,-0.057730036,0.089249272,0.228084826,0.033275627,-0.086750679,-0.258678682,-0.279532286,0.128547304,0.028561309,0.058274837,0.862676659,0.047043743,0.045397449,0.268704454,-0.001620925,-0.338846788,-0.938161805,-0.235259219,-0.130139395,-0.006336945,-0.008818553,-0.009781451,0.270364784,0.640515786,0.531573876,2.345722403,-1.21062101,-0.277566093,-0.013584407,-1.069203664,0.830119672,0.951717912,-0.951204648,0.028039993,-1.505051206,-0.210824248,1.847610303,1.539629231,-0.880351265,0.084405947,5,0
69162023,0.178447667,-0.576663525,-0.803139406,-0.353040934,-0.461382117,-1.093061045,-1.101630365,-0.233407755,-0.176154503,-0.898254144,-0.281884465,-0.382149129,-0.156244663,0.016298952,-0.198188403,0.55140455,-0.220852106,-0.041913985,-0.102650157,-0.043342182,-0.062000267,-0.029854865,0.085820487,-0.018216503,-0.253640641,-0.122167238,0.268268366,-0.003182339,-0.009834127,-0.009293001,-0.042844947,0.011122353,0.529529975,0.757487212,-0.21650661,0.106647966,-0.016169461,-0.074614845,0.248869442,0.288873412,-0.258711624,0.245898909,0.049775031,-0.210824248,0.076844913,0.099273309,-0.90261217,0.086473826,6,0
69162024,0.028151822,-0.630199431,-0.730399113,-0.30581177,-0.351426,-1.093061045,-1.101630365,-0.233407235,-0.181935791,-0.912392844,-0.342417491,-0.411859158,-0.171796871,0.108174891,-0.214197411,0.634809566,0.058153282,-0.071710434,-0.036612588,-0.064803123,-0.082876031,-0.054324333,0.044923541,-0.03591019,-0.201746906,-0.101774236,-0.183353814,-0.006336945,-0.008818553,-0.010097654,-0.137589706,-0.117787583,0.134678271,0.008119102,-0.430435244,-0.056036572,-0.003196673,0.004202184,0.445716716,0.521595938,-0.498621017,0.112040097,0.17178494,-0.210824248,-0.432010819,-0.259085016,-0.166171075,0.031235832,6,0
69192023,1.20703413,0.187221092,-0.340021532,-1.943076242,-2.257553239,-1.045538223,-1.053632272,0.769006041,-0.313591043,0.15971821,-2.610211371,-1.419949667,-0.25835673,0.171794056,0.108385732,1.197472593,0.028561309,-0.260538639,-1.205820865,-0.322865763,-0.360518184,-0.225734166,0.150498795,1.187335308,-1.938877275,-0.446310655,2.625855878,-0.007520183,-0.008818553,-0.360089041,-2.181680134,-1.229078488,-1.118822792,-0.899101734,3.040143746,3.515911309,-0.02341138,-1.391803372,-3.126255282,-2.352228074,2.174794016,1.879585292,-1.726119046,-0.210824248,-2.71196414,-3.404774683,-0.233827799,-0.108730074,8,0
69192024,1.714385767,0.92992729,0.444871882,-2.1474466,-2.366256269,-0.899386089,-0.906083925,2.110507178,-0.245414867,0.990426017,-2.544321234,-1.405734914,-0.257703637,0.441264846,0.700264062,1.327082573,0.028561309,-0.339204637,-1.313163156,-0.375940217,-0.41735878,-0.262180261,-0.365019001,2.599530099,-1.938877275,-1.071158022,2.737754098,-0.006336945,-0.008818553,-0.704792239,-1.237439527,-0.786357527,-1.519723996,-0.549537618,3.586401534,4.627553163,-0.023397477,-1.391803372,-3.681092719,-2.456044227,2.250426359,2.244935943,-1.726119046,-0.210824248,-3.356323216,-3.702921395,-0.233827799,-0.108730074,8,0
69232023,-0.825203227,-1.342312597,-0.32508559,-0.532258228,-0.056976643,-0.796565576,-0.802341599,-0.059805025,-0.164025258,-0.500284913,-0.645936638,-0.637307163,-0.186476171,-1.542882784,-0.263517197,-0.533548131,0.027504736,0.001029578,0.308618089,-0.006620723,-0.021289598,-0.00898555,0.027372127,-0.045131883,0.261968766,-0.007187705,1.912285296,-0.003182339,-0.01476579,-0.009414512,0.419293268,0.554930785,-0.087971873,0.414739363,-1.178283194,-0.429499092,-0.017578127,1.291320109,0.446842176,0.523134054,-0.500218091,-1.268585944,0.802154113,-0.210824248,0.6098106,0.494546877,-1.019463837,0.098633352,6,0
69232024,-0.09907315,-0.863872853,-0.212627515,-0.708049172,-0.197414992,-0.648290621,-0.652827829,0.188211859,-0.13955365,-0.119592255,-0.453305897,-0.542601697,-0.15201334,-1.354108629,-0.200939254,-0.439393736,0.030119887,0.034569902,0.31712419,0.032624656,0.017843555,-0.031211203,0.074529879,0.042309176,0.161156874,-0.037595665,1.463537007,-0.006336945,-0.008818553,-0.008909946,0.764916419,0.733766744,-0.069157972,-0.113547587,0.13102033,0.281513778,-0.019788655,1.08517689,-0.233453208,-0.291932276,0.32500721,-1.024305668,0.263061176,-0.210824248,0.942867306,0.864820078,-0.697883121,0.068984939,6,0
69282023,0.061987156,-0.360970273,-0.853258157,-0.51804159,-0.693030491,-0.936142943,-0.943182523,-0.169147741,-0.177663783,-0.743749109,0.063810877,-0.105464213,-0.116905051,0.073131448,-0.134551824,0.761582791,-1.297642315,-0.004713335,-0.458899592,-0.006295638,-0.026682227,0.021916842,0.085060622,-0.068669281,-1.938877275,-0.146414758,1.8990402,-0.006731341,-0.00699983,-0.00530643,1.089668504,0.950860518,0.016493547,3.457903264,0.512753567,0.336389548,-0.022584392,-1.170359437,-0.296229575,-0.366795348,0.398658572,1.505390349,-1.726119046,-0.210824248,0.617434909,0.585349937,0.72797482,-0.024035239,6,0
69282024,-0.089982896,-0.142696853,-0.641183905,-0.676746383,-0.872306261,-0.740097369,-0.745388856,0.133819344,-0.200400334,-0.34840169,-0.346472551,-0.408062161,-0.176578531,0.267654953,-0.062178213,0.849178439,-0.44115986,-0.119530633,-0.716835065,-0.11745162,-0.140258242,-0.072643938,-0.074690623,0.268217166,-1.938877275,-0.219798174,1.667144171,-0.006336945,-0.008818553,-0.017984528,-0.674575228,-0.572754769,-0.00271971,-0.415358998,1.13367358,1.003908266,-0.024509969,-1.391803372,-1.004915228,-1.14580598,1.141710842,1.713662504,-1.726119046,-0.210824248,-0.878612528,-0.811263993,-0.233827799,-0.50156514,6,0
69312023,-0.812504616,-1.673228994,-1.099259578,-1.360430359,-0.526473846,-1.407998106,-1.419971892,-0.359653984,-0.213674343,-1.436017619,-0.885586955,-0.683132204,-0.241416227,-1.782111381,-0.230582267,-1.598313375,0.037413505,-0.056789702,0.025936841,-0.056760064,-0.074369337,-0.071302535,0.084731009,-0.04107016,-0.466460156,-0.076172256,1.962587803,0.011789192,0.002230513,-0.009916824,0.027628087,0.18526849,-0.014080111,-0.107440383,0.371545662,0.371753805,-0.010054629,0.186449289,0.77090002,0.888467017,-0.883886696,-0.696030989,-0.03132664,-0.210824248,-0.142222586,-0.058730974,1.710057099,-0.083634904,6,0
69312024,-0.65675905,-1.647257711,-0.955004596,-1.159070375,-0.377822951,-1.273527647,-1.283994471,-0.35966674,-0.217243419,-1.41424994,-0.808954619,-0.638592179,-0.239743123,-1.533794367,-0.236534937,-1.598313375,0.030026945,-0.058742103,0.144270284,-0.062975098,-0.079346885,-0.043085305,0.068801438,-0.03095747,-0.40996844,-0.077176129,2.068696903,-0.006336945,-0.008818553,-0.010162301,-0.135210839,-0.018429142,0.043924179,0.678274022,-0.0537347,0.216788348,-7.26E-05,0.034275351,0.995782544,1.123646938,-1.135568299,-0.758582917,0.084959569,-0.210824248,-0.200432077,-0.203974519,-0.689496771,0.068323727,6,0
69362023,-1.448919044,-1.309876187,-1.294803284,-1.047604338,-1.32563582,-1.120563297,-1.12941236,-0.327710463,-0.168881499,-0.984893869,-0.679214612,-0.641851438,-0.196343264,-0.509020518,-0.221268417,0.005098542,0.021828138,-0.04495566,-0.795965141,-0.04946889,-0.070459166,-0.03937364,0.092226285,-0.08002117,-0.752447688,-0.075599705,1.431266039,-0.006731341,-0.011262478,-0.005586177,0.368603292,0.13498977,0.009906003,0.569379236,0.205000656,-0.058887379,-0.022528019,-0.883454209,-0.972658525,-1.113506288,1.11181553,-0.78241744,-0.897956252,-0.210824248,0.030634309,0.006107939,-0.612761978,0.062412138,5,0
69362024,-1.507925936,-1.205995542,-1.253561823,-1.09326088,-1.347262624,-1.119414669,-1.128251981,-0.327452996,-0.159068619,-0.92680873,-0.635191475,-0.640757634,-0.180964858,-0.4245604,-0.211086738,0.043960332,0.028561309,-0.033054425,-0.979218253,-0.037443804,-0.058625593,-0.04740786,0.087191307,-0.064076004,-1.938877275,-0.082367415,1.190024335,-0.006336945,-0.008818553,0.000895147,0.794809141,0.392649772,0.023372396,0.295965933,0.459567065,0.087275406,-0.02307688,-1.170359437,-1.064870438,-1.203922002,1.195281032,-0.630589629,-1.726119046,-0.210824248,0.242454501,0.204881765,-0.944367815,0.090522082,5,0
69372023,0.300758058,-0.014865408,-0.270440526,-0.636519773,-0.533633905,-1.093570558,-1.10214503,0.304864822,-0.106698174,-0.00041869,-0.355900328,-0.543040296,-0.102160066,0.192584536,-0.024385712,0.772926213,-0.030876452,-0.002943412,-0.282526683,0.002968777,-0.01681454,-0.067573974,-0.039476598,0.413348676,-0.186901992,-0.139803032,2.286660218,-0.006336945,-0.004792247,-0.006583691,0.640694928,0.372897815,-0.044386728,-0.228794119,1.234538729,0.898896334,-0.022289329,-0.327273294,-0.889214769,-1.029218714,1.033401553,-0.004349988,-0.445492333,-0.210824248,0.755402373,0.83273111,0.345814497,-0.001018324,6,0
69372024,-0.324338941,-0.01841937,-0.254006271,-0.664877356,-0.689180994,-1.093570558,-1.10214503,0.304867616,-0.068613026,0.078553409,-0.182605915,-0.438123121,-0.055762832,0.420241684,-0.02307623,0.906132885,0.045486571,0.013898082,-0.46464587,0.029812244,0.009286798,-0.040832564,0.028979995,-0.14431847,-0.473518541,-0.139833288,2.550679082,-0.006336945,-0.008818553,-0.002851772,0.85213,0.427490465,-0.084753955,-0.020384055,1.278371533,0.993215867,-0.022896121,-0.797992738,-1.20442086,-1.33398325,1.314109805,-0.072282563,-0.944730746,-0.210824248,1.046269557,1.244926367,0.673496604,-0.020781885,6,0
69522023,-0.721495457,-1.334598293,-0.817943503,-0.901205952,-0.601296189,-1.255390846,-1.265660435,-0.21108904,-0.157100112,-0.76666751,-0.710740477,-0.642483502,-0.20687395,-0.895332122,-0.231186162,-0.183955489,0.030486236,-0.039113687,-0.076206587,-0.051904109,-0.070348226,-0.048437721,0.044420212,0.042972432,-0.081071265,-0.051140691,1.667144171,-0.003182339,-0.013730056,-0.009632099,0.000813598,-0.034410856,-0.044386728,0.172386909,-0.178926071,0.143273251,-0.014783994,0.729721285,-0.12687275,-0.164057349,0.198350903,-1.025020059,0.313826535,-0.210824248,0.180779798,-0.00149858,-1.030730689,0.099995622,6,0
69522024,-0.738840634,-1.569411887,-0.770704655,-1.206012935,-0.926277745,-1.074254174,-1.082634176,-0.056342101,-0.153285425,-0.492485783,-0.673288036,-0.629236049,-0.200002175,-0.678191972,-0.230608859,-0.261160781,0.030636651,-0.040372987,-0.236881854,-0.047931204,-0.067352486,-0.040708874,0.050377978,-0.025074229,-0.332365156,-0.06905068,1.068304784,-0.006336945,-0.008818553,-0.009112465,0.086461538,-0.031219079,-0.04394428,0.240128095,0.175224294,0.487948791,-0.019089136,0.296411419,-0.926639477,-1.067417621,1.069009586,-1.027985155,-0.389341321,-0.210824248,0.097848691,0.018915744,-0.499998026,0.054099906,6,0
69942023,-0.906568431,-1.329324357,-0.497861185,-0.559631272,-0.005165234,-1.27489559,-1.285377349,-0.200107444,-0.211125136,-1.101821923,-0.87762967,-0.676573712,-0.24211793,-1.717666955,-0.259013802,-0.341248508,0.041703689,-0.058419455,-1.019594416,-0.058525596,-0.079738836,-0.076385554,-0.036474655,0.267606012,0.297395787,0.004618773,1.371933103,-0.006731341,-0.018429978,-0.004394299,-0.157764994,-0.023549469,-0.044386728,-0.214007451,-1.073982594,-0.565288416,-0.022712728,1.722514614,1.264236296,1.379680594,-1.41401858,-1.306952135,1.498706042,-0.210824248,-0.193739503,-0.119739806,0.030871078,0.018537097,7,0
77052023,-1.204921925,-1.315077751,-0.452433125,-0.068224416,-0.022404974,-1.263951686,-1.274314192,-0.257732219,-0.160903748,-0.900775247,0.370106695,0.009563528,0.125326252,1.178613154,-0.349129663,-0.203732082,0.028561309,-0.009137676,0.10071443,-0.032755286,-0.049793369,0.063857049,-0.00990572,-0.143668107,-0.185424299,-0.057632427,1.380641384,-0.004365199,0.059199329,-0.009455169,0.641984176,1.295478318,-0.044386728,2.208804938,-2.607920785,-1.410758575,-0.01843878,-0.943073834,0.989042288,1.116605661,-1.12797746,-1.62905084,0.197929359,-0.210824248,0.764358666,0.345528957,-1.110937395,0.115087735,5,0
77052024,-1.190769686,-1.188016419,-0.388426632,-0.149854952,-0.103950013,-1.125670142,-1.134571528,-0.0741846,-0.152927121,-0.565199014,0.435130239,0.069342519,0.153862001,1.248143967,-0.3169641,-0.027024145,0.026889522,-0.011453055,0.161968249,-0.008030245,-0.024551448,0.063023029,0.023817181,-0.180593722,-0.721148039,-0.086153511,0.748962407,-0.006336945,-0.008818553,-0.009106123,0.459988004,0.742214901,0.076754474,1.558324836,-2.030531421,-1.284197499,-0.019153956,-0.943073834,0.445716716,0.521595938,-0.498621017,-1.344247947,-1.033519325,-0.210824248,0.628520254,0.682951834,-1.096912019,0.110427215,5,0
77322023,-0.492801368,-0.952345561,-0.962314519,-0.956665897,-1.196636286,-1.27489559,-1.285377349,-0.048125767,-0.164080372,-0.629920224,-0.777519911,-0.69412148,-0.20604946,-0.912764267,-0.193983744,0.010448673,0.032539811,-0.037607653,-0.436329572,-0.038493271,-0.058735477,-0.045055588,0.112997462,-0.028603553,-0.509076583,-0.089437064,-0.05304363,-0.005942564,0.007095159,-0.007689511,0.442168799,0.179294336,-0.044386728,0.561638128,0.538430578,0.443533336,-0.021545692,-0.074614845,-1.16650702,-1.299501029,1.28275181,-0.659379022,-0.634516504,-0.210824248,0.217203454,0.247822247,0.044861371,0.017651412,6,0
77322024,-0.449533643,-0.900854823,-0.920766801,-1.005275884,-1.236376274,-1.27489559,-1.285377349,-0.06093887,-0.149375805,-0.568511847,-0.746704779,-0.690900494,-0.197788956,-0.788276076,-0.185491474,0.021384715,0.066837553,-0.033255276,-0.638157219,-0.031581063,-0.052337189,-0.038929959,0.075451952,-0.061354881,-0.571182671,-0.0985165,1.044683232,-0.006336945,-0.008818553,-0.005207081,0.891311166,0.418597038,0.082933184,0.28259402,0.711524378,0.575416809,-0.022631739,-0.543360684,-1.287196595,-1.406680258,1.379861883,-0.6057648,-0.779273853,-0.210824248,0.302458325,0.371555389,-0.719370656,0.070694354,6,0
77362023,-1.327072485,-0.087459696,-0.367960298,-0.179261486,-0.405024215,-1.065348843,-1.073639762,-0.289042917,0.017462018,-0.21014594,-0.70194966,-0.689794902,-0.183607581,-0.89740482,-0.109651026,0.297718503,0.028561309,-0.013822166,-0.151300027,0.004909441,-0.014220804,-0.023589968,0.009767298,-0.009016808,-0.038649533,-0.196565411,-0.104084326,-0.005548199,-0.01269887,-0.007472169,0.634250229,0.419964707,-0.044386728,0.619387275,0.23506729,0.485111113,-0.021778613,0.503594889,-0.456145879,-0.554383322,0.581560576,-0.063814981,-0.037961701,-0.210824248,0.550111835,0.840867898,0.187932281,0.008692929,6,0
77362024,-0.029733865,-0.244267267,-0.433495082,-0.695044175,-0.86988675,-1.065348843,-1.073639762,-0.289042917,0.065058207,-0.090133971,-0.603665609,-0.65231072,-0.163930378,-0.69876039,-0.088982648,0.419613017,0.028561309,-0.000272635,-0.323037676,0.053846596,0.033692884,-0.034002104,0.464027662,-0.221777113,-0.509295631,-0.194286235,1.77677501,-0.006336945,-0.008818553,-0.003827479,1.351073794,0.831959773,0.120334604,0.107009844,1.028272464,0.978702679,-0.022792661,-0.026685041,-1.280562203,-1.400983614,1.37472734,-0.135852044,-0.917488833,-0.210824248,0.780426333,1.57443092,0.016279752,0.019462854,6,0
80332023,-0.823439594,-0.786890889,-0.853607159,-0.674437591,-0.659837991,-0.085943205,-0.086817271,-0.145595305,-0.472184488,-0.771853778,-0.807320024,-0.759274225,-0.190056571,0.012040265,-0.193953587,0.471278884,0.052064161,-0.088196579,-0.08245253,-0.085643796,-0.101033981,-0.107250364,0.036572169,0.128934758,-0.174354303,-0.063804986,2.280419221,-0.015412285,-0.008818553,-0.010662416,-0.49638894,-0.468848986,-0.154230208,-0.533920432,0.178655294,-0.154543411,-0.04286117,0.920416678,-0.212782122,-0.26756683,0.300956383,0.493149612,0.121022548,-0.210824248,-0.501421414,-0.488211963,-0.233827799,-0.108730074,8,0
80332024,-0.598532914,-0.561497347,-0.677501938,-0.474103271,-0.441191635,-0.085943205,-0.086817271,-0.145595305,-0.441413688,-0.687916488,-0.6597295,-0.700002745,-0.164879218,0.098894395,-0.179726276,0.577232954,0.147779472,-0.061061798,0.081229919,-0.051146051,-0.06827742,-0.062571245,0.068162748,0.01899157,-0.067020066,-0.060588953,2.3067702,-0.006336945,-0.008818553,-0.009838982,0.069256818,0.018215974,-0.144191973,0.070582657,0.094148224,-0.248797497,-0.01154165,0.770786413,0.037127867,0.033709269,0.000387581,0.295463368,0.279104096,-0.210824248,-0.327353396,-0.230854243,2.062557674,-0.108730074,8,0
80452023,-0.104919287,-0.326177244,-0.69183591,-0.445837854,-0.468712061,-0.815692301,-0.821635958,-0.266867968,-0.142402299,-0.683676763,-0.253881897,-0.482185186,-0.076169245,0.02747147,-0.134967498,0.498499004,0.030181525,0.044722216,-0.291355164,0.04197822,0.022004542,-0.024567517,0.101281463,-0.068434594,-0.283475747,-0.100008427,2.128311186,-0.006731341,-0.003495208,-0.004783886,1.937206978,1.752184554,0.429219443,0.967554114,0.416062288,0.45619668,-0.022597337,-0.409652283,-0.011885722,-0.025391651,0.059809912,0.159020596,-0.166851125,-0.210824248,1.250068333,1.134390751,-0.94627024,0.090712686,7,0
80452024,0.187275934,-0.247208242,-0.617372704,-0.899731006,-0.810136174,-0.627486798,-0.629811357,0.028443728,-0.166085511,-0.342819396,-0.445976177,-0.531787295,-0.15426399,-0.07889526,-0.074934133,0.502898937,0.026253587,-0.030184963,-0.359953786,-0.022764652,-0.042780191,-0.105696277,0.101700801,0.102039511,-0.366657475,-0.128102938,1.85756861,-0.006336945,-0.008818553,-0.007245771,0.641984176,0.413128371,0.039610152,-1.25860542,1.381338578,1.25097896,-0.022011749,-0.347395401,-0.919996455,-1.060766888,1.06281835,0.421815091,-0.544572513,-0.210824248,0.101901696,0.206943695,-0.996316578,0.095980053,7,0
80722023,-0.45486017,-0.583286767,-0.729356861,-1.529294841,-1.739560999,-0.842617754,-0.848800382,-0.339303603,-0.01945093,-0.27130616,-0.704886236,-0.60196768,-0.223985346,-0.709850631,-0.12156031,0.038100454,0.124388268,-0.065482892,-2.371192461,-0.054555207,-0.075971795,-0.041960526,0.009857198,-0.049200904,-1.938877275,-0.187074258,-0.130139395,-0.007520183,0.128882626,-0.009418755,-0.064566143,-0.215574645,-0.013017585,0.192965752,1.968332188,2.033013474,-0.02337644,-1.391803372,-2.234211255,-2.040623133,1.928606797,0.034381269,-1.726119046,-0.210824248,-0.348391828,-0.135958464,-1.108638406,0.114209332,6,0
80722024,-0.056595398,-0.51435917,-0.680123803,-1.286041383,-1.48176177,-0.842617754,-0.848800382,-0.339450098,-0.014205862,-0.2487912,-0.837344294,-0.672790347,-0.232603234,-0.934141013,-0.116103832,0.031987599,0.028561309,-0.066090116,-2.371192461,-0.044582344,-0.06599347,-0.059687907,0.17448007,-0.042889433,-1.938877275,-0.194771102,-0.473503689,-0.006336945,-0.008818553,-0.009418755,0.12591902,-0.107777562,0.07666319,-0.114309781,1.685176988,1.746253151,-0.02337644,-1.391803372,-1.938794835,-1.882482468,1.796535683,0.066889695,-1.726119046,-0.210824248,-0.357833225,0.004920249,-0.727587034,0.071354058,6,0
81012023,-3.759299798,-3.018766596,-2.145039273,-1.109199978,-0.989539187,-0.979314616,-0.986763686,-0.326539071,-0.490307748,-3.377484037,-1.845795691,-1.07484638,-0.263737311,-0.746416973,-0.277129141,0.407793664,-0.187976559,-0.136242874,-0.133838519,-0.174770587,-0.196094664,-0.108750413,0.101882876,0.009027127,-0.348610579,-0.057256198,0.137805198,-0.009098063,-0.031418288,-0.013593927,-3.096493085,-4.242283103,-0.475115258,-0.869377983,-2.734017574,-2.199013702,-0.025109559,1.637347971,2.262309173,2.084096377,-2.208313267,0.273070107,2.09789583,-0.210824248,-1.16268273,-1.527696411,-0.233827799,-0.108730074,D,0
81012024,-2.205044703,-2.487501976,-2.091812604,-1.188915898,-0.974064593,-2.732675166,-2.763335285,-0.306154591,-0.314165202,-3.187499691,-1.920372033,-1.160816246,-0.255407152,-0.678253586,-0.263437131,0.347170211,0.193544879,-0.126361801,0.077896866,-0.143955489,-0.159162217,-0.113523464,0.100434355,0.037541857,-0.310129072,-0.056956198,0.160262474,-0.006336945,-0.008818553,-0.011604709,-2.31979455,-4.976508368,-0.729432725,-1.379426161,-1.403505438,-0.68388212,-0.027009048,1.966552364,2.065859336,1.975579399,-2.082779493,0.704768671,2.024182227,-0.210824248,-2.266185569,-2.649675352,-0.233827799,-0.108730074,9,0
81032023,0.867219938,0.201862398,-0.104129136,-0.047312782,-0.104795753,-0.861494534,-0.867846776,-0.044549518,0.033955905,-0.015605188,-0.092485534,-0.307494153,-0.078761954,0.399713049,-0.023949378,0.605566465,0.061090107,-0.007981885,0.004577224,-0.001822143,-0.019858075,0.028435675,0.054191851,-0.107575285,-0.04571544,-0.23551657,-0.156560177,-0.00515385,0.015331355,-0.008458139,-0.035588178,-0.088934215,0.182303646,0.76534584,0.44169362,0.680805362,-0.019993302,-0.176679028,-0.206637369,-0.260156814,0.293634323,-0.034442993,-0.192385029,-0.210824248,0.52020006,0.598910764,0.123454925,0.012709081,5,0
81032024,0.92438422,0.321033388,-0.011072206,-0.169193225,-0.198939125,-0.642479462,-0.646970338,0.090538459,0.064327281,0.199843115,-0.041851802,-0.2773916,-0.060938286,0.436706817,0.061488834,0.59878579,0.065454007,0.005308962,-0.135269107,0.031446379,0.01229999,0.020179455,0.019040163,-0.06737149,-0.407614351,-0.33331256,-0.183353814,-0.006336945,-0.008818553,-0.006724489,0.658753688,0.439818315,0.218409589,0.581431104,0.872605862,1.006768156,-0.021923723,-0.543360684,-0.605858307,-0.724893993,0.745706742,0.213004737,-0.90731198,-0.210824248,0.564241432,0.846432192,-0.640006729,0.064484152,5,0
81312023,1.415525798,0.919629038,0.683228085,-0.390095458,-0.295184908,1.043278658,1.043916075,0.534764351,0.525118924,1.158511914,0.571731143,0.442679573,-0.151481705,-0.439086659,0.606675679,0.682951813,0.028561309,-4.44E-05,-0.414831882,0.055410397,0.034927843,0.183073028,-0.084324013,-0.41408748,-1.938877275,-0.730895388,0.733751055,-0.006731341,0.069505629,-0.002222523,0.066801963,-0.127769043,0.074856461,-0.123434554,2.013719302,1.972513185,-0.022957195,-1.391803372,-1.81279108,-1.80399732,1.729644561,0.391210092,-1.726119046,-0.210824248,-0.193244123,-0.06476344,-0.607314713,0.062001134,5,0
81312024,1.506540503,0.903518482,0.639104283,-0.25442724,-0.226361592,1.043278658,1.043916075,0.534786431,0.591348956,1.090958283,0.684598691,0.516632782,-0.054877965,-0.140223085,0.566570593,0.894232193,0.028561309,0.083552612,-0.425967009,0.151333352,0.130323333,0.169520424,-0.037158241,-0.141274684,-1.938877275,-0.685799881,0.182427521,-0.006336945,-0.008818553,0.003299747,-0.791437808,-0.600707466,0.108925205,0.080270358,1.80939007,1.745782654,-0.023143112,-1.391803372,-1.644845073,-1.689878368,1.63098151,0.405763339,-1.726119046,-0.210824248,0.043345012,0.192037345,-0.504923102,0.05445508,5,0
82012023,-0.639167969,-1.550791869,-1.960653382,-1.44259814,-1.632275788,-1.214418587,-1.224247941,-0.292390354,-0.250813506,-1.66348161,-1.201933087,-0.848554088,-0.248327366,-0.858234036,-0.221922155,0.34092951,-0.039345515,-0.099212321,-1.176653846,-0.108176421,-0.131423806,-0.09391256,0.087763706,-0.025012724,-1.938877275,-0.100155089,1.079935468,-0.007914629,-0.04480331,-0.043526146,-1.345928542,-0.977877388,-0.569644897,-0.764535896,0.712882186,0.799413598,-0.023639073,-1.135980066,-0.690726421,-0.818414839,0.834854682,0.256065418,-1.726119046,-0.210824248,-0.80000079,-0.847989153,-0.233827799,-0.108730074,7,0
82012024,-0.74314278,-1.70681089,-2.092476334,-1.635971334,-1.771972277,-1.214418587,-1.224247941,-0.344689613,-0.243591281,-1.754039382,-1.26339051,-0.888676394,-0.246433857,-0.850380628,-0.225350248,0.380779861,0.14646045,-0.096129619,-1.148122885,-0.098620036,-0.121237954,-0.083193049,0.09384657,-0.025556146,-1.938877275,-0.096606729,1.079935468,-0.006336945,-0.008818553,-0.030649626,-1.071354108,-0.814503794,-0.434654534,-0.482969647,0.899167382,0.816284872,-0.023747972,-1.135980066,-0.794434548,-0.930590259,0.940930948,0.246164318,-1.726119046,-0.210824248,-0.758775446,-0.726441879,-0.233827799,-0.108730074,7,0
82222023,-0.765782933,-0.978941366,-1.201661309,-0.982783131,-0.797757099,-1.069221261,-1.077550872,-0.311538014,-0.210012026,-1.21501315,-1.032482437,-0.782615422,-0.237862038,-1.352381293,-0.19540656,0.192666329,0.027261586,-0.060213041,-0.282103877,-0.060788368,-0.080394328,-0.108069323,0.079857178,-0.008389235,-0.1859793,-0.059298074,1.792665526,0.003911982,-0.00170792,-0.00963698,0.095077317,0.061636874,-0.109684447,-0.58930677,0.554410001,0.022437605,-0.017237429,0.729721285,0.074595212,0.079112627,-0.045413872,-0.303478388,0.452377918,-0.210824248,-0.249069915,-0.193905515,0.706572465,-0.022757821,7,0
82492023,0.968930916,0.111178164,0.200854415,0.151081539,-0.068419521,-0.033850577,-0.034473542,0.091551932,0.045223446,0.444070384,-0.070523143,-0.19084731,-0.156745491,-0.232410276,-0.115979072,0.439525299,0.023160962,-0.019820066,0.121880804,-0.004282602,-0.02124601,-0.047205349,0.427246923,-0.100932176,0.157801357,-0.209349811,-0.352368754,-0.00357661,-0.002401818,-0.008922362,2.487971285,1.918251131,0.039879514,-0.289162703,-0.159035491,0.300709829,-0.019486514,0.199266888,-0.684352032,-0.811872928,0.828639468,1.641115357,-0.181166956,-0.210824248,0.008531068,0.124400593,-0.291200415,0.039558979,5,0
82492024,1.135762025,0.301391032,0.385405558,0.347213972,0.13771075,-0.159650888,-0.160906872,0.092222755,0.075827049,0.609361435,0.147334906,-0.032984794,-0.105516408,-0.13612484,-0.094921209,0.395029096,0.031690554,0.028228689,0.177089481,0.041392121,0.024779418,0.034145636,0.131457415,-0.099862236,0.157801357,-0.263383612,0.329825617,-0.006336945,-0.008818553,-0.008295193,1.700056318,1.178383376,0.069626433,0.407110812,-0.257571865,0.25593139,-0.020422869,0.019338531,-0.552923946,-0.664812873,0.688102096,1.74247468,-0.298990393,-0.210824248,0.480947221,0.556199078,-0.614832837,0.062568667,5,0
82612023,0.101038933,0.314382238,0.03257268,-0.646949816,-0.9039739,-0.319851162,-0.322042208,0.697302581,-0.04714586,0.468794171,-0.117457827,-0.271391157,-0.125853261,-0.010321157,0.121313644,0.660481055,0.028561309,-0.005649018,-1.601340302,0.00906696,-0.012411891,-0.017482812,0.189734507,-0.174676063,-1.938877275,-0.348386662,1.455576115,-0.007520183,-0.009325865,0.166538415,0.279146676,-0.013303079,0.076298086,-0.435254261,1.667660421,1.628329288,-0.023365834,-1.391803372,-1.91184617,-1.865630718,1.782243519,1.042481446,-1.726119046,-0.210824248,0.253296477,0.38297181,-0.93223966,0.089320556,6,0
82612024,-0.013251889,0.397989265,0.07992061,-0.608591516,-0.851838354,-0.313934588,-0.316088592,0.698524881,-0.00982872,0.516294079,-0.101730676,-0.276307908,-0.10989575,-0.173808437,0.165810491,0.599969549,0.028561309,0.026609581,-1.510704672,0.066738929,0.045061254,0.046436694,-0.039109553,-0.095970517,-1.938877275,-0.424553469,1.270628414,-0.006336945,-0.008818553,0.189088368,0.720818418,0.236591839,0.136748961,0.545312763,1.710651039,1.739933239,-0.023365834,-1.391803372,-1.891100611,-1.853619843,1.772033114,1.105358351,-1.726119046,-0.210824248,0.575121851,0.904501172,-0.388386,0.046211912,6,0
82712023,0.341510257,0.418457453,0.097257306,0.091033829,-0.117425903,-0.269676843,-0.271559806,0.070961244,0.0917341,0.315697647,0.57010782,0.312666332,0.057189215,0.731609351,0.059208885,0.742899157,-0.001205419,0.072502696,-0.084685611,0.080457446,0.0613872,-0.018337649,0.050534789,-0.158627537,-0.706163434,-0.167569069,0.588705866,-0.006731341,-0.007604777,-0.00574397,0.79090731,0.475521027,0.16642794,-0.286463552,0.520641975,-0.094069115,-0.022488735,-0.85445211,-0.612507938,-0.731944239,0.752449449,0.404474345,-1.337991776,-0.210824248,0.986411235,0.981186254,-0.561562903,0.05858908,5,0
82712024,0.349430922,0.390224451,0.076164457,-0.032535299,-0.238261731,-0.210069449,-0.211604377,0.150354689,0.075111352,0.34724062,0.589362206,0.38903471,-0.026781972,0.673769797,0.072968874,0.724238667,0.077024704,-0.006040062,-0.031313998,-0.000223401,-0.018543504,-0.127959035,0.129545069,-0.009628829,-0.345754626,-0.154167102,0.137805198,-0.006336945,-0.008818553,-0.00826503,0.221568037,0.043446874,0.015323001,-0.960630054,0.719761491,0.175515339,-0.021151888,-0.797992738,-0.835092635,-0.972936329,0.980725952,0.444444227,-0.891355372,-0.210824248,0.197584715,0.239848449,-0.947408669,0.090827033,5,0
83742023,-0.41432148,-0.328431832,-0.571222967,-0.497902995,-0.621116471,-0.38240225,-0.38499646,-0.172068949,-0.139385689,-0.374043471,-0.071503768,-0.201738038,-0.14790831,0.307291836,-0.129309691,-0.426591139,-1.357076552,-0.07271043,-0.337956271,-0.077203843,-0.095755469,-0.046457338,0.094471565,-0.083606971,-0.500367997,-0.092203317,0.464782627,-0.021336061,-0.069051541,-0.010527881,-0.456764611,-0.434479436,-0.04795409,0.226856603,0.521514673,0.459123401,-0.035875598,-0.716968254,-0.602784526,-0.721098913,0.742075726,0.171392136,-0.759582312,-0.210824248,-0.421558078,-0.449614384,-0.233827799,-1.234988415,6,0
83742024,0.456380141,0.063637959,-0.037684463,-0.040823821,0.064352247,-0.38240225,-0.38499646,-0.142185939,-0.134572172,-0.067170833,0.055799945,-0.130223279,-0.100684082,0.420882928,-0.084566772,-0.135478234,-0.140023939,-0.036053668,-0.079198108,-0.032696986,-0.051234202,-0.015774451,0.026283399,0.279695416,0.109773482,-0.080908318,2.058621902,-0.006336945,-0.008818553,-0.009013328,0.070484525,0.012411343,0.038263874,0.496478495,0.191608942,0.284078954,-0.019250913,-0.474901572,0.130752088,0.146800203,-0.113938106,0.640091875,0.125344045,-0.210824248,-0.040430175,0.008007608,-0.604715063,0.061805359,6,0
84382023,-0.096061786,-0.781150892,-0.602399121,-0.513849305,-0.455092363,-1.039514499,-1.047549044,-0.042364415,-0.158932461,-0.543992867,-0.069831886,-0.153101737,-0.190882084,-0.435542922,-0.209150889,-0.41111096,0.065673986,-0.043264992,-0.091448182,-0.046588914,-0.06515992,-0.035125974,0.104746462,-0.065590211,-0.10781475,-0.072310763,-0.130139395,-0.002393842,-0.010853578,-0.009426778,-0.076600787,-0.116537877,-0.001719532,0.297639027,-0.186680758,0.227935324,-0.016669105,-0.24975275,-0.151368168,-0.193581349,0.227688147,-0.775139953,0.081764585,-0.210824248,0.038070836,0.030744092,-0.485157594,0.053033583,6,0
84382024,-0.242770561,-0.803526041,-0.581650417,-0.53420095,-0.484316752,-1.039514499,-1.047549044,-0.042364415,-0.144800576,-0.484694355,0.003186569,-0.105240655,-0.174092042,-0.390345862,-0.209887534,-0.363527634,0.03396898,-0.027681924,-0.086498086,-0.02754283,-0.046148383,-0.044725045,0.084069589,-0.094994433,-0.221891767,-0.080579508,-0.05304363,-0.006336945,-0.008818553,-0.00882962,0.340811597,0.229905556,0.020294171,0.125728096,-0.176260639,0.239757736,-0.019555733,-0.409652283,-0.265624747,-0.330657343,0.363151791,-0.753333908,-0.185229114,-0.210824248,0.301753759,0.328430995,-0.142334216,0.029674803,6,0
84432023,-0.656491526,-1.073746327,-1.057165082,-0.594672949,-0.594941587,-1.108877953,-1.117607738,-0.163403606,-0.291686595,-1.213200595,-0.694797958,-0.817659177,-0.135738222,0.370321825,-0.234038262,-0.180564863,0.028561309,-0.067263533,-0.404722425,-0.07050582,-0.090582681,-0.027410872,0.084536552,-0.062394207,-1.938877275,-0.107245423,-1.621308784,-0.11282307,0.435527592,-0.010094401,-0.289498801,-0.277540004,0.490586002,1.624813264,-0.50114739,-0.568737507,-0.007782726,-1.391803372,0.397830431,0.465654276,-0.440637584,-0.180935498,-1.726119046,-0.210824248,-0.373197138,-0.358339669,2.062557674,-0.108730074,8,0
84432024,-0.824150624,-1.093063559,-1.083150195,-0.596231835,-0.589574491,-1.108877953,-1.117607738,-0.163403606,-0.311310111,-1.276516601,-0.71758472,-0.802016832,-0.148155961,0.378096084,-0.235713236,-0.23267384,0.028561309,-0.093582852,-0.308605441,-0.097205696,-0.116061984,-0.055203844,0.087844849,-0.062187655,-1.938877275,-0.10461116,-1.723149243,-0.006336945,-0.008818553,-0.011426439,-0.715763097,-0.700650192,0.904175959,0.49476897,-0.531960624,-0.608007201,-0.027790997,-1.391803372,0.480202588,0.562072069,-0.540699049,-0.142592305,-1.726119046,-0.210824248,-0.701969035,-0.689233397,-0.233827799,-0.108730074,8,0
84762023,-0.796967559,-0.220819655,-0.612201595,-0.563958952,-0.623456787,-0.816344728,-0.822294133,-0.11053524,-0.128911902,-0.431690923,-0.522203086,-0.591451706,-0.158607025,-1.05807741,-0.095002404,-0.664605972,0.057069425,0.01819806,-0.283797498,0.016655572,-0.003183194,-0.136687539,0.099339818,0.002880206,-0.268699202,-0.070961729,1.280275787,-0.006731341,-0.013730056,-0.005968402,1.379100188,1.034729375,-0.153157525,-1.05047791,0.815433286,-0.581384929,-0.022488735,-0.287932572,-0.541471757,-0.651849465,0.675639379,0.57387686,-0.310153071,-0.210824248,0.870456676,0.810006097,0.161097943,0.010360445,7,0
84812023,0.165216332,-0.755536442,-1.03719879,-1.310304093,-1.616472715,-1.113393956,-1.122169765,-0.254458046,-0.102897523,-0.614184233,-0.801918116,-0.774406233,-0.183218131,-0.362477725,-0.154197273,0.15798497,0.011894465,-0.039511232,-1.123604658,-0.040573098,-0.061843283,-0.049191801,0.087475868,-0.093977853,-1.938877275,-0.153876855,1.406296142,-0.007520183,0.002621977,0.00553208,0.352173229,0.046690534,-0.060197516,-0.490553802,1.452365126,1.483028107,-0.023181486,-1.391803372,-1.750286591,-1.763003667,1.6943869,0.005066904,-1.726119046,-0.210824248,0.125476255,0.151499285,-1.126789754,0.122186686,5,0
84812024,-0.010787795,-0.673548729,-0.977804324,-1.311519136,-1.595440295,-1.113393956,-1.122169765,-0.254458046,-0.093413992,-0.553640438,-0.724469397,-0.750835755,-0.16769364,-0.328702134,-0.142194761,0.134531332,0.031776495,-0.024775587,-1.048546292,-0.02042822,-0.041680145,-0.046328548,0.046245748,-0.062359119,-1.938877275,-0.136598459,1.280275787,-0.006336945,-0.008818553,0.008841509,1.233958903,0.548694358,-0.046935988,-0.000613658,1.547925844,1.391665309,-0.023219397,-1.391803372,-1.783199726,-1.78495757,1.713295335,0.080355163,-1.726119046,-0.210824248,0.386320021,0.477522513,-0.837499622,0.080566406,5,0
89402023,-0.769158735,-1.711219606,-0.87813842,-0.653031355,-0.35927842,-1.093263028,-1.10183439,-0.26532559,-0.261280824,-1.248914923,-0.523295371,-0.694130073,-0.113858494,0.32091339,-0.274156754,-1.598313375,0.028561309,-0.034083612,0.028834336,-0.040466152,-0.058134857,-0.025352487,0.062869449,-0.076171923,-0.294841508,-0.066554376,0.464782627,-0.002788083,0.026500424,-0.00949512,0.260336965,0.623068104,0.113105784,0.635813632,-1.554179066,-0.679996076,-0.016605499,0.13355864,0.830661347,0.952223419,-0.951743744,-1.249467889,0.227097744,-0.210824248,0.214132486,0.145950646,2.062557674,-0.108730074,6,0
89402024,-0.60536181,-1.634161246,-0.828475424,-0.698235244,-0.316477373,-1.093263028,-1.10183439,-0.26532559,-0.25381989,-1.218261989,-0.460909149,-0.650043281,-0.104169204,0.407387328,-0.26506966,-1.598313375,0.028561309,-0.037587776,-0.052176978,-0.038278395,-0.056602853,-0.022720236,0.069604892,-0.068234366,-0.39545654,-0.076497981,-0.210527625,-0.006336945,-0.008818553,-0.009256933,-0.214264316,-0.140204573,0.099901237,0.590047072,-1.264011378,-0.46577121,0.000972071,-0.431059233,0.866600695,0.990618918,-0.992741271,-1.28148297,-0.024952263,-0.210824248,0.152802533,0.181467412,2.062557674,-0.108730074,6,0
89962023,-0.100568635,-0.081587635,-0.1373475,-0.301665953,-0.047663678,-0.686353756,-0.691198615,0.031488567,-0.079160045,-0.13032627,0.167756298,-0.074114192,-0.040450235,0.12637607,-0.08711211,0.41601294,0.072147243,0.072676961,0.312496133,0.076715191,0.061599418,0.023542919,0.028167683,-0.023537661,0.171711886,-0.036158185,2.369640234,-0.005548199,-0.016537597,-0.008330472,1.145161887,1.159545258,-0.098906499,0.809957871,0.504950928,0.231328344,-0.020918783,0.272987968,0.021383975,0.014896606,0.019326733,-0.444748354,0.291872656,-0.210824248,1.476789794,1.412171812,-0.240019834,0.036122785,5,0
89962024,0.763695539,0.21117666,0.061246287,0.111601857,0.099148983,-0.65462849,-0.659216423,0.180567521,-0.045607935,0.084369119,0.114144124,-0.127257661,-0.045605192,0.183135193,-0.059894289,0.531888673,-0.101347446,0.06015472,0.131924665,0.08076078,0.063453108,0.073676322,0.057091688,0.140663099,0.265328293,-0.093826204,2.458297055,-0.006336945,-0.008818553,-0.007392957,1.059336652,0.980915085,-0.058536443,0.953405873,0.115977534,0.26086759,-0.021820928,-0.011137651,0.007204906,-0.002361389,0.036680914,-0.413636753,0.284140151,-0.210824248,1.276279446,1.41959621,-0.230046313,0.035458062,5,0
99022023,-1.228936408,-1.387525794,-1.302768059,-1.877018399,-2.030426699,-0.560192571,-0.564045662,-0.313135046,-0.190792843,-0.832641466,-1.53530409,-0.965714413,-0.260760072,-2.468254764,-0.203646644,-1.598313375,0.026189062,-0.07325135,-1.343387088,-0.067211973,-0.088591505,-0.097107355,0.093178177,-0.026648359,-1.938877275,-0.106848826,-0.003384343,-0.00830909,-0.021303813,-0.002148379,-0.129258897,-0.248573975,-0.201535649,-0.540797947,1.678826333,1.493595176,-0.023025437,-1.102267789,-2.057074204,-1.949730852,1.853166474,1.038325311,-1.726119046,-0.210824248,-0.430877452,-0.339989811,-1.015123407,0.098122102,8,0
99022024,-1.008251192,-1.358515661,-1.282274521,-1.869486745,-2.029684545,-0.560192571,-0.564045662,-0.314467654,-0.18672254,-0.811840319,-1.642168391,-1.04216602,-0.254705686,-2.396067075,-0.201796742,-1.598313375,0.026826758,-0.065211511,-1.599134808,-0.061106093,-0.082511634,-0.064581012,0.098625767,-0.032603239,-1.938877275,-0.112003256,0.369588644,-0.006336945,-0.008818553,0.024968477,0.087691821,-0.128391919,-0.149672421,0.007324387,1.696373594,1.612011895,-0.023315603,-1.391803372,-2.075823138,-1.960096289,1.861835813,1.053507789,-1.726119046,-0.210824248,-0.352318022,-0.265295247,0.084804975,0.015132742,8,0
99122023,-1.38488945,-1.817561538,-1.859168501,-1.051590613,-1.333263724,-1.407307304,-1.419273149,-0.328628238,-0.220000562,-1.73399127,-1.208491001,-0.937426787,-0.225457071,-0.528848228,-0.249160737,0.125057048,0.031198527,-0.082185529,-0.337690147,-0.096350443,-0.115448079,-0.064099061,0.094382578,-0.040610277,-0.489654472,-0.06844716,0.160262474,-0.013438613,-0.008818553,-0.011471094,-0.905184082,-0.785526745,0.699263882,0.887243686,-0.604346157,-0.763540472,-0.027553673,0.790498829,-0.173667368,-0.220503896,0.254391027,0.204131462,0.129466845,-0.210824248,-0.598255134,-0.73484666,-0.233827799,-0.108730074,9,0
99292023,-0.626058806,-1.377659461,-0.850659009,-0.834310969,-0.350645989,-0.516876676,-0.520407904,-0.360415997,-0.240868461,-1.197073299,-1.017105571,-0.740637662,-0.249962262,-1.5694854,-0.238548999,-1.598313375,0.032174445,-0.070248628,0.110068201,-0.142617355,-0.156940094,-0.067360698,0.169872559,-0.054417341,-1.172817739,-0.107641749,-0.323177603,-0.037947737,-0.574116865,-0.011486038,-0.890946311,-0.839184182,0.670629739,-0.038473526,-0.418712256,0.07320194,-0.02755573,-1.170359437,0.783644597,0.902139787,-0.89841586,0.073102903,-1.478248974,-0.210824248,-0.405610078,-0.94528653,-0.233827799,-0.108730074,8,0
99292024,-0.5976727,-1.449048803,-0.934506811,-0.889714645,-0.450047328,-0.516876676,-0.520407904,-0.360415997,-0.246095125,-1.195908541,-1.058785535,-0.762229697,-0.250729672,-1.512961663,-0.239496481,-1.598313375,-0.440850198,-0.073274505,0.306781709,-0.085928262,-0.094059936,-0.040269631,0.093077103,-0.079787871,-1.172817739,-0.107510599,-0.352368754,-0.006336945,-0.008818553,-0.010515726,-0.39257417,-0.386631533,0.700193762,0.780201537,-0.399012266,0.108810428,1.966061055,-1.241198968,0.6158924,0.71730651,-0.703053877,0.090161884,-1.478248974,-0.210824248,-0.429744864,-0.514060996,-0.233827799,-0.108730074,8,0
99312023,-0.731000397,-0.328253436,0.060284942,0.26852883,0.256937801,-0.293597757,-0.295625888,-0.328779594,-0.068572349,-0.135453314,-0.668488203,-0.585713541,-0.219291375,-1.771897103,-0.302229682,-1.598313375,0.028561309,-0.033079029,-0.724251493,-0.027845818,-0.048755852,-0.02711942,0.024950737,0.024834779,-0.093782415,-0.105806058,-0.078388004,-0.007520183,-0.008312174,-0.003437404,0.266603268,0.408345936,-0.053874329,0.151057674,-1.376390771,-0.818505846,-0.022838432,0.655979304,0.538318579,0.629066045,-0.61057524,-1.323322114,-0.192641719,-0.210824248,-0.033418769,0.026252744,-0.457141058,0.051035915,5,0
99312024,-0.575945944,-0.314811294,0.086480464,0.176719378,0.210853696,-0.293597757,-0.295625888,-0.328779594,-0.037894443,-0.00230587,-0.370680724,-0.415973265,-0.184723965,-1.123999845,-0.261209213,-1.598313375,0.028561309,-0.00813096,-0.53851338,0.015374488,-0.005290477,0.062894892,0.035131161,-0.181627152,-0.492526081,-0.175754658,-0.70377335,-0.006336945,-0.008818553,-0.002527003,0.691050635,0.846147281,0.003625188,0.79769807,-1.084164889,-0.430178617,-0.022932859,-0.409652283,0.297840097,0.347240911,-0.318558783,-1.413724829,-0.934817293,-0.210824248,0.216022393,0.424922564,-0.268258739,0.038013393,5,0
99442023,0.729476974,0.081947833,0.041434852,-0.069768444,0.043798476,-0.419097071,-0.42193753,-0.210879469,0.081123508,0.10389032,-0.316689373,-0.38396822,-0.175774922,0.190677902,-0.070896837,0.479175498,-0.387458827,-0.098194249,0.249249645,0.004422039,-0.011124451,-0.064486379,0.119739687,-0.022591161,0.297008011,-0.070461751,-0.70377335,-0.006336945,-0.008818553,-0.009122441,-0.110167802,-0.140204573,-0.061102384,-0.262680356,0.286308088,0.2619173,-0.015964598,0.9467723,-0.10683137,-0.140361153,0.174763755,-0.487272535,0.324696297,-0.210824248,-0.611690281,0.396829537,0.475362189,-0.008882151,6,0
99552023,-1.509349688,-1.492810207,-0.612589958,-0.472051358,-0.270391937,-0.491882601,-0.495232513,0.082489835,-0.494812168,-0.788398577,-0.715567511,-0.548192492,-0.255968475,-1.201759665,-0.283144675,-0.471695549,0.028561309,-0.09457771,0.281352522,-0.113481685,-0.121094666,-0.068303337,0.055761278,0.002981183,0.188369144,-0.012146453,0.86472421,0.021235005,-0.030840264,-0.010794482,-0.698152051,-0.676740527,-0.062307574,-0.084393334,-1.666973006,-1.413373855,-0.034439619,1.343635229,0.433548987,0.50774915,-0.484250259,-1.276253081,0.920370417,-0.210824248,-0.596168041,-0.714249929,-0.233827799,-0.108730074,8,0
99552024,-1.412452739,-1.696209168,-0.659363756,-0.434582846,-0.269594096,-0.475307965,-0.478539427,0.094721612,-0.564561814,-0.894636676,-0.685566596,-0.516788356,-0.263632096,-1.03632461,-0.301418163,-0.274208943,0.028561309,-0.116862498,0.318690349,-0.154277823,-0.162622544,-0.056395155,0.073814647,-0.025986282,0.184880739,-0.015630271,1.158141435,-0.006336945,-0.008818553,-0.011169889,-0.971287189,-0.953080212,-0.102750587,0.171565163,-2.230999832,-1.197002154,-0.029065319,1.365311481,0.560730567,0.654595943,-0.637279519,-1.368145457,1.016714764,-0.210824248,-0.768226849,-1.016644629,-0.233827799,-0.108730074,8,0
